characterId,codename,rigFamily,modelKind,partName,path,loadPath,pathHashHead,pathHashHex,assetSize,bundleIndex,bundleName,bundleHashName,bundleHashHex
chr_0002_endminm,endminm,Boy,postmodel,chr_0002_endminm_postmodel,assets/beyond/dynamicassets/gameplay/actors/postmodels/characters/chr_0002_endminm_postmodel.prefab,assets/beyond/dynamicassets/gameplay/actors/postmodels/characters/chr_0002_endminm_postmodel.prefab,796872092643041424,0x0B0F0EF23D692090,520,199461,main/d678052c467064e2203f653b.ab,806744926581867205,0x0B32223C8542C2C5
chr_0002_endminm,endminm,Boy,model_asset,,assets/beyond/arts/entity/actor/boy/endminm/models/s_actor_endminm_body_01_lod0.asset,,,,534065,81848,main/579b739d6ff7c6e9ea1d49b6.ab,,
chr_0002_endminm,endminm,Boy,model_asset,,assets/beyond/arts/entity/actor/boy/endminm/models/s_actor_endminm_cloth_01_lod0.asset,,,,2909138,30063,main/1f672499823027eed18aedc7.ab,,
chr_0002_endminm,endminm,Boy,model_asset,,assets/beyond/arts/entity/actor/boy/endminm/models/s_actor_endminm_cloth_02_lod0.asset,,,,1899258,45637,main/304d0046e86250dc89fadccf.ab,,
chr_0002_endminm,endminm,Boy,model_asset,,assets/beyond/arts/entity/actor/boy/endminm/models/s_actor_endminm_cloth_03_lod0.asset,,,,162458,232453,main/fa2f65df05c32c6520fc343a.ab,,
chr_0002_endminm,endminm,Boy,model_asset,,assets/beyond/arts/entity/actor/boy/endminm/models/s_actor_endminm_cloth_04_lod0.asset,,,,1053130,12820,main/0cddf52d3a55af50f623c6ae.ab,,
chr_0002_endminm,endminm,Boy,model_asset,,assets/beyond/arts/entity/actor/boy/endminm/models/s_actor_endminm_cloth_05_lod0.asset,,,,6094,65253,main/45767cff6621ffb09b51c33f.ab,,
chr_0002_endminm,endminm,Boy,model_asset,,assets/beyond/arts/entity/actor/boy/endminm/models/s_actor_endminm_face_01_lod0.asset,,,,292109,19552,main/140fed592391f34e5166b695.ab,,
chr_0002_endminm,endminm,Boy,model_asset,,assets/beyond/arts/entity/actor/boy/endminm/models/s_actor_endminm_hair_01_lod0.asset,,,,1354953,227068,main/f457057d9499382894ad4adb.ab,,
chr_0002_endminm,endminm,Boy,model_asset,,assets/beyond/arts/entity/actor/boy/endminm/models/sk_actor_endminm_01.fbx,,,,0,58356,main/3e05ef64c673070344b347e4.ab,,
chr_0002_endminm,endminm,Boy,model_asset,,assets/beyond/arts/entity/actor/boy/endminm/models/sk_actor_endminm_01.fbx,,,,0,58356,main/3e05ef64c673070344b347e4.ab,,
chr_0002_endminm,endminm,Boy,model_asset,,assets/beyond/arts/entity/actor/boy/endminm/models/sk_actor_endminm_01.fbx,,,,0,58356,main/3e05ef64c673070344b347e4.ab,,
chr_0002_endminm,endminm,Boy,model_asset,,assets/beyond/arts/entity/actor/boy/endminm/models/sk_actor_endminm_01.fbx,,,,0,58356,main/3e05ef64c673070344b347e4.ab,,
chr_0002_endminm,endminm,Boy,model_asset,,assets/beyond/arts/entity/actor/boy/endminm/models/sk_actor_endminm_01.fbx,,,,0,58356,main/3e05ef64c673070344b347e4.ab,,
chr_0002_endminm,endminm,Boy,model_asset,,assets/beyond/arts/entity/actor/boy/endminm/models/sk_actor_endminm_01.fbx,,,,0,58356,main/3e05ef64c673070344b347e4.ab,,
chr_0002_endminm,endminm,Boy,model_asset,,assets/beyond/arts/entity/actor/boy/endminm/models/sk_actor_endminm_01.fbx,,,,0,58356,main/3e05ef64c673070344b347e4.ab,,
chr_0002_endminm,endminm,Boy,model_asset,,assets/beyond/arts/entity/actor/boy/endminm/models/sk_actor_endminm_01.fbx,,,,0,58356,main/3e05ef64c673070344b347e4.ab,,
chr_0002_endminm,endminm,Boy,model_asset,,assets/beyond/arts/entity/actor/boy/endminm/models/sk_actor_endminm_01.fbx,,,,0,58356,main/3e05ef64c673070344b347e4.ab,,
chr_0002_endminm,endminm,Boy,model_asset,,assets/beyond/arts/entity/actor/boy/endminm/models/sk_actor_endminm_01.fbx,,,,0,58356,main/3e05ef64c673070344b347e4.ab,,
chr_0002_endminm,endminm,Boy,model_asset,,assets/beyond/arts/entity/actor/boy/endminm/models/sk_actor_endminm_01.fbx,,,,0,58356,main/3e05ef64c673070344b347e4.ab,,
chr_0002_endminm,endminm,Boy,model_asset,,assets/beyond/arts/entity/actor/boy/endminm/models/sk_actor_endminm_01.fbx,,,,0,58356,main/3e05ef64c673070344b347e4.ab,,
chr_0002_endminm,endminm,Boy,model_asset,,assets/beyond/arts/entity/actor/boy/endminm/models/sk_actor_endminm_01.fbx,,,,0,58356,main/3e05ef64c673070344b347e4.ab,,
chr_0002_endminm,endminm,Boy,model_asset,,assets/beyond/arts/entity/actor/boy/endminm/models/sk_actor_endminm_01.fbx,,,,0,58356,main/3e05ef64c673070344b347e4.ab,,
chr_0002_endminm,endminm,Boy,model_asset,,assets/beyond/arts/entity/actor/boy/endminm/models/sk_actor_endminm_01.fbx,,,,0,58356,main/3e05ef64c673070344b347e4.ab,,
chr_0002_endminm,endminm,Boy,model_asset,,assets/beyond/arts/entity/actor/boy/endminm/models/sk_actor_endminm_01.fbx,,,,0,58356,main/3e05ef64c673070344b347e4.ab,,
chr_0002_endminm,endminm,Boy,model_asset,,assets/beyond/arts/entity/actor/boy/endminm/models/sk_actor_endminm_01.fbx,,,,0,58356,main/3e05ef64c673070344b347e4.ab,,
chr_0002_endminm,endminm,Boy,model_asset,,assets/beyond/arts/entity/actor/boy/endminm/models/sk_actor_endminm_01.fbx,,,,0,58356,main/3e05ef64c673070344b347e4.ab,,
chr_0002_endminm,endminm,Boy,model_asset,,assets/beyond/arts/entity/actor/boy/endminm/models/sk_actor_endminm_01.fbx,,,,0,58356,main/3e05ef64c673070344b347e4.ab,,
chr_0002_endminm,endminm,Boy,model_asset,,assets/beyond/arts/entity/actor/boy/endminm/models/sk_actor_endminm_01.fbx,,,,0,58356,main/3e05ef64c673070344b347e4.ab,,
chr_0002_endminm,endminm,Boy,model_asset,,assets/beyond/arts/entity/actor/boy/endminm/models/sk_actor_endminm_01.fbx,,,,0,58356,main/3e05ef64c673070344b347e4.ab,,
chr_0002_endminm,endminm,Boy,model_asset,,assets/beyond/arts/entity/actor/boy/endminm/models/sk_actor_endminm_01.fbx,,,,0,58356,main/3e05ef64c673070344b347e4.ab,,
chr_0002_endminm,endminm,Boy,model_asset,,assets/beyond/arts/entity/actor/boy/endminm/models/sk_actor_endminm_01.fbx,,,,0,58356,main/3e05ef64c673070344b347e4.ab,,
chr_0002_endminm,endminm,Boy,model_asset,,assets/beyond/arts/entity/actor/boy/endminm/models/sk_actor_endminm_01.fbx,,,,0,58356,main/3e05ef64c673070344b347e4.ab,,
chr_0002_endminm,endminm,Boy,model_asset,,assets/beyond/arts/entity/actor/boy/endminm/models/sk_actor_endminm_01.fbx,,,,0,58356,main/3e05ef64c673070344b347e4.ab,,
chr_0002_endminm,endminm,Boy,model_asset,,assets/beyond/arts/entity/actor/boy/endminm/models/sk_actor_endminm_01.fbx,,,,0,58356,main/3e05ef64c673070344b347e4.ab,,
chr_0002_endminm,endminm,Boy,model_asset,,assets/beyond/arts/entity/actor/boy/endminm/models/sk_actor_endminm_01.fbx,,,,0,58356,main/3e05ef64c673070344b347e4.ab,,
chr_0002_endminm,endminm,Boy,model_asset,,assets/beyond/arts/entity/actor/boy/endminm/models/sk_actor_endminm_01.fbx,,,,0,58356,main/3e05ef64c673070344b347e4.ab,,
chr_0002_endminm,endminm,Boy,model_asset,,assets/beyond/arts/entity/actor/boy/endminm/models/sk_actor_endminm_01.fbx,,,,0,58356,main/3e05ef64c673070344b347e4.ab,,
chr_0002_endminm,endminm,Boy,model_asset,,assets/beyond/arts/entity/actor/boy/endminm/models/sk_actor_endminm_01.fbx,,,,0,58356,main/3e05ef64c673070344b347e4.ab,,
chr_0002_endminm,endminm,Boy,model_asset,,assets/beyond/arts/entity/actor/boy/endminm/models/sk_actor_endminm_01.fbx,,,,0,58356,main/3e05ef64c673070344b347e4.ab,,
chr_0002_endminm,endminm,Boy,model_asset,,assets/beyond/arts/entity/actor/boy/endminm/models/sk_actor_endminm_01.fbx,,,,0,58356,main/3e05ef64c673070344b347e4.ab,,
chr_0002_endminm,endminm,Boy,model_asset,,assets/beyond/arts/entity/actor/boy/endminm/models/sk_actor_endminm_01.fbx,,,,0,58356,main/3e05ef64c673070344b347e4.ab,,
chr_0002_endminm,endminm,Boy,model_asset,,assets/beyond/arts/entity/actor/boy/endminm/models/sk_actor_endminm_01.fbx,,,,0,58356,main/3e05ef64c673070344b347e4.ab,,
chr_0002_endminm,endminm,Boy,model_asset,,assets/beyond/arts/entity/actor/boy/endminm/models/sk_actor_endminm_01.fbx,,,,0,58356,main/3e05ef64c673070344b347e4.ab,,
chr_0002_endminm,endminm,Boy,model_asset,,assets/beyond/arts/entity/actor/boy/endminm/models/sk_actor_endminm_01.fbx,,,,0,58356,main/3e05ef64c673070344b347e4.ab,,
chr_0002_endminm,endminm,Boy,model_asset,,assets/beyond/arts/entity/actor/boy/endminm/models/sk_actor_endminm_01.fbx,,,,0,58356,main/3e05ef64c673070344b347e4.ab,,
chr_0002_endminm,endminm,Boy,model_asset,,assets/beyond/arts/entity/actor/boy/endminm/models/sk_actor_endminm_01.fbx,,,,0,58356,main/3e05ef64c673070344b347e4.ab,,
chr_0002_endminm,endminm,Boy,model_asset,,assets/beyond/arts/entity/actor/boy/endminm/models/sk_actor_endminm_01.fbx,,,,0,58356,main/3e05ef64c673070344b347e4.ab,,
chr_0002_endminm,endminm,Boy,model_asset,,assets/beyond/arts/entity/actor/boy/endminm/models/sk_actor_endminm_01.fbx,,,,0,58356,main/3e05ef64c673070344b347e4.ab,,
chr_0002_endminm,endminm,Boy,model_asset,,assets/beyond/arts/entity/actor/boy/endminm/models/sk_actor_endminm_01.fbx,,,,0,58356,main/3e05ef64c673070344b347e4.ab,,
chr_0002_endminm,endminm,Boy,model_asset,,assets/beyond/arts/entity/actor/boy/endminm/models/sk_actor_endminm_01.fbx,,,,0,58356,main/3e05ef64c673070344b347e4.ab,,
chr_0002_endminm,endminm,Boy,model_asset,,assets/beyond/arts/entity/actor/boy/endminm/models/sk_actor_endminm_01.fbx,,,,0,58356,main/3e05ef64c673070344b347e4.ab,,
chr_0002_endminm,endminm,Boy,model_asset,,assets/beyond/arts/entity/actor/boy/endminm/models/sk_actor_endminm_01.fbx,,,,0,58356,main/3e05ef64c673070344b347e4.ab,,
chr_0002_endminm,endminm,Boy,model_asset,,assets/beyond/arts/entity/actor/boy/endminm/models/sk_actor_endminm_01.fbx,,,,0,58356,main/3e05ef64c673070344b347e4.ab,,
chr_0002_endminm,endminm,Boy,model_asset,,assets/beyond/arts/entity/actor/boy/endminm/models/sk_actor_endminm_01.fbx##s_actor_endminm_body_01_lod0,,,,490817,58356,main/3e05ef64c673070344b347e4.ab,,
chr_0002_endminm,endminm,Boy,model_asset,,assets/beyond/arts/entity/actor/boy/endminm/models/sk_actor_endminm_01.fbx##s_actor_endminm_body_01_lod1,,,,490817,58356,main/3e05ef64c673070344b347e4.ab,,
chr_0002_endminm,endminm,Boy,model_asset,,assets/beyond/arts/entity/actor/boy/endminm/models/sk_actor_endminm_01.fbx##s_actor_endminm_body_01_lod2,,,,269121,58356,main/3e05ef64c673070344b347e4.ab,,
chr_0002_endminm,endminm,Boy,model_asset,,assets/beyond/arts/entity/actor/boy/endminm/models/sk_actor_endminm_01.fbx##s_actor_endminm_body_01_lod3,,,,56861,58356,main/3e05ef64c673070344b347e4.ab,,
chr_0002_endminm,endminm,Boy,model_asset,,assets/beyond/arts/entity/actor/boy/endminm/models/sk_actor_endminm_01.fbx##s_actor_endminm_cloth_01_lod0,,,,2663346,58356,main/3e05ef64c673070344b347e4.ab,,
chr_0002_endminm,endminm,Boy,model_asset,,assets/beyond/arts/entity/actor/boy/endminm/models/sk_actor_endminm_01.fbx##s_actor_endminm_cloth_01_lod1,,,,1125954,58356,main/3e05ef64c673070344b347e4.ab,,
chr_0002_endminm,endminm,Boy,model_asset,,assets/beyond/arts/entity/actor/boy/endminm/models/sk_actor_endminm_01.fbx##s_actor_endminm_cloth_01_lod2,,,,548898,58356,main/3e05ef64c673070344b347e4.ab,,
chr_0002_endminm,endminm,Boy,model_asset,,assets/beyond/arts/entity/actor/boy/endminm/models/sk_actor_endminm_01.fbx##s_actor_endminm_cloth_01_lod3,,,,180294,58356,main/3e05ef64c673070344b347e4.ab,,
chr_0002_endminm,endminm,Boy,model_asset,,assets/beyond/arts/entity/actor/boy/endminm/models/sk_actor_endminm_01.fbx##s_actor_endminm_cloth_02_lod0,,,,1739098,58356,main/3e05ef64c673070344b347e4.ab,,
chr_0002_endminm,endminm,Boy,model_asset,,assets/beyond/arts/entity/actor/boy/endminm/models/sk_actor_endminm_01.fbx##s_actor_endminm_cloth_02_lod1,,,,720006,58356,main/3e05ef64c673070344b347e4.ab,,
chr_0002_endminm,endminm,Boy,model_asset,,assets/beyond/arts/entity/actor/boy/endminm/models/sk_actor_endminm_01.fbx##s_actor_endminm_cloth_02_lod2,,,,441518,58356,main/3e05ef64c673070344b347e4.ab,,
chr_0002_endminm,endminm,Boy,model_asset,,assets/beyond/arts/entity/actor/boy/endminm/models/sk_actor_endminm_01.fbx##s_actor_endminm_cloth_02_lod3,,,,190342,58356,main/3e05ef64c673070344b347e4.ab,,
chr_0002_endminm,endminm,Boy,model_asset,,assets/beyond/arts/entity/actor/boy/endminm/models/sk_actor_endminm_01.fbx##s_actor_endminm_cloth_03_lod0,,,,143882,58356,main/3e05ef64c673070344b347e4.ab,,
chr_0002_endminm,endminm,Boy,model_asset,,assets/beyond/arts/entity/actor/boy/endminm/models/sk_actor_endminm_01.fbx##s_actor_endminm_cloth_03_lod1,,,,76618,58356,main/3e05ef64c673070344b347e4.ab,,
chr_0002_endminm,endminm,Boy,model_asset,,assets/beyond/arts/entity/actor/boy/endminm/models/sk_actor_endminm_01.fbx##s_actor_endminm_cloth_03_lod2,,,,45058,58356,main/3e05ef64c673070344b347e4.ab,,
chr_0002_endminm,endminm,Boy,model_asset,,assets/beyond/arts/entity/actor/boy/endminm/models/sk_actor_endminm_01.fbx##s_actor_endminm_cloth_03_lod3,,,,7834,58356,main/3e05ef64c673070344b347e4.ab,,
chr_0002_endminm,endminm,Boy,model_asset,,assets/beyond/arts/entity/actor/boy/endminm/models/sk_actor_endminm_01.fbx##s_actor_endminm_cloth_04_lod0,,,,962234,58356,main/3e05ef64c673070344b347e4.ab,,
chr_0002_endminm,endminm,Boy,model_asset,,assets/beyond/arts/entity/actor/boy/endminm/models/sk_actor_endminm_01.fbx##s_actor_endminm_cloth_04_lod1,,,,715346,58356,main/3e05ef64c673070344b347e4.ab,,
chr_0002_endminm,endminm,Boy,model_asset,,assets/beyond/arts/entity/actor/boy/endminm/models/sk_actor_endminm_01.fbx##s_actor_endminm_cloth_04_lod2,,,,301514,58356,main/3e05ef64c673070344b347e4.ab,,
chr_0002_endminm,endminm,Boy,model_asset,,assets/beyond/arts/entity/actor/boy/endminm/models/sk_actor_endminm_01.fbx##s_actor_endminm_cloth_04_lod3,,,,67498,58356,main/3e05ef64c673070344b347e4.ab,,
chr_0002_endminm,endminm,Boy,model_asset,,assets/beyond/arts/entity/actor/boy/endminm/models/sk_actor_endminm_01.fbx##s_actor_endminm_cloth_05_lod0,,,,5614,58356,main/3e05ef64c673070344b347e4.ab,,
chr_0002_endminm,endminm,Boy,model_asset,,assets/beyond/arts/entity/actor/boy/endminm/models/sk_actor_endminm_01.fbx##s_actor_endminm_cloth_05_lod1,,,,4674,58356,main/3e05ef64c673070344b347e4.ab,,
chr_0002_endminm,endminm,Boy,model_asset,,assets/beyond/arts/entity/actor/boy/endminm/models/sk_actor_endminm_01.fbx##s_actor_endminm_eyebrow_01_lod0,,,,66348,58356,main/3e05ef64c673070344b347e4.ab,,
chr_0002_endminm,endminm,Boy,model_asset,,assets/beyond/arts/entity/actor/boy/endminm/models/sk_actor_endminm_01.fbx##s_actor_endminm_eyebrow_01_lod1,,,,66348,58356,main/3e05ef64c673070344b347e4.ab,,
chr_0002_endminm,endminm,Boy,model_asset,,assets/beyond/arts/entity/actor/boy/endminm/models/sk_actor_endminm_01.fbx##s_actor_endminm_eyebrow_01_lod2,,,,34732,58356,main/3e05ef64c673070344b347e4.ab,,
chr_0002_endminm,endminm,Boy,model_asset,,assets/beyond/arts/entity/actor/boy/endminm/models/sk_actor_endminm_01.fbx##s_actor_endminm_eyebrow_01_lod3,,,,5036,58356,main/3e05ef64c673070344b347e4.ab,,
chr_0002_endminm,endminm,Boy,model_asset,,assets/beyond/arts/entity/actor/boy/endminm/models/sk_actor_endminm_01.fbx##s_actor_endminm_eyeshadow_01_lod0,,,,13678,58356,main/3e05ef64c673070344b347e4.ab,,
chr_0002_endminm,endminm,Boy,model_asset,,assets/beyond/arts/entity/actor/boy/endminm/models/sk_actor_endminm_01.fbx##s_actor_endminm_eyeshadow_01_lod1,,,,13678,58356,main/3e05ef64c673070344b347e4.ab,,
chr_0002_endminm,endminm,Boy,model_asset,,assets/beyond/arts/entity/actor/boy/endminm/models/sk_actor_endminm_01.fbx##s_actor_endminm_face_01_lod0,,,,268909,58356,main/3e05ef64c673070344b347e4.ab,,
chr_0002_endminm,endminm,Boy,model_asset,,assets/beyond/arts/entity/actor/boy/endminm/models/sk_actor_endminm_01.fbx##s_actor_endminm_face_01_lod1,,,,268909,58356,main/3e05ef64c673070344b347e4.ab,,
chr_0002_endminm,endminm,Boy,model_asset,,assets/beyond/arts/entity/actor/boy/endminm/models/sk_actor_endminm_01.fbx##s_actor_endminm_face_01_lod2,,,,109393,58356,main/3e05ef64c673070344b347e4.ab,,
chr_0002_endminm,endminm,Boy,model_asset,,assets/beyond/arts/entity/actor/boy/endminm/models/sk_actor_endminm_01.fbx##s_actor_endminm_face_01_lod3,,,,22701,58356,main/3e05ef64c673070344b347e4.ab,,
chr_0002_endminm,endminm,Boy,model_asset,,assets/beyond/arts/entity/actor/boy/endminm/models/sk_actor_endminm_01.fbx##s_actor_endminm_hair_01_lod0,,,,1240585,58356,main/3e05ef64c673070344b347e4.ab,,
chr_0002_endminm,endminm,Boy,model_asset,,assets/beyond/arts/entity/actor/boy/endminm/models/sk_actor_endminm_01.fbx##s_actor_endminm_hair_01_lod1,,,,762677,58356,main/3e05ef64c673070344b347e4.ab,,
chr_0002_endminm,endminm,Boy,model_asset,,assets/beyond/arts/entity/actor/boy/endminm/models/sk_actor_endminm_01.fbx##s_actor_endminm_hair_01_lod2,,,,291909,58356,main/3e05ef64c673070344b347e4.ab,,
chr_0002_endminm,endminm,Boy,model_asset,,assets/beyond/arts/entity/actor/boy/endminm/models/sk_actor_endminm_01.fbx##s_actor_endminm_hair_01_lod3,,,,236253,58356,main/3e05ef64c673070344b347e4.ab,,
chr_0002_endminm,endminm,Boy,model_asset,,assets/beyond/arts/entity/actor/boy/endminm/models/sk_actor_endminm_01.fbx##s_actor_endminm_iris_01_lod0,,,,26029,58356,main/3e05ef64c673070344b347e4.ab,,
chr_0002_endminm,endminm,Boy,model_asset,,assets/beyond/arts/entity/actor/boy/endminm/models/sk_actor_endminm_01.fbx##s_actor_endminm_iris_01_lod1,,,,26029,58356,main/3e05ef64c673070344b347e4.ab,,
chr_0002_endminm,endminm,Boy,model_asset,,assets/beyond/arts/entity/actor/boy/endminm/models/sk_actor_endminm_01.fbx##s_actor_endminm_iris_01_lod2,,,,5057,58356,main/3e05ef64c673070344b347e4.ab,,
chr_0002_endminm,endminm,Boy,model_asset,,assets/beyond/arts/entity/actor/boy/endminm/models/sk_actor_endminm_01.fbx##s_actor_endminm_iris_01_lod3,,,,4369,58356,main/3e05ef64c673070344b347e4.ab,,
chr_0002_endminm,endminm,Boy,model_asset,,assets/beyond/arts/entity/actor/boy/endminm/models/sk_actor_endminm_01.fbx##s_actor_endminm_vfxpart_01_lod0,,,,40532,58356,main/3e05ef64c673070344b347e4.ab,,
chr_0002_endminm,endminm,Boy,model_asset,,assets/beyond/arts/entity/actor/boy/endminm/models/sk_actor_endminm_01.fbx##s_actor_endminm_vfxpart_01_lod1,,,,16220,58356,main/3e05ef64c673070344b347e4.ab,,
chr_0002_endminm,endminm,Boy,model_asset,,assets/beyond/arts/entity/actor/boy/endminm/models/sk_actor_endminm_01.fbx##s_actor_endminm_vfxpart_01_lod2,,,,8292,58356,main/3e05ef64c673070344b347e4.ab,,
chr_0002_endminm,endminm,Boy,model_asset,,assets/beyond/arts/entity/actor/boy/endminm/models/sk_actor_endminm_01.fbx##s_actor_endminm_vfxpart_01_lod3,,,,8292,58356,main/3e05ef64c673070344b347e4.ab,,
chr_0002_endminm,endminm,Boy,model_asset,,assets/beyond/arts/entity/actor/boy/endminm/models/sk_actor_endminm_01.fbx##sk_actor_endminm_01avatar,,,,243771,58356,main/3e05ef64c673070344b347e4.ab,,
chr_0003_endminf,endminf,Girl,postmodel,chr_0003_endminf_postmodel,assets/beyond/dynamicassets/gameplay/actors/postmodels/characters/chr_0003_endminf_postmodel.prefab,assets/beyond/dynamicassets/gameplay/actors/postmodels/characters/chr_0003_endminf_postmodel.prefab,908249643433762946,0x0C9AC03D143EA082,520,71831,main/4c8ce1a0eaacf3305a6a4e66.ab,360422966836199122,0x05007AC75B29FED2
chr_0003_endminf,endminf,Girl,model_asset,,assets/beyond/arts/entity/actor/girl/endminf/models/s_actor_endminf_body_01_lod0.asset,,,,509237,114192,main/7a46dbdd3b8a53c608defd54.ab,,
chr_0003_endminf,endminf,Girl,model_asset,,assets/beyond/arts/entity/actor/girl/endminf/models/s_actor_endminf_cloth_01_lod0.asset,,,,3916734,1345,main/005567059cb1df15962d72e9.ab,,
chr_0003_endminf,endminf,Girl,model_asset,,assets/beyond/arts/entity/actor/girl/endminf/models/s_actor_endminf_cloth_02_lod0.asset,,,,73234,58880,main/3e982c9df0d3b3707863d082.ab,,
chr_0003_endminf,endminf,Girl,model_asset,,assets/beyond/arts/entity/actor/girl/endminf/models/s_actor_endminf_cloth_03_lod0.asset,,,,162458,188994,main/cb4fe76150986e9c80ea12fb.ab,,
chr_0003_endminf,endminf,Girl,model_asset,,assets/beyond/arts/entity/actor/girl/endminf/models/s_actor_endminf_cloth_04_lod0.asset,,,,1084994,116151,main/7c699548386bb03c70ddda5d.ab,,
chr_0003_endminf,endminf,Girl,model_asset,,assets/beyond/arts/entity/actor/girl/endminf/models/s_actor_endminf_cloth_05_lod0.asset,,,,6094,166939,main/b365bbb1a8b0d30ef6a33a17.ab,,
chr_0003_endminf,endminf,Girl,model_asset,,assets/beyond/arts/entity/actor/girl/endminf/models/s_actor_endminf_face_01_lod0.asset,,,,272825,171819,main/b8b96159ff223d2aea648390.ab,,
chr_0003_endminf,endminf,Girl,model_asset,,assets/beyond/arts/entity/actor/girl/endminf/models/s_actor_endminf_hair_01_lod0.asset,,,,1125441,67149,main/478536272d31101f12973975.ab,,
chr_0003_endminf,endminf,Girl,model_asset,,assets/beyond/arts/entity/actor/girl/endminf/models/sk_actor_endminf_01.fbx,,,,0,56819,main/3c5e22779cbff69243cebd65.ab,,
chr_0003_endminf,endminf,Girl,model_asset,,assets/beyond/arts/entity/actor/girl/endminf/models/sk_actor_endminf_01.fbx,,,,0,56819,main/3c5e22779cbff69243cebd65.ab,,
chr_0003_endminf,endminf,Girl,model_asset,,assets/beyond/arts/entity/actor/girl/endminf/models/sk_actor_endminf_01.fbx,,,,0,56819,main/3c5e22779cbff69243cebd65.ab,,
chr_0003_endminf,endminf,Girl,model_asset,,assets/beyond/arts/entity/actor/girl/endminf/models/sk_actor_endminf_01.fbx,,,,0,56819,main/3c5e22779cbff69243cebd65.ab,,
chr_0003_endminf,endminf,Girl,model_asset,,assets/beyond/arts/entity/actor/girl/endminf/models/sk_actor_endminf_01.fbx,,,,0,56819,main/3c5e22779cbff69243cebd65.ab,,
chr_0003_endminf,endminf,Girl,model_asset,,assets/beyond/arts/entity/actor/girl/endminf/models/sk_actor_endminf_01.fbx,,,,0,56819,main/3c5e22779cbff69243cebd65.ab,,
chr_0003_endminf,endminf,Girl,model_asset,,assets/beyond/arts/entity/actor/girl/endminf/models/sk_actor_endminf_01.fbx,,,,0,56819,main/3c5e22779cbff69243cebd65.ab,,
chr_0003_endminf,endminf,Girl,model_asset,,assets/beyond/arts/entity/actor/girl/endminf/models/sk_actor_endminf_01.fbx,,,,0,56819,main/3c5e22779cbff69243cebd65.ab,,
chr_0003_endminf,endminf,Girl,model_asset,,assets/beyond/arts/entity/actor/girl/endminf/models/sk_actor_endminf_01.fbx,,,,0,56819,main/3c5e22779cbff69243cebd65.ab,,
chr_0003_endminf,endminf,Girl,model_asset,,assets/beyond/arts/entity/actor/girl/endminf/models/sk_actor_endminf_01.fbx,,,,0,56819,main/3c5e22779cbff69243cebd65.ab,,
chr_0003_endminf,endminf,Girl,model_asset,,assets/beyond/arts/entity/actor/girl/endminf/models/sk_actor_endminf_01.fbx,,,,0,56819,main/3c5e22779cbff69243cebd65.ab,,
chr_0003_endminf,endminf,Girl,model_asset,,assets/beyond/arts/entity/actor/girl/endminf/models/sk_actor_endminf_01.fbx,,,,0,56819,main/3c5e22779cbff69243cebd65.ab,,
chr_0003_endminf,endminf,Girl,model_asset,,assets/beyond/arts/entity/actor/girl/endminf/models/sk_actor_endminf_01.fbx,,,,0,56819,main/3c5e22779cbff69243cebd65.ab,,
chr_0003_endminf,endminf,Girl,model_asset,,assets/beyond/arts/entity/actor/girl/endminf/models/sk_actor_endminf_01.fbx,,,,0,56819,main/3c5e22779cbff69243cebd65.ab,,
chr_0003_endminf,endminf,Girl,model_asset,,assets/beyond/arts/entity/actor/girl/endminf/models/sk_actor_endminf_01.fbx,,,,0,56819,main/3c5e22779cbff69243cebd65.ab,,
chr_0003_endminf,endminf,Girl,model_asset,,assets/beyond/arts/entity/actor/girl/endminf/models/sk_actor_endminf_01.fbx,,,,0,56819,main/3c5e22779cbff69243cebd65.ab,,
chr_0003_endminf,endminf,Girl,model_asset,,assets/beyond/arts/entity/actor/girl/endminf/models/sk_actor_endminf_01.fbx,,,,0,56819,main/3c5e22779cbff69243cebd65.ab,,
chr_0003_endminf,endminf,Girl,model_asset,,assets/beyond/arts/entity/actor/girl/endminf/models/sk_actor_endminf_01.fbx,,,,0,56819,main/3c5e22779cbff69243cebd65.ab,,
chr_0003_endminf,endminf,Girl,model_asset,,assets/beyond/arts/entity/actor/girl/endminf/models/sk_actor_endminf_01.fbx,,,,0,56819,main/3c5e22779cbff69243cebd65.ab,,
chr_0003_endminf,endminf,Girl,model_asset,,assets/beyond/arts/entity/actor/girl/endminf/models/sk_actor_endminf_01.fbx,,,,0,56819,main/3c5e22779cbff69243cebd65.ab,,
chr_0003_endminf,endminf,Girl,model_asset,,assets/beyond/arts/entity/actor/girl/endminf/models/sk_actor_endminf_01.fbx,,,,0,56819,main/3c5e22779cbff69243cebd65.ab,,
chr_0003_endminf,endminf,Girl,model_asset,,assets/beyond/arts/entity/actor/girl/endminf/models/sk_actor_endminf_01.fbx,,,,0,56819,main/3c5e22779cbff69243cebd65.ab,,
chr_0003_endminf,endminf,Girl,model_asset,,assets/beyond/arts/entity/actor/girl/endminf/models/sk_actor_endminf_01.fbx,,,,0,56819,main/3c5e22779cbff69243cebd65.ab,,
chr_0003_endminf,endminf,Girl,model_asset,,assets/beyond/arts/entity/actor/girl/endminf/models/sk_actor_endminf_01.fbx,,,,0,56819,main/3c5e22779cbff69243cebd65.ab,,
chr_0003_endminf,endminf,Girl,model_asset,,assets/beyond/arts/entity/actor/girl/endminf/models/sk_actor_endminf_01.fbx,,,,0,56819,main/3c5e22779cbff69243cebd65.ab,,
chr_0003_endminf,endminf,Girl,model_asset,,assets/beyond/arts/entity/actor/girl/endminf/models/sk_actor_endminf_01.fbx,,,,0,56819,main/3c5e22779cbff69243cebd65.ab,,
chr_0003_endminf,endminf,Girl,model_asset,,assets/beyond/arts/entity/actor/girl/endminf/models/sk_actor_endminf_01.fbx,,,,0,56819,main/3c5e22779cbff69243cebd65.ab,,
chr_0003_endminf,endminf,Girl,model_asset,,assets/beyond/arts/entity/actor/girl/endminf/models/sk_actor_endminf_01.fbx,,,,0,56819,main/3c5e22779cbff69243cebd65.ab,,
chr_0003_endminf,endminf,Girl,model_asset,,assets/beyond/arts/entity/actor/girl/endminf/models/sk_actor_endminf_01.fbx,,,,0,56819,main/3c5e22779cbff69243cebd65.ab,,
chr_0003_endminf,endminf,Girl,model_asset,,assets/beyond/arts/entity/actor/girl/endminf/models/sk_actor_endminf_01.fbx,,,,0,56819,main/3c5e22779cbff69243cebd65.ab,,
chr_0003_endminf,endminf,Girl,model_asset,,assets/beyond/arts/entity/actor/girl/endminf/models/sk_actor_endminf_01.fbx,,,,0,56819,main/3c5e22779cbff69243cebd65.ab,,
chr_0003_endminf,endminf,Girl,model_asset,,assets/beyond/arts/entity/actor/girl/endminf/models/sk_actor_endminf_01.fbx,,,,0,56819,main/3c5e22779cbff69243cebd65.ab,,
chr_0003_endminf,endminf,Girl,model_asset,,assets/beyond/arts/entity/actor/girl/endminf/models/sk_actor_endminf_01.fbx,,,,0,56819,main/3c5e22779cbff69243cebd65.ab,,
chr_0003_endminf,endminf,Girl,model_asset,,assets/beyond/arts/entity/actor/girl/endminf/models/sk_actor_endminf_01.fbx,,,,0,56819,main/3c5e22779cbff69243cebd65.ab,,
chr_0003_endminf,endminf,Girl,model_asset,,assets/beyond/arts/entity/actor/girl/endminf/models/sk_actor_endminf_01.fbx,,,,0,56819,main/3c5e22779cbff69243cebd65.ab,,
chr_0003_endminf,endminf,Girl,model_asset,,assets/beyond/arts/entity/actor/girl/endminf/models/sk_actor_endminf_01.fbx,,,,0,56819,main/3c5e22779cbff69243cebd65.ab,,
chr_0003_endminf,endminf,Girl,model_asset,,assets/beyond/arts/entity/actor/girl/endminf/models/sk_actor_endminf_01.fbx,,,,0,56819,main/3c5e22779cbff69243cebd65.ab,,
chr_0003_endminf,endminf,Girl,model_asset,,assets/beyond/arts/entity/actor/girl/endminf/models/sk_actor_endminf_01.fbx,,,,0,56819,main/3c5e22779cbff69243cebd65.ab,,
chr_0003_endminf,endminf,Girl,model_asset,,assets/beyond/arts/entity/actor/girl/endminf/models/sk_actor_endminf_01.fbx,,,,0,56819,main/3c5e22779cbff69243cebd65.ab,,
chr_0003_endminf,endminf,Girl,model_asset,,assets/beyond/arts/entity/actor/girl/endminf/models/sk_actor_endminf_01.fbx,,,,0,56819,main/3c5e22779cbff69243cebd65.ab,,
chr_0003_endminf,endminf,Girl,model_asset,,assets/beyond/arts/entity/actor/girl/endminf/models/sk_actor_endminf_01.fbx,,,,0,56819,main/3c5e22779cbff69243cebd65.ab,,
chr_0003_endminf,endminf,Girl,model_asset,,assets/beyond/arts/entity/actor/girl/endminf/models/sk_actor_endminf_01.fbx,,,,0,56819,main/3c5e22779cbff69243cebd65.ab,,
chr_0003_endminf,endminf,Girl,model_asset,,assets/beyond/arts/entity/actor/girl/endminf/models/sk_actor_endminf_01.fbx,,,,0,56819,main/3c5e22779cbff69243cebd65.ab,,
chr_0003_endminf,endminf,Girl,model_asset,,assets/beyond/arts/entity/actor/girl/endminf/models/sk_actor_endminf_01.fbx,,,,0,56819,main/3c5e22779cbff69243cebd65.ab,,
chr_0003_endminf,endminf,Girl,model_asset,,assets/beyond/arts/entity/actor/girl/endminf/models/sk_actor_endminf_01.fbx,,,,0,56819,main/3c5e22779cbff69243cebd65.ab,,
chr_0003_endminf,endminf,Girl,model_asset,,assets/beyond/arts/entity/actor/girl/endminf/models/sk_actor_endminf_01.fbx##s_actor_endminf_body_01_lod0,,,,468149,56819,main/3c5e22779cbff69243cebd65.ab,,
chr_0003_endminf,endminf,Girl,model_asset,,assets/beyond/arts/entity/actor/girl/endminf/models/sk_actor_endminf_01.fbx##s_actor_endminf_body_01_lod1,,,,468149,56819,main/3c5e22779cbff69243cebd65.ab,,
chr_0003_endminf,endminf,Girl,model_asset,,assets/beyond/arts/entity/actor/girl/endminf/models/sk_actor_endminf_01.fbx##s_actor_endminf_body_01_lod2,,,,247685,56819,main/3c5e22779cbff69243cebd65.ab,,
chr_0003_endminf,endminf,Girl,model_asset,,assets/beyond/arts/entity/actor/girl/endminf/models/sk_actor_endminf_01.fbx##s_actor_endminf_body_01_lod3,,,,43981,56819,main/3c5e22779cbff69243cebd65.ab,,
chr_0003_endminf,endminf,Girl,model_asset,,assets/beyond/arts/entity/actor/girl/endminf/models/sk_actor_endminf_01.fbx##s_actor_endminf_cloth_01_lod0,,,,3588958,56819,main/3c5e22779cbff69243cebd65.ab,,
chr_0003_endminf,endminf,Girl,model_asset,,assets/beyond/arts/entity/actor/girl/endminf/models/sk_actor_endminf_01.fbx##s_actor_endminf_cloth_01_lod1,,,,2225242,56819,main/3c5e22779cbff69243cebd65.ab,,
chr_0003_endminf,endminf,Girl,model_asset,,assets/beyond/arts/entity/actor/girl/endminf/models/sk_actor_endminf_01.fbx##s_actor_endminf_cloth_01_lod2,,,,720750,56819,main/3c5e22779cbff69243cebd65.ab,,
chr_0003_endminf,endminf,Girl,model_asset,,assets/beyond/arts/entity/actor/girl/endminf/models/sk_actor_endminf_01.fbx##s_actor_endminf_cloth_01_lod3,,,,373438,56819,main/3c5e22779cbff69243cebd65.ab,,
chr_0003_endminf,endminf,Girl,model_asset,,assets/beyond/arts/entity/actor/girl/endminf/models/sk_actor_endminf_01.fbx##s_actor_endminf_cloth_02_lod0,,,,67586,56819,main/3c5e22779cbff69243cebd65.ab,,
chr_0003_endminf,endminf,Girl,model_asset,,assets/beyond/arts/entity/actor/girl/endminf/models/sk_actor_endminf_01.fbx##s_actor_endminf_cloth_02_lod1,,,,27838,56819,main/3c5e22779cbff69243cebd65.ab,,
chr_0003_endminf,endminf,Girl,model_asset,,assets/beyond/arts/entity/actor/girl/endminf/models/sk_actor_endminf_01.fbx##s_actor_endminf_cloth_02_lod2,,,,19578,56819,main/3c5e22779cbff69243cebd65.ab,,
chr_0003_endminf,endminf,Girl,model_asset,,assets/beyond/arts/entity/actor/girl/endminf/models/sk_actor_endminf_01.fbx##s_actor_endminf_cloth_02_lod3,,,,17102,56819,main/3c5e22779cbff69243cebd65.ab,,
chr_0003_endminf,endminf,Girl,model_asset,,assets/beyond/arts/entity/actor/girl/endminf/models/sk_actor_endminf_01.fbx##s_actor_endminf_cloth_03_lod0,,,,143882,56819,main/3c5e22779cbff69243cebd65.ab,,
chr_0003_endminf,endminf,Girl,model_asset,,assets/beyond/arts/entity/actor/girl/endminf/models/sk_actor_endminf_01.fbx##s_actor_endminf_cloth_03_lod1,,,,76618,56819,main/3c5e22779cbff69243cebd65.ab,,
chr_0003_endminf,endminf,Girl,model_asset,,assets/beyond/arts/entity/actor/girl/endminf/models/sk_actor_endminf_01.fbx##s_actor_endminf_cloth_03_lod2,,,,45058,56819,main/3c5e22779cbff69243cebd65.ab,,
chr_0003_endminf,endminf,Girl,model_asset,,assets/beyond/arts/entity/actor/girl/endminf/models/sk_actor_endminf_01.fbx##s_actor_endminf_cloth_03_lod3,,,,7834,56819,main/3c5e22779cbff69243cebd65.ab,,
chr_0003_endminf,endminf,Girl,model_asset,,assets/beyond/arts/entity/actor/girl/endminf/models/sk_actor_endminf_01.fbx##s_actor_endminf_cloth_04_lod0,,,,991266,56819,main/3c5e22779cbff69243cebd65.ab,,
chr_0003_endminf,endminf,Girl,model_asset,,assets/beyond/arts/entity/actor/girl/endminf/models/sk_actor_endminf_01.fbx##s_actor_endminf_cloth_04_lod1,,,,578806,56819,main/3c5e22779cbff69243cebd65.ab,,
chr_0003_endminf,endminf,Girl,model_asset,,assets/beyond/arts/entity/actor/girl/endminf/models/sk_actor_endminf_01.fbx##s_actor_endminf_cloth_04_lod2,,,,286218,56819,main/3c5e22779cbff69243cebd65.ab,,
chr_0003_endminf,endminf,Girl,model_asset,,assets/beyond/arts/entity/actor/girl/endminf/models/sk_actor_endminf_01.fbx##s_actor_endminf_cloth_04_lod3,,,,141390,56819,main/3c5e22779cbff69243cebd65.ab,,
chr_0003_endminf,endminf,Girl,model_asset,,assets/beyond/arts/entity/actor/girl/endminf/models/sk_actor_endminf_01.fbx##s_actor_endminf_cloth_05_lod0,,,,5614,56819,main/3c5e22779cbff69243cebd65.ab,,
chr_0003_endminf,endminf,Girl,model_asset,,assets/beyond/arts/entity/actor/girl/endminf/models/sk_actor_endminf_01.fbx##s_actor_endminf_cloth_05_lod1,,,,4322,56819,main/3c5e22779cbff69243cebd65.ab,,
chr_0003_endminf,endminf,Girl,model_asset,,assets/beyond/arts/entity/actor/girl/endminf/models/sk_actor_endminf_01.fbx##s_actor_endminf_eyebrow_01_lod0,,,,70216,56819,main/3c5e22779cbff69243cebd65.ab,,
chr_0003_endminf,endminf,Girl,model_asset,,assets/beyond/arts/entity/actor/girl/endminf/models/sk_actor_endminf_01.fbx##s_actor_endminf_eyebrow_01_lod1,,,,69288,56819,main/3c5e22779cbff69243cebd65.ab,,
chr_0003_endminf,endminf,Girl,model_asset,,assets/beyond/arts/entity/actor/girl/endminf/models/sk_actor_endminf_01.fbx##s_actor_endminf_eyebrow_01_lod2,,,,34068,56819,main/3c5e22779cbff69243cebd65.ab,,
chr_0003_endminf,endminf,Girl,model_asset,,assets/beyond/arts/entity/actor/girl/endminf/models/sk_actor_endminf_01.fbx##s_actor_endminf_eyebrow_01_lod3,,,,9804,56819,main/3c5e22779cbff69243cebd65.ab,,
chr_0003_endminf,endminf,Girl,model_asset,,assets/beyond/arts/entity/actor/girl/endminf/models/sk_actor_endminf_01.fbx##s_actor_endminf_eyeshadow_01_lod0,,,,7686,56819,main/3c5e22779cbff69243cebd65.ab,,
chr_0003_endminf,endminf,Girl,model_asset,,assets/beyond/arts/entity/actor/girl/endminf/models/sk_actor_endminf_01.fbx##s_actor_endminf_eyeshadow_01_lod1,,,,7686,56819,main/3c5e22779cbff69243cebd65.ab,,
chr_0003_endminf,endminf,Girl,model_asset,,assets/beyond/arts/entity/actor/girl/endminf/models/sk_actor_endminf_01.fbx##s_actor_endminf_face_01_lod0,,,,251145,56819,main/3c5e22779cbff69243cebd65.ab,,
chr_0003_endminf,endminf,Girl,model_asset,,assets/beyond/arts/entity/actor/girl/endminf/models/sk_actor_endminf_01.fbx##s_actor_endminf_face_01_lod1,,,,251145,56819,main/3c5e22779cbff69243cebd65.ab,,
chr_0003_endminf,endminf,Girl,model_asset,,assets/beyond/arts/entity/actor/girl/endminf/models/sk_actor_endminf_01.fbx##s_actor_endminf_face_01_lod2,,,,78029,56819,main/3c5e22779cbff69243cebd65.ab,,
chr_0003_endminf,endminf,Girl,model_asset,,assets/beyond/arts/entity/actor/girl/endminf/models/sk_actor_endminf_01.fbx##s_actor_endminf_face_01_lod3,,,,19965,56819,main/3c5e22779cbff69243cebd65.ab,,
chr_0003_endminf,endminf,Girl,model_asset,,assets/beyond/arts/entity/actor/girl/endminf/models/sk_actor_endminf_01.fbx##s_actor_endminf_hair_01_lod0,,,,1030641,56819,main/3c5e22779cbff69243cebd65.ab,,
chr_0003_endminf,endminf,Girl,model_asset,,assets/beyond/arts/entity/actor/girl/endminf/models/sk_actor_endminf_01.fbx##s_actor_endminf_hair_01_lod1,,,,936817,56819,main/3c5e22779cbff69243cebd65.ab,,
chr_0003_endminf,endminf,Girl,model_asset,,assets/beyond/arts/entity/actor/girl/endminf/models/sk_actor_endminf_01.fbx##s_actor_endminf_hair_01_lod2,,,,454809,56819,main/3c5e22779cbff69243cebd65.ab,,
chr_0003_endminf,endminf,Girl,model_asset,,assets/beyond/arts/entity/actor/girl/endminf/models/sk_actor_endminf_01.fbx##s_actor_endminf_hair_01_lod3,,,,224361,56819,main/3c5e22779cbff69243cebd65.ab,,
chr_0003_endminf,endminf,Girl,model_asset,,assets/beyond/arts/entity/actor/girl/endminf/models/sk_actor_endminf_01.fbx##s_actor_endminf_iris_01_lod0,,,,29909,56819,main/3c5e22779cbff69243cebd65.ab,,
chr_0003_endminf,endminf,Girl,model_asset,,assets/beyond/arts/entity/actor/girl/endminf/models/sk_actor_endminf_01.fbx##s_actor_endminf_iris_01_lod1,,,,29909,56819,main/3c5e22779cbff69243cebd65.ab,,
chr_0003_endminf,endminf,Girl,model_asset,,assets/beyond/arts/entity/actor/girl/endminf/models/sk_actor_endminf_01.fbx##s_actor_endminf_iris_01_lod2,,,,6897,56819,main/3c5e22779cbff69243cebd65.ab,,
chr_0003_endminf,endminf,Girl,model_asset,,assets/beyond/arts/entity/actor/girl/endminf/models/sk_actor_endminf_01.fbx##s_actor_endminf_iris_01_lod3,,,,4129,56819,main/3c5e22779cbff69243cebd65.ab,,
chr_0003_endminf,endminf,Girl,model_asset,,assets/beyond/arts/entity/actor/girl/endminf/models/sk_actor_endminf_01.fbx##s_actor_endminf_vfxpart_01_lod0,,,,35068,56819,main/3c5e22779cbff69243cebd65.ab,,
chr_0003_endminf,endminf,Girl,model_asset,,assets/beyond/arts/entity/actor/girl/endminf/models/sk_actor_endminf_01.fbx##s_actor_endminf_vfxpart_01_lod1,,,,17372,56819,main/3c5e22779cbff69243cebd65.ab,,
chr_0003_endminf,endminf,Girl,model_asset,,assets/beyond/arts/entity/actor/girl/endminf/models/sk_actor_endminf_01.fbx##s_actor_endminf_vfxpart_01_lod2,,,,13804,56819,main/3c5e22779cbff69243cebd65.ab,,
chr_0003_endminf,endminf,Girl,model_asset,,assets/beyond/arts/entity/actor/girl/endminf/models/sk_actor_endminf_01.fbx##s_actor_endminf_vfxpart_01_lod3,,,,9212,56819,main/3c5e22779cbff69243cebd65.ab,,
chr_0003_endminf,endminf,Girl,model_asset,,assets/beyond/arts/entity/actor/girl/endminf/models/sk_actor_endminf_01.fbx##sk_actor_endminf_01avatar,,,,246648,56819,main/3c5e22779cbff69243cebd65.ab,,
chr_0004_pelica,pelica,Girl,postmodel,chr_0004_pelica_postmodel,assets/beyond/dynamicassets/gameplay/actors/postmodels/characters/chr_0004_pelica_postmodel.prefab,assets/beyond/dynamicassets/gameplay/actors/postmodels/characters/chr_0004_pelica_postmodel.prefab,500689537291635148,0x06F2CE7B3D05C9CC,544,188214,main/ca788b482b3c7b99d02c5057.ab,788672021548149573,0x0AF1ED0668AAAB45
chr_0004_pelica,pelica,Girl,model_asset,,assets/beyond/arts/entity/actor/girl/pelica/models/s_actor_pelica_body_01_lod0.asset,,,,175636,56895,main/3c6ecdd316ebfab724c65c89.ab,,
chr_0004_pelica,pelica,Girl,model_asset,,assets/beyond/arts/entity/actor/girl/pelica/models/s_actor_pelica_cloth_01_lod0.asset,,,,2802697,15850,main/1025e134edc87710108ada79.ab,,
chr_0004_pelica,pelica,Girl,model_asset,,assets/beyond/arts/entity/actor/girl/pelica/models/s_actor_pelica_cloth_02_lod0.asset,,,,2905713,58763,main/3e751129a8b31b4e6106e0d0.ab,,
chr_0004_pelica,pelica,Girl,model_asset,,assets/beyond/arts/entity/actor/girl/pelica/models/s_actor_pelica_cloth_03_lod0.asset,,,,73917,178193,main/bf8c50b6abe3154be36aa31b.ab,,
chr_0004_pelica,pelica,Girl,model_asset,,assets/beyond/arts/entity/actor/girl/pelica/models/s_actor_pelica_cloth_04_lod0.asset,,,,241569,94234,main/64ea8f159bd2bc0e8348f458.ab,,
chr_0004_pelica,pelica,Girl,model_asset,,assets/beyond/arts/entity/actor/girl/pelica/models/s_actor_pelica_face_01_lod0.asset,,,,264176,195307,main/d2014775ab2b0107e8a49190.ab,,
chr_0004_pelica,pelica,Girl,model_asset,,assets/beyond/arts/entity/actor/girl/pelica/models/s_actor_pelica_hair_01_lod0.asset,,,,1666748,202760,main/da17b349298581b03db343e0.ab,,
chr_0004_pelica,pelica,Girl,model_asset,,assets/beyond/arts/entity/actor/girl/pelica/models/sk_actor_pelica_01.fbx,,,,0,134590,main/906d4aa3e895b5c94bb5779a.ab,,
chr_0004_pelica,pelica,Girl,model_asset,,assets/beyond/arts/entity/actor/girl/pelica/models/sk_actor_pelica_01.fbx,,,,0,134590,main/906d4aa3e895b5c94bb5779a.ab,,
chr_0004_pelica,pelica,Girl,model_asset,,assets/beyond/arts/entity/actor/girl/pelica/models/sk_actor_pelica_01.fbx,,,,0,134590,main/906d4aa3e895b5c94bb5779a.ab,,
chr_0004_pelica,pelica,Girl,model_asset,,assets/beyond/arts/entity/actor/girl/pelica/models/sk_actor_pelica_01.fbx,,,,0,134590,main/906d4aa3e895b5c94bb5779a.ab,,
chr_0004_pelica,pelica,Girl,model_asset,,assets/beyond/arts/entity/actor/girl/pelica/models/sk_actor_pelica_01.fbx,,,,0,134590,main/906d4aa3e895b5c94bb5779a.ab,,
chr_0004_pelica,pelica,Girl,model_asset,,assets/beyond/arts/entity/actor/girl/pelica/models/sk_actor_pelica_01.fbx,,,,0,134590,main/906d4aa3e895b5c94bb5779a.ab,,
chr_0004_pelica,pelica,Girl,model_asset,,assets/beyond/arts/entity/actor/girl/pelica/models/sk_actor_pelica_01.fbx,,,,0,134590,main/906d4aa3e895b5c94bb5779a.ab,,
chr_0004_pelica,pelica,Girl,model_asset,,assets/beyond/arts/entity/actor/girl/pelica/models/sk_actor_pelica_01.fbx,,,,0,134590,main/906d4aa3e895b5c94bb5779a.ab,,
chr_0004_pelica,pelica,Girl,model_asset,,assets/beyond/arts/entity/actor/girl/pelica/models/sk_actor_pelica_01.fbx,,,,0,134590,main/906d4aa3e895b5c94bb5779a.ab,,
chr_0004_pelica,pelica,Girl,model_asset,,assets/beyond/arts/entity/actor/girl/pelica/models/sk_actor_pelica_01.fbx,,,,0,134590,main/906d4aa3e895b5c94bb5779a.ab,,
chr_0004_pelica,pelica,Girl,model_asset,,assets/beyond/arts/entity/actor/girl/pelica/models/sk_actor_pelica_01.fbx,,,,0,134590,main/906d4aa3e895b5c94bb5779a.ab,,
chr_0004_pelica,pelica,Girl,model_asset,,assets/beyond/arts/entity/actor/girl/pelica/models/sk_actor_pelica_01.fbx,,,,0,134590,main/906d4aa3e895b5c94bb5779a.ab,,
chr_0004_pelica,pelica,Girl,model_asset,,assets/beyond/arts/entity/actor/girl/pelica/models/sk_actor_pelica_01.fbx,,,,0,134590,main/906d4aa3e895b5c94bb5779a.ab,,
chr_0004_pelica,pelica,Girl,model_asset,,assets/beyond/arts/entity/actor/girl/pelica/models/sk_actor_pelica_01.fbx,,,,0,134590,main/906d4aa3e895b5c94bb5779a.ab,,
chr_0004_pelica,pelica,Girl,model_asset,,assets/beyond/arts/entity/actor/girl/pelica/models/sk_actor_pelica_01.fbx,,,,0,134590,main/906d4aa3e895b5c94bb5779a.ab,,
chr_0004_pelica,pelica,Girl,model_asset,,assets/beyond/arts/entity/actor/girl/pelica/models/sk_actor_pelica_01.fbx,,,,0,134590,main/906d4aa3e895b5c94bb5779a.ab,,
chr_0004_pelica,pelica,Girl,model_asset,,assets/beyond/arts/entity/actor/girl/pelica/models/sk_actor_pelica_01.fbx,,,,0,134590,main/906d4aa3e895b5c94bb5779a.ab,,
chr_0004_pelica,pelica,Girl,model_asset,,assets/beyond/arts/entity/actor/girl/pelica/models/sk_actor_pelica_01.fbx,,,,0,134590,main/906d4aa3e895b5c94bb5779a.ab,,
chr_0004_pelica,pelica,Girl,model_asset,,assets/beyond/arts/entity/actor/girl/pelica/models/sk_actor_pelica_01.fbx,,,,0,134590,main/906d4aa3e895b5c94bb5779a.ab,,
chr_0004_pelica,pelica,Girl,model_asset,,assets/beyond/arts/entity/actor/girl/pelica/models/sk_actor_pelica_01.fbx,,,,0,134590,main/906d4aa3e895b5c94bb5779a.ab,,
chr_0004_pelica,pelica,Girl,model_asset,,assets/beyond/arts/entity/actor/girl/pelica/models/sk_actor_pelica_01.fbx,,,,0,134590,main/906d4aa3e895b5c94bb5779a.ab,,
chr_0004_pelica,pelica,Girl,model_asset,,assets/beyond/arts/entity/actor/girl/pelica/models/sk_actor_pelica_01.fbx,,,,0,134590,main/906d4aa3e895b5c94bb5779a.ab,,
chr_0004_pelica,pelica,Girl,model_asset,,assets/beyond/arts/entity/actor/girl/pelica/models/sk_actor_pelica_01.fbx,,,,0,134590,main/906d4aa3e895b5c94bb5779a.ab,,
chr_0004_pelica,pelica,Girl,model_asset,,assets/beyond/arts/entity/actor/girl/pelica/models/sk_actor_pelica_01.fbx,,,,0,134590,main/906d4aa3e895b5c94bb5779a.ab,,
chr_0004_pelica,pelica,Girl,model_asset,,assets/beyond/arts/entity/actor/girl/pelica/models/sk_actor_pelica_01.fbx,,,,0,134590,main/906d4aa3e895b5c94bb5779a.ab,,
chr_0004_pelica,pelica,Girl,model_asset,,assets/beyond/arts/entity/actor/girl/pelica/models/sk_actor_pelica_01.fbx,,,,0,134590,main/906d4aa3e895b5c94bb5779a.ab,,
chr_0004_pelica,pelica,Girl,model_asset,,assets/beyond/arts/entity/actor/girl/pelica/models/sk_actor_pelica_01.fbx,,,,0,134590,main/906d4aa3e895b5c94bb5779a.ab,,
chr_0004_pelica,pelica,Girl,model_asset,,assets/beyond/arts/entity/actor/girl/pelica/models/sk_actor_pelica_01.fbx,,,,0,134590,main/906d4aa3e895b5c94bb5779a.ab,,
chr_0004_pelica,pelica,Girl,model_asset,,assets/beyond/arts/entity/actor/girl/pelica/models/sk_actor_pelica_01.fbx,,,,0,134590,main/906d4aa3e895b5c94bb5779a.ab,,
chr_0004_pelica,pelica,Girl,model_asset,,assets/beyond/arts/entity/actor/girl/pelica/models/sk_actor_pelica_01.fbx,,,,0,134590,main/906d4aa3e895b5c94bb5779a.ab,,
chr_0004_pelica,pelica,Girl,model_asset,,assets/beyond/arts/entity/actor/girl/pelica/models/sk_actor_pelica_01.fbx,,,,0,134590,main/906d4aa3e895b5c94bb5779a.ab,,
chr_0004_pelica,pelica,Girl,model_asset,,assets/beyond/arts/entity/actor/girl/pelica/models/sk_actor_pelica_01.fbx,,,,0,134590,main/906d4aa3e895b5c94bb5779a.ab,,
chr_0004_pelica,pelica,Girl,model_asset,,assets/beyond/arts/entity/actor/girl/pelica/models/sk_actor_pelica_01.fbx,,,,0,134590,main/906d4aa3e895b5c94bb5779a.ab,,
chr_0004_pelica,pelica,Girl,model_asset,,assets/beyond/arts/entity/actor/girl/pelica/models/sk_actor_pelica_01.fbx,,,,0,134590,main/906d4aa3e895b5c94bb5779a.ab,,
chr_0004_pelica,pelica,Girl,model_asset,,assets/beyond/arts/entity/actor/girl/pelica/models/sk_actor_pelica_01.fbx,,,,0,134590,main/906d4aa3e895b5c94bb5779a.ab,,
chr_0004_pelica,pelica,Girl,model_asset,,assets/beyond/arts/entity/actor/girl/pelica/models/sk_actor_pelica_01.fbx,,,,0,134590,main/906d4aa3e895b5c94bb5779a.ab,,
chr_0004_pelica,pelica,Girl,model_asset,,assets/beyond/arts/entity/actor/girl/pelica/models/sk_actor_pelica_01.fbx,,,,0,134590,main/906d4aa3e895b5c94bb5779a.ab,,
chr_0004_pelica,pelica,Girl,model_asset,,assets/beyond/arts/entity/actor/girl/pelica/models/sk_actor_pelica_01.fbx,,,,0,134590,main/906d4aa3e895b5c94bb5779a.ab,,
chr_0004_pelica,pelica,Girl,model_asset,,assets/beyond/arts/entity/actor/girl/pelica/models/sk_actor_pelica_01.fbx,,,,0,134590,main/906d4aa3e895b5c94bb5779a.ab,,
chr_0004_pelica,pelica,Girl,model_asset,,assets/beyond/arts/entity/actor/girl/pelica/models/sk_actor_pelica_01.fbx,,,,0,134590,main/906d4aa3e895b5c94bb5779a.ab,,
chr_0004_pelica,pelica,Girl,model_asset,,assets/beyond/arts/entity/actor/girl/pelica/models/sk_actor_pelica_01.fbx,,,,0,134590,main/906d4aa3e895b5c94bb5779a.ab,,
chr_0004_pelica,pelica,Girl,model_asset,,assets/beyond/arts/entity/actor/girl/pelica/models/sk_actor_pelica_01.fbx,,,,0,134590,main/906d4aa3e895b5c94bb5779a.ab,,
chr_0004_pelica,pelica,Girl,model_asset,,assets/beyond/arts/entity/actor/girl/pelica/models/sk_actor_pelica_01.fbx,,,,0,134590,main/906d4aa3e895b5c94bb5779a.ab,,
chr_0004_pelica,pelica,Girl,model_asset,,assets/beyond/arts/entity/actor/girl/pelica/models/sk_actor_pelica_01.fbx,,,,0,134590,main/906d4aa3e895b5c94bb5779a.ab,,
chr_0004_pelica,pelica,Girl,model_asset,,assets/beyond/arts/entity/actor/girl/pelica/models/sk_actor_pelica_01.fbx,,,,0,134590,main/906d4aa3e895b5c94bb5779a.ab,,
chr_0004_pelica,pelica,Girl,model_asset,,assets/beyond/arts/entity/actor/girl/pelica/models/sk_actor_pelica_01.fbx##s_actor_pelica_body_01_lod0,,,,161732,134590,main/906d4aa3e895b5c94bb5779a.ab,,
chr_0004_pelica,pelica,Girl,model_asset,,assets/beyond/arts/entity/actor/girl/pelica/models/sk_actor_pelica_01.fbx##s_actor_pelica_body_01_lod1,,,,135204,134590,main/906d4aa3e895b5c94bb5779a.ab,,
chr_0004_pelica,pelica,Girl,model_asset,,assets/beyond/arts/entity/actor/girl/pelica/models/sk_actor_pelica_01.fbx##s_actor_pelica_body_01_lod2,,,,62496,134590,main/906d4aa3e895b5c94bb5779a.ab,,
chr_0004_pelica,pelica,Girl,model_asset,,assets/beyond/arts/entity/actor/girl/pelica/models/sk_actor_pelica_01.fbx##s_actor_pelica_body_01_lod3,,,,50192,134590,main/906d4aa3e895b5c94bb5779a.ab,,
chr_0004_pelica,pelica,Girl,model_asset,,assets/beyond/arts/entity/actor/girl/pelica/models/sk_actor_pelica_01.fbx##s_actor_pelica_cloth_01_lod0,,,,2569977,134590,main/906d4aa3e895b5c94bb5779a.ab,,
chr_0004_pelica,pelica,Girl,model_asset,,assets/beyond/arts/entity/actor/girl/pelica/models/sk_actor_pelica_01.fbx##s_actor_pelica_cloth_01_lod1,,,,1235029,134590,main/906d4aa3e895b5c94bb5779a.ab,,
chr_0004_pelica,pelica,Girl,model_asset,,assets/beyond/arts/entity/actor/girl/pelica/models/sk_actor_pelica_01.fbx##s_actor_pelica_cloth_01_lod2,,,,559505,134590,main/906d4aa3e895b5c94bb5779a.ab,,
chr_0004_pelica,pelica,Girl,model_asset,,assets/beyond/arts/entity/actor/girl/pelica/models/sk_actor_pelica_01.fbx##s_actor_pelica_cloth_01_lod3,,,,254989,134590,main/906d4aa3e895b5c94bb5779a.ab,,
chr_0004_pelica,pelica,Girl,model_asset,,assets/beyond/arts/entity/actor/girl/pelica/models/sk_actor_pelica_01.fbx##s_actor_pelica_cloth_02_lod0,,,,2660401,134590,main/906d4aa3e895b5c94bb5779a.ab,,
chr_0004_pelica,pelica,Girl,model_asset,,assets/beyond/arts/entity/actor/girl/pelica/models/sk_actor_pelica_01.fbx##s_actor_pelica_cloth_02_lod1,,,,1679849,134590,main/906d4aa3e895b5c94bb5779a.ab,,
chr_0004_pelica,pelica,Girl,model_asset,,assets/beyond/arts/entity/actor/girl/pelica/models/sk_actor_pelica_01.fbx##s_actor_pelica_cloth_02_lod2,,,,684977,134590,main/906d4aa3e895b5c94bb5779a.ab,,
chr_0004_pelica,pelica,Girl,model_asset,,assets/beyond/arts/entity/actor/girl/pelica/models/sk_actor_pelica_01.fbx##s_actor_pelica_cloth_02_lod3,,,,316249,134590,main/906d4aa3e895b5c94bb5779a.ab,,
chr_0004_pelica,pelica,Girl,model_asset,,assets/beyond/arts/entity/actor/girl/pelica/models/sk_actor_pelica_01.fbx##s_actor_pelica_cloth_03_lod0,,,,68141,134590,main/906d4aa3e895b5c94bb5779a.ab,,
chr_0004_pelica,pelica,Girl,model_asset,,assets/beyond/arts/entity/actor/girl/pelica/models/sk_actor_pelica_01.fbx##s_actor_pelica_cloth_03_lod1,,,,31041,134590,main/906d4aa3e895b5c94bb5779a.ab,,
chr_0004_pelica,pelica,Girl,model_asset,,assets/beyond/arts/entity/actor/girl/pelica/models/sk_actor_pelica_01.fbx##s_actor_pelica_cloth_03_lod2,,,,15365,134590,main/906d4aa3e895b5c94bb5779a.ab,,
chr_0004_pelica,pelica,Girl,model_asset,,assets/beyond/arts/entity/actor/girl/pelica/models/sk_actor_pelica_01.fbx##s_actor_pelica_cloth_03_lod3,,,,8245,134590,main/906d4aa3e895b5c94bb5779a.ab,,
chr_0004_pelica,pelica,Girl,model_asset,,assets/beyond/arts/entity/actor/girl/pelica/models/sk_actor_pelica_01.fbx##s_actor_pelica_cloth_04_lod0,,,,222417,134590,main/906d4aa3e895b5c94bb5779a.ab,,
chr_0004_pelica,pelica,Girl,model_asset,,assets/beyond/arts/entity/actor/girl/pelica/models/sk_actor_pelica_01.fbx##s_actor_pelica_cloth_04_lod1,,,,136905,134590,main/906d4aa3e895b5c94bb5779a.ab,,
chr_0004_pelica,pelica,Girl,model_asset,,assets/beyond/arts/entity/actor/girl/pelica/models/sk_actor_pelica_01.fbx##s_actor_pelica_cloth_04_lod2,,,,58889,134590,main/906d4aa3e895b5c94bb5779a.ab,,
chr_0004_pelica,pelica,Girl,model_asset,,assets/beyond/arts/entity/actor/girl/pelica/models/sk_actor_pelica_01.fbx##s_actor_pelica_cloth_04_lod3,,,,47113,134590,main/906d4aa3e895b5c94bb5779a.ab,,
chr_0004_pelica,pelica,Girl,model_asset,,assets/beyond/arts/entity/actor/girl/pelica/models/sk_actor_pelica_01.fbx##s_actor_pelica_eyebrow_l_01_lod0,,,,61849,134590,main/906d4aa3e895b5c94bb5779a.ab,,
chr_0004_pelica,pelica,Girl,model_asset,,assets/beyond/arts/entity/actor/girl/pelica/models/sk_actor_pelica_01.fbx##s_actor_pelica_eyebrow_l_01_lod1,,,,61849,134590,main/906d4aa3e895b5c94bb5779a.ab,,
chr_0004_pelica,pelica,Girl,model_asset,,assets/beyond/arts/entity/actor/girl/pelica/models/sk_actor_pelica_01.fbx##s_actor_pelica_eyebrow_l_01_lod2,,,,18025,134590,main/906d4aa3e895b5c94bb5779a.ab,,
chr_0004_pelica,pelica,Girl,model_asset,,assets/beyond/arts/entity/actor/girl/pelica/models/sk_actor_pelica_01.fbx##s_actor_pelica_eyebrow_l_01_lod3,,,,5141,134590,main/906d4aa3e895b5c94bb5779a.ab,,
chr_0004_pelica,pelica,Girl,model_asset,,assets/beyond/arts/entity/actor/girl/pelica/models/sk_actor_pelica_01.fbx##s_actor_pelica_eyebrow_r_01_lod0,,,,61849,134590,main/906d4aa3e895b5c94bb5779a.ab,,
chr_0004_pelica,pelica,Girl,model_asset,,assets/beyond/arts/entity/actor/girl/pelica/models/sk_actor_pelica_01.fbx##s_actor_pelica_eyebrow_r_01_lod1,,,,61849,134590,main/906d4aa3e895b5c94bb5779a.ab,,
chr_0004_pelica,pelica,Girl,model_asset,,assets/beyond/arts/entity/actor/girl/pelica/models/sk_actor_pelica_01.fbx##s_actor_pelica_eyebrow_r_01_lod2,,,,18025,134590,main/906d4aa3e895b5c94bb5779a.ab,,
chr_0004_pelica,pelica,Girl,model_asset,,assets/beyond/arts/entity/actor/girl/pelica/models/sk_actor_pelica_01.fbx##s_actor_pelica_eyebrow_r_01_lod3,,,,5485,134590,main/906d4aa3e895b5c94bb5779a.ab,,
chr_0004_pelica,pelica,Girl,model_asset,,assets/beyond/arts/entity/actor/girl/pelica/models/sk_actor_pelica_01.fbx##s_actor_pelica_eyeshadow_01_lod0,,,,7665,134590,main/906d4aa3e895b5c94bb5779a.ab,,
chr_0004_pelica,pelica,Girl,model_asset,,assets/beyond/arts/entity/actor/girl/pelica/models/sk_actor_pelica_01.fbx##s_actor_pelica_eyeshadow_01_lod1,,,,7969,134590,main/906d4aa3e895b5c94bb5779a.ab,,
chr_0004_pelica,pelica,Girl,model_asset,,assets/beyond/arts/entity/actor/girl/pelica/models/sk_actor_pelica_01.fbx##s_actor_pelica_face_01_lod0,,,,243376,134590,main/906d4aa3e895b5c94bb5779a.ab,,
chr_0004_pelica,pelica,Girl,model_asset,,assets/beyond/arts/entity/actor/girl/pelica/models/sk_actor_pelica_01.fbx##s_actor_pelica_face_01_lod1,,,,243376,134590,main/906d4aa3e895b5c94bb5779a.ab,,
chr_0004_pelica,pelica,Girl,model_asset,,assets/beyond/arts/entity/actor/girl/pelica/models/sk_actor_pelica_01.fbx##s_actor_pelica_face_01_lod2,,,,71128,134590,main/906d4aa3e895b5c94bb5779a.ab,,
chr_0004_pelica,pelica,Girl,model_asset,,assets/beyond/arts/entity/actor/girl/pelica/models/sk_actor_pelica_01.fbx##s_actor_pelica_face_01_lod3,,,,22804,134590,main/906d4aa3e895b5c94bb5779a.ab,,
chr_0004_pelica,pelica,Girl,model_asset,,assets/beyond/arts/entity/actor/girl/pelica/models/sk_actor_pelica_01.fbx##s_actor_pelica_hair_01_lod0,,,,1527740,134590,main/906d4aa3e895b5c94bb5779a.ab,,
chr_0004_pelica,pelica,Girl,model_asset,,assets/beyond/arts/entity/actor/girl/pelica/models/sk_actor_pelica_01.fbx##s_actor_pelica_hair_01_lod1,,,,835200,134590,main/906d4aa3e895b5c94bb5779a.ab,,
chr_0004_pelica,pelica,Girl,model_asset,,assets/beyond/arts/entity/actor/girl/pelica/models/sk_actor_pelica_01.fbx##s_actor_pelica_hair_01_lod2,,,,589892,134590,main/906d4aa3e895b5c94bb5779a.ab,,
chr_0004_pelica,pelica,Girl,model_asset,,assets/beyond/arts/entity/actor/girl/pelica/models/sk_actor_pelica_01.fbx##s_actor_pelica_hair_01_lod3,,,,273148,134590,main/906d4aa3e895b5c94bb5779a.ab,,
chr_0004_pelica,pelica,Girl,model_asset,,assets/beyond/arts/entity/actor/girl/pelica/models/sk_actor_pelica_01.fbx##s_actor_pelica_hairshadow_01_lod0,,,,21334,134590,main/906d4aa3e895b5c94bb5779a.ab,,
chr_0004_pelica,pelica,Girl,model_asset,,assets/beyond/arts/entity/actor/girl/pelica/models/sk_actor_pelica_01.fbx##s_actor_pelica_hairshadow_01_lod1,,,,21334,134590,main/906d4aa3e895b5c94bb5779a.ab,,
chr_0004_pelica,pelica,Girl,model_asset,,assets/beyond/arts/entity/actor/girl/pelica/models/sk_actor_pelica_01.fbx##s_actor_pelica_iris_01_lod0,,,,13484,134590,main/906d4aa3e895b5c94bb5779a.ab,,
chr_0004_pelica,pelica,Girl,model_asset,,assets/beyond/arts/entity/actor/girl/pelica/models/sk_actor_pelica_01.fbx##s_actor_pelica_iris_01_lod1,,,,13484,134590,main/906d4aa3e895b5c94bb5779a.ab,,
chr_0004_pelica,pelica,Girl,model_asset,,assets/beyond/arts/entity/actor/girl/pelica/models/sk_actor_pelica_01.fbx##s_actor_pelica_iris_01_lod2,,,,5944,134590,main/906d4aa3e895b5c94bb5779a.ab,,
chr_0004_pelica,pelica,Girl,model_asset,,assets/beyond/arts/entity/actor/girl/pelica/models/sk_actor_pelica_01.fbx##s_actor_pelica_iris_01_lod3,,,,5112,134590,main/906d4aa3e895b5c94bb5779a.ab,,
chr_0004_pelica,pelica,Girl,model_asset,,assets/beyond/arts/entity/actor/girl/pelica/models/sk_actor_pelica_01.fbx##sk_actor_pelica_01avatar,,,,236714,134590,main/906d4aa3e895b5c94bb5779a.ab,,
chr_0005_chen,chen,Girl,postmodel,chr_0005_chen_postmodel,assets/beyond/dynamicassets/gameplay/actors/postmodels/characters/chr_0005_chen_postmodel.prefab,assets/beyond/dynamicassets/gameplay/actors/postmodels/characters/chr_0005_chen_postmodel.prefab,223711904957465001,0x031AC8CAD30401A9,520,105559,main/7115e22187448e4f46cba21b.ab,267766504089940636,0x03B74C377F07729C
chr_0005_chen,chen,Girl,model_asset,,assets/beyond/arts/entity/actor/girl/chen/models/s_actor_chen_body_01_lod0.asset,,,,156966,152516,main/a3e567a75a3baa146889b321.ab,,
chr_0005_chen,chen,Girl,model_asset,,assets/beyond/arts/entity/actor/girl/chen/models/s_actor_chen_cloth_01_lod0.asset,,,,5014611,36668,main/2699e699f63135f3465693b7.ab,,
chr_0005_chen,chen,Girl,model_asset,,assets/beyond/arts/entity/actor/girl/chen/models/s_actor_chen_cloth_02_lod0.asset,,,,542675,81317,main/5703e5c93a9d37d10631af54.ab,,
chr_0005_chen,chen,Girl,model_asset,,assets/beyond/arts/entity/actor/girl/chen/models/s_actor_chen_cloth_03_lod0.asset,,,,477951,54848,main/3a3f434f355f7ee2e5194686.ab,,
chr_0005_chen,chen,Girl,model_asset,,assets/beyond/arts/entity/actor/girl/chen/models/s_actor_chen_face_01_lod0.asset,,,,341750,9850,main/099ed4e82ade0c376e67a7dd.ab,,
chr_0005_chen,chen,Girl,model_asset,,assets/beyond/arts/entity/actor/girl/chen/models/s_actor_chen_hair_01_lod0.asset,,,,1718186,185381,main/c7576d5abe5916c3455b0c36.ab,,
chr_0005_chen,chen,Girl,model_asset,,assets/beyond/arts/entity/actor/girl/chen/models/sk_actor_chen_01.fbx,,,,0,43717,main/2e2c42f7f19ba91ee0a5a97d.ab,,
chr_0005_chen,chen,Girl,model_asset,,assets/beyond/arts/entity/actor/girl/chen/models/sk_actor_chen_01.fbx,,,,0,43717,main/2e2c42f7f19ba91ee0a5a97d.ab,,
chr_0005_chen,chen,Girl,model_asset,,assets/beyond/arts/entity/actor/girl/chen/models/sk_actor_chen_01.fbx,,,,0,43717,main/2e2c42f7f19ba91ee0a5a97d.ab,,
chr_0005_chen,chen,Girl,model_asset,,assets/beyond/arts/entity/actor/girl/chen/models/sk_actor_chen_01.fbx,,,,0,43717,main/2e2c42f7f19ba91ee0a5a97d.ab,,
chr_0005_chen,chen,Girl,model_asset,,assets/beyond/arts/entity/actor/girl/chen/models/sk_actor_chen_01.fbx,,,,0,43717,main/2e2c42f7f19ba91ee0a5a97d.ab,,
chr_0005_chen,chen,Girl,model_asset,,assets/beyond/arts/entity/actor/girl/chen/models/sk_actor_chen_01.fbx,,,,0,43717,main/2e2c42f7f19ba91ee0a5a97d.ab,,
chr_0005_chen,chen,Girl,model_asset,,assets/beyond/arts/entity/actor/girl/chen/models/sk_actor_chen_01.fbx,,,,0,43717,main/2e2c42f7f19ba91ee0a5a97d.ab,,
chr_0005_chen,chen,Girl,model_asset,,assets/beyond/arts/entity/actor/girl/chen/models/sk_actor_chen_01.fbx,,,,0,43717,main/2e2c42f7f19ba91ee0a5a97d.ab,,
chr_0005_chen,chen,Girl,model_asset,,assets/beyond/arts/entity/actor/girl/chen/models/sk_actor_chen_01.fbx,,,,0,43717,main/2e2c42f7f19ba91ee0a5a97d.ab,,
chr_0005_chen,chen,Girl,model_asset,,assets/beyond/arts/entity/actor/girl/chen/models/sk_actor_chen_01.fbx,,,,0,43717,main/2e2c42f7f19ba91ee0a5a97d.ab,,
chr_0005_chen,chen,Girl,model_asset,,assets/beyond/arts/entity/actor/girl/chen/models/sk_actor_chen_01.fbx,,,,0,43717,main/2e2c42f7f19ba91ee0a5a97d.ab,,
chr_0005_chen,chen,Girl,model_asset,,assets/beyond/arts/entity/actor/girl/chen/models/sk_actor_chen_01.fbx,,,,0,43717,main/2e2c42f7f19ba91ee0a5a97d.ab,,
chr_0005_chen,chen,Girl,model_asset,,assets/beyond/arts/entity/actor/girl/chen/models/sk_actor_chen_01.fbx,,,,0,43717,main/2e2c42f7f19ba91ee0a5a97d.ab,,
chr_0005_chen,chen,Girl,model_asset,,assets/beyond/arts/entity/actor/girl/chen/models/sk_actor_chen_01.fbx,,,,0,43717,main/2e2c42f7f19ba91ee0a5a97d.ab,,
chr_0005_chen,chen,Girl,model_asset,,assets/beyond/arts/entity/actor/girl/chen/models/sk_actor_chen_01.fbx,,,,0,43717,main/2e2c42f7f19ba91ee0a5a97d.ab,,
chr_0005_chen,chen,Girl,model_asset,,assets/beyond/arts/entity/actor/girl/chen/models/sk_actor_chen_01.fbx,,,,0,43717,main/2e2c42f7f19ba91ee0a5a97d.ab,,
chr_0005_chen,chen,Girl,model_asset,,assets/beyond/arts/entity/actor/girl/chen/models/sk_actor_chen_01.fbx,,,,0,43717,main/2e2c42f7f19ba91ee0a5a97d.ab,,
chr_0005_chen,chen,Girl,model_asset,,assets/beyond/arts/entity/actor/girl/chen/models/sk_actor_chen_01.fbx,,,,0,43717,main/2e2c42f7f19ba91ee0a5a97d.ab,,
chr_0005_chen,chen,Girl,model_asset,,assets/beyond/arts/entity/actor/girl/chen/models/sk_actor_chen_01.fbx,,,,0,43717,main/2e2c42f7f19ba91ee0a5a97d.ab,,
chr_0005_chen,chen,Girl,model_asset,,assets/beyond/arts/entity/actor/girl/chen/models/sk_actor_chen_01.fbx,,,,0,43717,main/2e2c42f7f19ba91ee0a5a97d.ab,,
chr_0005_chen,chen,Girl,model_asset,,assets/beyond/arts/entity/actor/girl/chen/models/sk_actor_chen_01.fbx,,,,0,43717,main/2e2c42f7f19ba91ee0a5a97d.ab,,
chr_0005_chen,chen,Girl,model_asset,,assets/beyond/arts/entity/actor/girl/chen/models/sk_actor_chen_01.fbx,,,,0,43717,main/2e2c42f7f19ba91ee0a5a97d.ab,,
chr_0005_chen,chen,Girl,model_asset,,assets/beyond/arts/entity/actor/girl/chen/models/sk_actor_chen_01.fbx,,,,0,43717,main/2e2c42f7f19ba91ee0a5a97d.ab,,
chr_0005_chen,chen,Girl,model_asset,,assets/beyond/arts/entity/actor/girl/chen/models/sk_actor_chen_01.fbx,,,,0,43717,main/2e2c42f7f19ba91ee0a5a97d.ab,,
chr_0005_chen,chen,Girl,model_asset,,assets/beyond/arts/entity/actor/girl/chen/models/sk_actor_chen_01.fbx,,,,0,43717,main/2e2c42f7f19ba91ee0a5a97d.ab,,
chr_0005_chen,chen,Girl,model_asset,,assets/beyond/arts/entity/actor/girl/chen/models/sk_actor_chen_01.fbx,,,,0,43717,main/2e2c42f7f19ba91ee0a5a97d.ab,,
chr_0005_chen,chen,Girl,model_asset,,assets/beyond/arts/entity/actor/girl/chen/models/sk_actor_chen_01.fbx,,,,0,43717,main/2e2c42f7f19ba91ee0a5a97d.ab,,
chr_0005_chen,chen,Girl,model_asset,,assets/beyond/arts/entity/actor/girl/chen/models/sk_actor_chen_01.fbx,,,,0,43717,main/2e2c42f7f19ba91ee0a5a97d.ab,,
chr_0005_chen,chen,Girl,model_asset,,assets/beyond/arts/entity/actor/girl/chen/models/sk_actor_chen_01.fbx,,,,0,43717,main/2e2c42f7f19ba91ee0a5a97d.ab,,
chr_0005_chen,chen,Girl,model_asset,,assets/beyond/arts/entity/actor/girl/chen/models/sk_actor_chen_01.fbx,,,,0,43717,main/2e2c42f7f19ba91ee0a5a97d.ab,,
chr_0005_chen,chen,Girl,model_asset,,assets/beyond/arts/entity/actor/girl/chen/models/sk_actor_chen_01.fbx,,,,0,43717,main/2e2c42f7f19ba91ee0a5a97d.ab,,
chr_0005_chen,chen,Girl,model_asset,,assets/beyond/arts/entity/actor/girl/chen/models/sk_actor_chen_01.fbx,,,,0,43717,main/2e2c42f7f19ba91ee0a5a97d.ab,,
chr_0005_chen,chen,Girl,model_asset,,assets/beyond/arts/entity/actor/girl/chen/models/sk_actor_chen_01.fbx,,,,0,43717,main/2e2c42f7f19ba91ee0a5a97d.ab,,
chr_0005_chen,chen,Girl,model_asset,,assets/beyond/arts/entity/actor/girl/chen/models/sk_actor_chen_01.fbx,,,,0,43717,main/2e2c42f7f19ba91ee0a5a97d.ab,,
chr_0005_chen,chen,Girl,model_asset,,assets/beyond/arts/entity/actor/girl/chen/models/sk_actor_chen_01.fbx,,,,0,43717,main/2e2c42f7f19ba91ee0a5a97d.ab,,
chr_0005_chen,chen,Girl,model_asset,,assets/beyond/arts/entity/actor/girl/chen/models/sk_actor_chen_01.fbx,,,,0,43717,main/2e2c42f7f19ba91ee0a5a97d.ab,,
chr_0005_chen,chen,Girl,model_asset,,assets/beyond/arts/entity/actor/girl/chen/models/sk_actor_chen_01.fbx,,,,0,43717,main/2e2c42f7f19ba91ee0a5a97d.ab,,
chr_0005_chen,chen,Girl,model_asset,,assets/beyond/arts/entity/actor/girl/chen/models/sk_actor_chen_01.fbx##s_actor_chen_body_01_lod0,,,,144486,43717,main/2e2c42f7f19ba91ee0a5a97d.ab,,
chr_0005_chen,chen,Girl,model_asset,,assets/beyond/arts/entity/actor/girl/chen/models/sk_actor_chen_01.fbx##s_actor_chen_body_01_lod1,,,,72474,43717,main/2e2c42f7f19ba91ee0a5a97d.ab,,
chr_0005_chen,chen,Girl,model_asset,,assets/beyond/arts/entity/actor/girl/chen/models/sk_actor_chen_01.fbx##s_actor_chen_body_01_lod2,,,,64842,43717,main/2e2c42f7f19ba91ee0a5a97d.ab,,
chr_0005_chen,chen,Girl,model_asset,,assets/beyond/arts/entity/actor/girl/chen/models/sk_actor_chen_01.fbx##s_actor_chen_body_01_lod3,,,,39226,43717,main/2e2c42f7f19ba91ee0a5a97d.ab,,
chr_0005_chen,chen,Girl,model_asset,,assets/beyond/arts/entity/actor/girl/chen/models/sk_actor_chen_01.fbx##s_actor_chen_cloth_01_lod0,,,,4598035,43717,main/2e2c42f7f19ba91ee0a5a97d.ab,,
chr_0005_chen,chen,Girl,model_asset,,assets/beyond/arts/entity/actor/girl/chen/models/sk_actor_chen_01.fbx##s_actor_chen_cloth_01_lod1,,,,1315403,43717,main/2e2c42f7f19ba91ee0a5a97d.ab,,
chr_0005_chen,chen,Girl,model_asset,,assets/beyond/arts/entity/actor/girl/chen/models/sk_actor_chen_01.fbx##s_actor_chen_cloth_01_lod2,,,,896607,43717,main/2e2c42f7f19ba91ee0a5a97d.ab,,
chr_0005_chen,chen,Girl,model_asset,,assets/beyond/arts/entity/actor/girl/chen/models/sk_actor_chen_01.fbx##s_actor_chen_cloth_01_lod3,,,,390071,43717,main/2e2c42f7f19ba91ee0a5a97d.ab,,
chr_0005_chen,chen,Girl,model_asset,,assets/beyond/arts/entity/actor/girl/chen/models/sk_actor_chen_01.fbx##s_actor_chen_cloth_02_lod0,,,,497715,43717,main/2e2c42f7f19ba91ee0a5a97d.ab,,
chr_0005_chen,chen,Girl,model_asset,,assets/beyond/arts/entity/actor/girl/chen/models/sk_actor_chen_01.fbx##s_actor_chen_cloth_02_lod1,,,,259179,43717,main/2e2c42f7f19ba91ee0a5a97d.ab,,
chr_0005_chen,chen,Girl,model_asset,,assets/beyond/arts/entity/actor/girl/chen/models/sk_actor_chen_01.fbx##s_actor_chen_cloth_02_lod2,,,,258291,43717,main/2e2c42f7f19ba91ee0a5a97d.ab,,
chr_0005_chen,chen,Girl,model_asset,,assets/beyond/arts/entity/actor/girl/chen/models/sk_actor_chen_01.fbx##s_actor_chen_cloth_02_lod3,,,,48779,43717,main/2e2c42f7f19ba91ee0a5a97d.ab,,
chr_0005_chen,chen,Girl,model_asset,,assets/beyond/arts/entity/actor/girl/chen/models/sk_actor_chen_01.fbx##s_actor_chen_cloth_03_lod0,,,,329167,43717,main/2e2c42f7f19ba91ee0a5a97d.ab,,
chr_0005_chen,chen,Girl,model_asset,,assets/beyond/arts/entity/actor/girl/chen/models/sk_actor_chen_01.fbx##s_actor_chen_cloth_03_lod1,,,,200207,43717,main/2e2c42f7f19ba91ee0a5a97d.ab,,
chr_0005_chen,chen,Girl,model_asset,,assets/beyond/arts/entity/actor/girl/chen/models/sk_actor_chen_01.fbx##s_actor_chen_cloth_03_lod2,,,,45523,43717,main/2e2c42f7f19ba91ee0a5a97d.ab,,
chr_0005_chen,chen,Girl,model_asset,,assets/beyond/arts/entity/actor/girl/chen/models/sk_actor_chen_01.fbx##s_actor_chen_cloth_03_lod3,,,,26155,43717,main/2e2c42f7f19ba91ee0a5a97d.ab,,
chr_0005_chen,chen,Girl,model_asset,,assets/beyond/arts/entity/actor/girl/chen/models/sk_actor_chen_01.fbx##s_actor_chen_eyebrow_01_lod0,,,,98673,43717,main/2e2c42f7f19ba91ee0a5a97d.ab,,
chr_0005_chen,chen,Girl,model_asset,,assets/beyond/arts/entity/actor/girl/chen/models/sk_actor_chen_01.fbx##s_actor_chen_eyebrow_01_lod1,,,,98673,43717,main/2e2c42f7f19ba91ee0a5a97d.ab,,
chr_0005_chen,chen,Girl,model_asset,,assets/beyond/arts/entity/actor/girl/chen/models/sk_actor_chen_01.fbx##s_actor_chen_eyebrow_01_lod2,,,,24289,43717,main/2e2c42f7f19ba91ee0a5a97d.ab,,
chr_0005_chen,chen,Girl,model_asset,,assets/beyond/arts/entity/actor/girl/chen/models/sk_actor_chen_01.fbx##s_actor_chen_eyebrow_01_lod3,,,,9329,43717,main/2e2c42f7f19ba91ee0a5a97d.ab,,
chr_0005_chen,chen,Girl,model_asset,,assets/beyond/arts/entity/actor/girl/chen/models/sk_actor_chen_01.fbx##s_actor_chen_eyeshadow_01_lod0,,,,7663,43717,main/2e2c42f7f19ba91ee0a5a97d.ab,,
chr_0005_chen,chen,Girl,model_asset,,assets/beyond/arts/entity/actor/girl/chen/models/sk_actor_chen_01.fbx##s_actor_chen_eyeshadow_01_lod1,,,,7663,43717,main/2e2c42f7f19ba91ee0a5a97d.ab,,
chr_0005_chen,chen,Girl,model_asset,,assets/beyond/arts/entity/actor/girl/chen/models/sk_actor_chen_01.fbx##s_actor_chen_face_01_lod0,,,,314518,43717,main/2e2c42f7f19ba91ee0a5a97d.ab,,
chr_0005_chen,chen,Girl,model_asset,,assets/beyond/arts/entity/actor/girl/chen/models/sk_actor_chen_01.fbx##s_actor_chen_face_01_lod1,,,,314518,43717,main/2e2c42f7f19ba91ee0a5a97d.ab,,
chr_0005_chen,chen,Girl,model_asset,,assets/beyond/arts/entity/actor/girl/chen/models/sk_actor_chen_01.fbx##s_actor_chen_face_01_lod2,,,,54554,43717,main/2e2c42f7f19ba91ee0a5a97d.ab,,
chr_0005_chen,chen,Girl,model_asset,,assets/beyond/arts/entity/actor/girl/chen/models/sk_actor_chen_01.fbx##s_actor_chen_face_01_lod3,,,,20926,43717,main/2e2c42f7f19ba91ee0a5a97d.ab,,
chr_0005_chen,chen,Girl,model_asset,,assets/beyond/arts/entity/actor/girl/chen/models/sk_actor_chen_01.fbx##s_actor_chen_hair_01_lod0,,,,1575098,43717,main/2e2c42f7f19ba91ee0a5a97d.ab,,
chr_0005_chen,chen,Girl,model_asset,,assets/beyond/arts/entity/actor/girl/chen/models/sk_actor_chen_01.fbx##s_actor_chen_hair_01_lod1,,,,1271882,43717,main/2e2c42f7f19ba91ee0a5a97d.ab,,
chr_0005_chen,chen,Girl,model_asset,,assets/beyond/arts/entity/actor/girl/chen/models/sk_actor_chen_01.fbx##s_actor_chen_hair_01_lod2,,,,670486,43717,main/2e2c42f7f19ba91ee0a5a97d.ab,,
chr_0005_chen,chen,Girl,model_asset,,assets/beyond/arts/entity/actor/girl/chen/models/sk_actor_chen_01.fbx##s_actor_chen_hair_01_lod3,,,,337686,43717,main/2e2c42f7f19ba91ee0a5a97d.ab,,
chr_0005_chen,chen,Girl,model_asset,,assets/beyond/arts/entity/actor/girl/chen/models/sk_actor_chen_01.fbx##s_actor_chen_hs_01_lod0,,,,34400,43717,main/2e2c42f7f19ba91ee0a5a97d.ab,,
chr_0005_chen,chen,Girl,model_asset,,assets/beyond/arts/entity/actor/girl/chen/models/sk_actor_chen_01.fbx##s_actor_chen_hs_01_lod1,,,,26316,43717,main/2e2c42f7f19ba91ee0a5a97d.ab,,
chr_0005_chen,chen,Girl,model_asset,,assets/beyond/arts/entity/actor/girl/chen/models/sk_actor_chen_01.fbx##s_actor_chen_iris_01_lod0,,,,22746,43717,main/2e2c42f7f19ba91ee0a5a97d.ab,,
chr_0005_chen,chen,Girl,model_asset,,assets/beyond/arts/entity/actor/girl/chen/models/sk_actor_chen_01.fbx##s_actor_chen_iris_01_lod1,,,,22746,43717,main/2e2c42f7f19ba91ee0a5a97d.ab,,
chr_0005_chen,chen,Girl,model_asset,,assets/beyond/arts/entity/actor/girl/chen/models/sk_actor_chen_01.fbx##s_actor_chen_iris_01_lod2,,,,8342,43717,main/2e2c42f7f19ba91ee0a5a97d.ab,,
chr_0005_chen,chen,Girl,model_asset,,assets/beyond/arts/entity/actor/girl/chen/models/sk_actor_chen_01.fbx##s_actor_chen_iris_01_lod3,,,,3630,43717,main/2e2c42f7f19ba91ee0a5a97d.ab,,
chr_0005_chen,chen,Girl,model_asset,,assets/beyond/arts/entity/actor/girl/chen/models/sk_actor_chen_01.fbx##sk_actor_chen_01avatar,,,,240796,43717,main/2e2c42f7f19ba91ee0a5a97d.ab,,
chr_0006_wolfgd,wolfgd,Gentleman,postmodel,chr_0006_wolfgd_postmodel,assets/beyond/dynamicassets/gameplay/actors/postmodels/characters/chr_0006_wolfgd_postmodel.prefab,assets/beyond/dynamicassets/gameplay/actors/postmodels/characters/chr_0006_wolfgd_postmodel.prefab,174958706022866727,0x026D940422DADF27,520,5487,main/04e0321f0d34865378bf8fb7.ab,29966456854495541,0x006A76556FFD4135
chr_0006_wolfgd,wolfgd,Gentleman,model_asset,,assets/beyond/arts/entity/actor/gentleman/wolfgd/models/s_actor_wolfgd_body_01_lod0.asset,,,,156160,87192,main/5d3ebd05757cd41ff0470db3.ab,,
chr_0006_wolfgd,wolfgd,Gentleman,model_asset,,assets/beyond/arts/entity/actor/gentleman/wolfgd/models/s_actor_wolfgd_cloth_01_lod0.asset,,,,2705405,36757,main/26b53038496619a32cdb0019.ab,,
chr_0006_wolfgd,wolfgd,Gentleman,model_asset,,assets/beyond/arts/entity/actor/gentleman/wolfgd/models/s_actor_wolfgd_cloth_02_lod0.asset,,,,2876121,41569,main/2be98ac35a8fe1d12c1c4c80.ab,,
chr_0006_wolfgd,wolfgd,Gentleman,model_asset,,assets/beyond/arts/entity/actor/gentleman/wolfgd/models/s_actor_wolfgd_cloth_03_lod0.asset,,,,203685,177019,main/be536055078442070e90fac8.ab,,
chr_0006_wolfgd,wolfgd,Gentleman,model_asset,,assets/beyond/arts/entity/actor/gentleman/wolfgd/models/s_actor_wolfgd_cloth_04_lod0.asset,,,,851273,74971,main/500450030e7599805c46fe80.ab,,
chr_0006_wolfgd,wolfgd,Gentleman,model_asset,,assets/beyond/arts/entity/actor/gentleman/wolfgd/models/s_actor_wolfgd_cloth_05_lod0.asset,,,,63689,203278,main/daa1bbd590a2c55ef580f8b9.ab,,
chr_0006_wolfgd,wolfgd,Gentleman,model_asset,,assets/beyond/arts/entity/actor/gentleman/wolfgd/models/s_actor_wolfgd_face_01_lod0.asset,,,,315628,95654,main/666fd5a16d75deefa20d9d33.ab,,
chr_0006_wolfgd,wolfgd,Gentleman,model_asset,,assets/beyond/arts/entity/actor/gentleman/wolfgd/models/s_actor_wolfgd_furcard_01_lod0.asset,,,,850735,10827,main/0ab45f3efa6e9213553676ca.ab,,
chr_0006_wolfgd,wolfgd,Gentleman,model_asset,,assets/beyond/arts/entity/actor/gentleman/wolfgd/models/s_actor_wolfgd_furcard_02_lod0.asset,,,,89799,20210,main/14c8421687892345536eefd2.ab,,
chr_0006_wolfgd,wolfgd,Gentleman,model_asset,,assets/beyond/arts/entity/actor/gentleman/wolfgd/models/s_actor_wolfgd_hair_01_lod0.asset,,,,1234272,74948,main/4ffe231060ee2272644de426.ab,,
chr_0006_wolfgd,wolfgd,Gentleman,model_asset,,assets/beyond/arts/entity/actor/gentleman/wolfgd/models/s_actor_wolfgd_hair_02_lod0.asset,,,,110128,176763,main/be0eabf83b3edaa5d144308a.ab,,
chr_0006_wolfgd,wolfgd,Gentleman,model_asset,,assets/beyond/arts/entity/actor/gentleman/wolfgd/models/sk_actor_wolfgd_01.fbx,,,,0,79156,main/5494c2acde77642ef4e89272.ab,,
chr_0006_wolfgd,wolfgd,Gentleman,model_asset,,assets/beyond/arts/entity/actor/gentleman/wolfgd/models/sk_actor_wolfgd_01.fbx,,,,0,79156,main/5494c2acde77642ef4e89272.ab,,
chr_0006_wolfgd,wolfgd,Gentleman,model_asset,,assets/beyond/arts/entity/actor/gentleman/wolfgd/models/sk_actor_wolfgd_01.fbx,,,,0,79156,main/5494c2acde77642ef4e89272.ab,,
chr_0006_wolfgd,wolfgd,Gentleman,model_asset,,assets/beyond/arts/entity/actor/gentleman/wolfgd/models/sk_actor_wolfgd_01.fbx,,,,0,79156,main/5494c2acde77642ef4e89272.ab,,
chr_0006_wolfgd,wolfgd,Gentleman,model_asset,,assets/beyond/arts/entity/actor/gentleman/wolfgd/models/sk_actor_wolfgd_01.fbx,,,,0,79156,main/5494c2acde77642ef4e89272.ab,,
chr_0006_wolfgd,wolfgd,Gentleman,model_asset,,assets/beyond/arts/entity/actor/gentleman/wolfgd/models/sk_actor_wolfgd_01.fbx,,,,0,79156,main/5494c2acde77642ef4e89272.ab,,
chr_0006_wolfgd,wolfgd,Gentleman,model_asset,,assets/beyond/arts/entity/actor/gentleman/wolfgd/models/sk_actor_wolfgd_01.fbx,,,,0,79156,main/5494c2acde77642ef4e89272.ab,,
chr_0006_wolfgd,wolfgd,Gentleman,model_asset,,assets/beyond/arts/entity/actor/gentleman/wolfgd/models/sk_actor_wolfgd_01.fbx,,,,0,79156,main/5494c2acde77642ef4e89272.ab,,
chr_0006_wolfgd,wolfgd,Gentleman,model_asset,,assets/beyond/arts/entity/actor/gentleman/wolfgd/models/sk_actor_wolfgd_01.fbx,,,,0,79156,main/5494c2acde77642ef4e89272.ab,,
chr_0006_wolfgd,wolfgd,Gentleman,model_asset,,assets/beyond/arts/entity/actor/gentleman/wolfgd/models/sk_actor_wolfgd_01.fbx,,,,0,79156,main/5494c2acde77642ef4e89272.ab,,
chr_0006_wolfgd,wolfgd,Gentleman,model_asset,,assets/beyond/arts/entity/actor/gentleman/wolfgd/models/sk_actor_wolfgd_01.fbx,,,,0,79156,main/5494c2acde77642ef4e89272.ab,,
chr_0006_wolfgd,wolfgd,Gentleman,model_asset,,assets/beyond/arts/entity/actor/gentleman/wolfgd/models/sk_actor_wolfgd_01.fbx,,,,0,79156,main/5494c2acde77642ef4e89272.ab,,
chr_0006_wolfgd,wolfgd,Gentleman,model_asset,,assets/beyond/arts/entity/actor/gentleman/wolfgd/models/sk_actor_wolfgd_01.fbx,,,,0,79156,main/5494c2acde77642ef4e89272.ab,,
chr_0006_wolfgd,wolfgd,Gentleman,model_asset,,assets/beyond/arts/entity/actor/gentleman/wolfgd/models/sk_actor_wolfgd_01.fbx,,,,0,79156,main/5494c2acde77642ef4e89272.ab,,
chr_0006_wolfgd,wolfgd,Gentleman,model_asset,,assets/beyond/arts/entity/actor/gentleman/wolfgd/models/sk_actor_wolfgd_01.fbx,,,,0,79156,main/5494c2acde77642ef4e89272.ab,,
chr_0006_wolfgd,wolfgd,Gentleman,model_asset,,assets/beyond/arts/entity/actor/gentleman/wolfgd/models/sk_actor_wolfgd_01.fbx,,,,0,79156,main/5494c2acde77642ef4e89272.ab,,
chr_0006_wolfgd,wolfgd,Gentleman,model_asset,,assets/beyond/arts/entity/actor/gentleman/wolfgd/models/sk_actor_wolfgd_01.fbx,,,,0,79156,main/5494c2acde77642ef4e89272.ab,,
chr_0006_wolfgd,wolfgd,Gentleman,model_asset,,assets/beyond/arts/entity/actor/gentleman/wolfgd/models/sk_actor_wolfgd_01.fbx,,,,0,79156,main/5494c2acde77642ef4e89272.ab,,
chr_0006_wolfgd,wolfgd,Gentleman,model_asset,,assets/beyond/arts/entity/actor/gentleman/wolfgd/models/sk_actor_wolfgd_01.fbx,,,,0,79156,main/5494c2acde77642ef4e89272.ab,,
chr_0006_wolfgd,wolfgd,Gentleman,model_asset,,assets/beyond/arts/entity/actor/gentleman/wolfgd/models/sk_actor_wolfgd_01.fbx,,,,0,79156,main/5494c2acde77642ef4e89272.ab,,
chr_0006_wolfgd,wolfgd,Gentleman,model_asset,,assets/beyond/arts/entity/actor/gentleman/wolfgd/models/sk_actor_wolfgd_01.fbx,,,,0,79156,main/5494c2acde77642ef4e89272.ab,,
chr_0006_wolfgd,wolfgd,Gentleman,model_asset,,assets/beyond/arts/entity/actor/gentleman/wolfgd/models/sk_actor_wolfgd_01.fbx,,,,0,79156,main/5494c2acde77642ef4e89272.ab,,
chr_0006_wolfgd,wolfgd,Gentleman,model_asset,,assets/beyond/arts/entity/actor/gentleman/wolfgd/models/sk_actor_wolfgd_01.fbx,,,,0,79156,main/5494c2acde77642ef4e89272.ab,,
chr_0006_wolfgd,wolfgd,Gentleman,model_asset,,assets/beyond/arts/entity/actor/gentleman/wolfgd/models/sk_actor_wolfgd_01.fbx,,,,0,79156,main/5494c2acde77642ef4e89272.ab,,
chr_0006_wolfgd,wolfgd,Gentleman,model_asset,,assets/beyond/arts/entity/actor/gentleman/wolfgd/models/sk_actor_wolfgd_01.fbx,,,,0,79156,main/5494c2acde77642ef4e89272.ab,,
chr_0006_wolfgd,wolfgd,Gentleman,model_asset,,assets/beyond/arts/entity/actor/gentleman/wolfgd/models/sk_actor_wolfgd_01.fbx,,,,0,79156,main/5494c2acde77642ef4e89272.ab,,
chr_0006_wolfgd,wolfgd,Gentleman,model_asset,,assets/beyond/arts/entity/actor/gentleman/wolfgd/models/sk_actor_wolfgd_01.fbx,,,,0,79156,main/5494c2acde77642ef4e89272.ab,,
chr_0006_wolfgd,wolfgd,Gentleman,model_asset,,assets/beyond/arts/entity/actor/gentleman/wolfgd/models/sk_actor_wolfgd_01.fbx,,,,0,79156,main/5494c2acde77642ef4e89272.ab,,
chr_0006_wolfgd,wolfgd,Gentleman,model_asset,,assets/beyond/arts/entity/actor/gentleman/wolfgd/models/sk_actor_wolfgd_01.fbx,,,,0,79156,main/5494c2acde77642ef4e89272.ab,,
chr_0006_wolfgd,wolfgd,Gentleman,model_asset,,assets/beyond/arts/entity/actor/gentleman/wolfgd/models/sk_actor_wolfgd_01.fbx,,,,0,79156,main/5494c2acde77642ef4e89272.ab,,
chr_0006_wolfgd,wolfgd,Gentleman,model_asset,,assets/beyond/arts/entity/actor/gentleman/wolfgd/models/sk_actor_wolfgd_01.fbx,,,,0,79156,main/5494c2acde77642ef4e89272.ab,,
chr_0006_wolfgd,wolfgd,Gentleman,model_asset,,assets/beyond/arts/entity/actor/gentleman/wolfgd/models/sk_actor_wolfgd_01.fbx,,,,0,79156,main/5494c2acde77642ef4e89272.ab,,
chr_0006_wolfgd,wolfgd,Gentleman,model_asset,,assets/beyond/arts/entity/actor/gentleman/wolfgd/models/sk_actor_wolfgd_01.fbx,,,,0,79156,main/5494c2acde77642ef4e89272.ab,,
chr_0006_wolfgd,wolfgd,Gentleman,model_asset,,assets/beyond/arts/entity/actor/gentleman/wolfgd/models/sk_actor_wolfgd_01.fbx,,,,0,79156,main/5494c2acde77642ef4e89272.ab,,
chr_0006_wolfgd,wolfgd,Gentleman,model_asset,,assets/beyond/arts/entity/actor/gentleman/wolfgd/models/sk_actor_wolfgd_01.fbx,,,,0,79156,main/5494c2acde77642ef4e89272.ab,,
chr_0006_wolfgd,wolfgd,Gentleman,model_asset,,assets/beyond/arts/entity/actor/gentleman/wolfgd/models/sk_actor_wolfgd_01.fbx,,,,0,79156,main/5494c2acde77642ef4e89272.ab,,
chr_0006_wolfgd,wolfgd,Gentleman,model_asset,,assets/beyond/arts/entity/actor/gentleman/wolfgd/models/sk_actor_wolfgd_01.fbx,,,,0,79156,main/5494c2acde77642ef4e89272.ab,,
chr_0006_wolfgd,wolfgd,Gentleman,model_asset,,assets/beyond/arts/entity/actor/gentleman/wolfgd/models/sk_actor_wolfgd_01.fbx,,,,0,79156,main/5494c2acde77642ef4e89272.ab,,
chr_0006_wolfgd,wolfgd,Gentleman,model_asset,,assets/beyond/arts/entity/actor/gentleman/wolfgd/models/sk_actor_wolfgd_01.fbx,,,,0,79156,main/5494c2acde77642ef4e89272.ab,,
chr_0006_wolfgd,wolfgd,Gentleman,model_asset,,assets/beyond/arts/entity/actor/gentleman/wolfgd/models/sk_actor_wolfgd_01.fbx,,,,0,79156,main/5494c2acde77642ef4e89272.ab,,
chr_0006_wolfgd,wolfgd,Gentleman,model_asset,,assets/beyond/arts/entity/actor/gentleman/wolfgd/models/sk_actor_wolfgd_01.fbx,,,,0,79156,main/5494c2acde77642ef4e89272.ab,,
chr_0006_wolfgd,wolfgd,Gentleman,model_asset,,assets/beyond/arts/entity/actor/gentleman/wolfgd/models/sk_actor_wolfgd_01.fbx,,,,0,79156,main/5494c2acde77642ef4e89272.ab,,
chr_0006_wolfgd,wolfgd,Gentleman,model_asset,,assets/beyond/arts/entity/actor/gentleman/wolfgd/models/sk_actor_wolfgd_01.fbx,,,,0,79156,main/5494c2acde77642ef4e89272.ab,,
chr_0006_wolfgd,wolfgd,Gentleman,model_asset,,assets/beyond/arts/entity/actor/gentleman/wolfgd/models/sk_actor_wolfgd_01.fbx,,,,0,79156,main/5494c2acde77642ef4e89272.ab,,
chr_0006_wolfgd,wolfgd,Gentleman,model_asset,,assets/beyond/arts/entity/actor/gentleman/wolfgd/models/sk_actor_wolfgd_01.fbx,,,,0,79156,main/5494c2acde77642ef4e89272.ab,,
chr_0006_wolfgd,wolfgd,Gentleman,model_asset,,assets/beyond/arts/entity/actor/gentleman/wolfgd/models/sk_actor_wolfgd_01.fbx,,,,0,79156,main/5494c2acde77642ef4e89272.ab,,
chr_0006_wolfgd,wolfgd,Gentleman,model_asset,,assets/beyond/arts/entity/actor/gentleman/wolfgd/models/sk_actor_wolfgd_01.fbx,,,,0,79156,main/5494c2acde77642ef4e89272.ab,,
chr_0006_wolfgd,wolfgd,Gentleman,model_asset,,assets/beyond/arts/entity/actor/gentleman/wolfgd/models/sk_actor_wolfgd_01.fbx,,,,0,79156,main/5494c2acde77642ef4e89272.ab,,
chr_0006_wolfgd,wolfgd,Gentleman,model_asset,,assets/beyond/arts/entity/actor/gentleman/wolfgd/models/sk_actor_wolfgd_01.fbx,,,,0,79156,main/5494c2acde77642ef4e89272.ab,,
chr_0006_wolfgd,wolfgd,Gentleman,model_asset,,assets/beyond/arts/entity/actor/gentleman/wolfgd/models/sk_actor_wolfgd_01.fbx,,,,0,79156,main/5494c2acde77642ef4e89272.ab,,
chr_0006_wolfgd,wolfgd,Gentleman,model_asset,,assets/beyond/arts/entity/actor/gentleman/wolfgd/models/sk_actor_wolfgd_01.fbx,,,,0,79156,main/5494c2acde77642ef4e89272.ab,,
chr_0006_wolfgd,wolfgd,Gentleman,model_asset,,assets/beyond/arts/entity/actor/gentleman/wolfgd/models/sk_actor_wolfgd_01.fbx,,,,0,79156,main/5494c2acde77642ef4e89272.ab,,
chr_0006_wolfgd,wolfgd,Gentleman,model_asset,,assets/beyond/arts/entity/actor/gentleman/wolfgd/models/sk_actor_wolfgd_01.fbx,,,,0,79156,main/5494c2acde77642ef4e89272.ab,,
chr_0006_wolfgd,wolfgd,Gentleman,model_asset,,assets/beyond/arts/entity/actor/gentleman/wolfgd/models/sk_actor_wolfgd_01.fbx,,,,0,79156,main/5494c2acde77642ef4e89272.ab,,
chr_0006_wolfgd,wolfgd,Gentleman,model_asset,,assets/beyond/arts/entity/actor/gentleman/wolfgd/models/sk_actor_wolfgd_01.fbx,,,,0,79156,main/5494c2acde77642ef4e89272.ab,,
chr_0006_wolfgd,wolfgd,Gentleman,model_asset,,assets/beyond/arts/entity/actor/gentleman/wolfgd/models/sk_actor_wolfgd_01.fbx,,,,0,79156,main/5494c2acde77642ef4e89272.ab,,
chr_0006_wolfgd,wolfgd,Gentleman,model_asset,,assets/beyond/arts/entity/actor/gentleman/wolfgd/models/sk_actor_wolfgd_01.fbx,,,,0,79156,main/5494c2acde77642ef4e89272.ab,,
chr_0006_wolfgd,wolfgd,Gentleman,model_asset,,assets/beyond/arts/entity/actor/gentleman/wolfgd/models/sk_actor_wolfgd_01.fbx,,,,0,79156,main/5494c2acde77642ef4e89272.ab,,
chr_0006_wolfgd,wolfgd,Gentleman,model_asset,,assets/beyond/arts/entity/actor/gentleman/wolfgd/models/sk_actor_wolfgd_01.fbx##s_actor_wolfgd_body_01_lod0,,,,143824,79156,main/5494c2acde77642ef4e89272.ab,,
chr_0006_wolfgd,wolfgd,Gentleman,model_asset,,assets/beyond/arts/entity/actor/gentleman/wolfgd/models/sk_actor_wolfgd_01.fbx##s_actor_wolfgd_body_01_lod1,,,,74076,79156,main/5494c2acde77642ef4e89272.ab,,
chr_0006_wolfgd,wolfgd,Gentleman,model_asset,,assets/beyond/arts/entity/actor/gentleman/wolfgd/models/sk_actor_wolfgd_01.fbx##s_actor_wolfgd_body_01_lod2,,,,41696,79156,main/5494c2acde77642ef4e89272.ab,,
chr_0006_wolfgd,wolfgd,Gentleman,model_asset,,assets/beyond/arts/entity/actor/gentleman/wolfgd/models/sk_actor_wolfgd_01.fbx##s_actor_wolfgd_body_01_lod3,,,,23384,79156,main/5494c2acde77642ef4e89272.ab,,
chr_0006_wolfgd,wolfgd,Gentleman,model_asset,,assets/beyond/arts/entity/actor/gentleman/wolfgd/models/sk_actor_wolfgd_01.fbx##s_actor_wolfgd_cloth_01_lod0,,,,2477197,79156,main/5494c2acde77642ef4e89272.ab,,
chr_0006_wolfgd,wolfgd,Gentleman,model_asset,,assets/beyond/arts/entity/actor/gentleman/wolfgd/models/sk_actor_wolfgd_01.fbx##s_actor_wolfgd_cloth_01_lod1,,,,1392721,79156,main/5494c2acde77642ef4e89272.ab,,
chr_0006_wolfgd,wolfgd,Gentleman,model_asset,,assets/beyond/arts/entity/actor/gentleman/wolfgd/models/sk_actor_wolfgd_01.fbx##s_actor_wolfgd_cloth_01_lod2,,,,737193,79156,main/5494c2acde77642ef4e89272.ab,,
chr_0006_wolfgd,wolfgd,Gentleman,model_asset,,assets/beyond/arts/entity/actor/gentleman/wolfgd/models/sk_actor_wolfgd_01.fbx##s_actor_wolfgd_cloth_01_lod3,,,,303177,79156,main/5494c2acde77642ef4e89272.ab,,
chr_0006_wolfgd,wolfgd,Gentleman,model_asset,,assets/beyond/arts/entity/actor/gentleman/wolfgd/models/sk_actor_wolfgd_01.fbx##s_actor_wolfgd_cloth_02_lod0,,,,2635321,79156,main/5494c2acde77642ef4e89272.ab,,
chr_0006_wolfgd,wolfgd,Gentleman,model_asset,,assets/beyond/arts/entity/actor/gentleman/wolfgd/models/sk_actor_wolfgd_01.fbx##s_actor_wolfgd_cloth_02_lod1,,,,1333953,79156,main/5494c2acde77642ef4e89272.ab,,
chr_0006_wolfgd,wolfgd,Gentleman,model_asset,,assets/beyond/arts/entity/actor/gentleman/wolfgd/models/sk_actor_wolfgd_01.fbx##s_actor_wolfgd_cloth_02_lod2,,,,773357,79156,main/5494c2acde77642ef4e89272.ab,,
chr_0006_wolfgd,wolfgd,Gentleman,model_asset,,assets/beyond/arts/entity/actor/gentleman/wolfgd/models/sk_actor_wolfgd_01.fbx##s_actor_wolfgd_cloth_02_lod3,,,,450005,79156,main/5494c2acde77642ef4e89272.ab,,
chr_0006_wolfgd,wolfgd,Gentleman,model_asset,,assets/beyond/arts/entity/actor/gentleman/wolfgd/models/sk_actor_wolfgd_01.fbx##s_actor_wolfgd_cloth_03_lod0,,,,186261,79156,main/5494c2acde77642ef4e89272.ab,,
chr_0006_wolfgd,wolfgd,Gentleman,model_asset,,assets/beyond/arts/entity/actor/gentleman/wolfgd/models/sk_actor_wolfgd_01.fbx##s_actor_wolfgd_cloth_03_lod1,,,,97069,79156,main/5494c2acde77642ef4e89272.ab,,
chr_0006_wolfgd,wolfgd,Gentleman,model_asset,,assets/beyond/arts/entity/actor/gentleman/wolfgd/models/sk_actor_wolfgd_01.fbx##s_actor_wolfgd_cloth_03_lod2,,,,65677,79156,main/5494c2acde77642ef4e89272.ab,,
chr_0006_wolfgd,wolfgd,Gentleman,model_asset,,assets/beyond/arts/entity/actor/gentleman/wolfgd/models/sk_actor_wolfgd_01.fbx##s_actor_wolfgd_cloth_03_lod3,,,,39909,79156,main/5494c2acde77642ef4e89272.ab,,
chr_0006_wolfgd,wolfgd,Gentleman,model_asset,,assets/beyond/arts/entity/actor/gentleman/wolfgd/models/sk_actor_wolfgd_01.fbx##s_actor_wolfgd_cloth_04_lod0,,,,778041,79156,main/5494c2acde77642ef4e89272.ab,,
chr_0006_wolfgd,wolfgd,Gentleman,model_asset,,assets/beyond/arts/entity/actor/gentleman/wolfgd/models/sk_actor_wolfgd_01.fbx##s_actor_wolfgd_cloth_04_lod1,,,,429709,79156,main/5494c2acde77642ef4e89272.ab,,
chr_0006_wolfgd,wolfgd,Gentleman,model_asset,,assets/beyond/arts/entity/actor/gentleman/wolfgd/models/sk_actor_wolfgd_01.fbx##s_actor_wolfgd_cloth_04_lod2,,,,221621,79156,main/5494c2acde77642ef4e89272.ab,,
chr_0006_wolfgd,wolfgd,Gentleman,model_asset,,assets/beyond/arts/entity/actor/gentleman/wolfgd/models/sk_actor_wolfgd_01.fbx##s_actor_wolfgd_cloth_04_lod3,,,,105157,79156,main/5494c2acde77642ef4e89272.ab,,
chr_0006_wolfgd,wolfgd,Gentleman,model_asset,,assets/beyond/arts/entity/actor/gentleman/wolfgd/models/sk_actor_wolfgd_01.fbx##s_actor_wolfgd_cloth_05_lod0,,,,56393,79156,main/5494c2acde77642ef4e89272.ab,,
chr_0006_wolfgd,wolfgd,Gentleman,model_asset,,assets/beyond/arts/entity/actor/gentleman/wolfgd/models/sk_actor_wolfgd_01.fbx##s_actor_wolfgd_cloth_05_lod1,,,,21873,79156,main/5494c2acde77642ef4e89272.ab,,
chr_0006_wolfgd,wolfgd,Gentleman,model_asset,,assets/beyond/arts/entity/actor/gentleman/wolfgd/models/sk_actor_wolfgd_01.fbx##s_actor_wolfgd_cloth_05_lod2,,,,15889,79156,main/5494c2acde77642ef4e89272.ab,,
chr_0006_wolfgd,wolfgd,Gentleman,model_asset,,assets/beyond/arts/entity/actor/gentleman/wolfgd/models/sk_actor_wolfgd_01.fbx##s_actor_wolfgd_cloth_05_lod3,,,,8225,79156,main/5494c2acde77642ef4e89272.ab,,
chr_0006_wolfgd,wolfgd,Gentleman,model_asset,,assets/beyond/arts/entity/actor/gentleman/wolfgd/models/sk_actor_wolfgd_01.fbx##s_actor_wolfgd_eyebrow_01_lod0,,,,58991,79156,main/5494c2acde77642ef4e89272.ab,,
chr_0006_wolfgd,wolfgd,Gentleman,model_asset,,assets/beyond/arts/entity/actor/gentleman/wolfgd/models/sk_actor_wolfgd_01.fbx##s_actor_wolfgd_eyebrow_01_lod1,,,,42031,79156,main/5494c2acde77642ef4e89272.ab,,
chr_0006_wolfgd,wolfgd,Gentleman,model_asset,,assets/beyond/arts/entity/actor/gentleman/wolfgd/models/sk_actor_wolfgd_01.fbx##s_actor_wolfgd_eyebrow_01_lod2,,,,34971,79156,main/5494c2acde77642ef4e89272.ab,,
chr_0006_wolfgd,wolfgd,Gentleman,model_asset,,assets/beyond/arts/entity/actor/gentleman/wolfgd/models/sk_actor_wolfgd_01.fbx##s_actor_wolfgd_eyebrow_01_lod3,,,,7099,79156,main/5494c2acde77642ef4e89272.ab,,
chr_0006_wolfgd,wolfgd,Gentleman,model_asset,,assets/beyond/arts/entity/actor/gentleman/wolfgd/models/sk_actor_wolfgd_01.fbx##s_actor_wolfgd_eyeshadow_01_lod0,,,,7073,79156,main/5494c2acde77642ef4e89272.ab,,
chr_0006_wolfgd,wolfgd,Gentleman,model_asset,,assets/beyond/arts/entity/actor/gentleman/wolfgd/models/sk_actor_wolfgd_01.fbx##s_actor_wolfgd_eyeshadow_01_lod1,,,,5585,79156,main/5494c2acde77642ef4e89272.ab,,
chr_0006_wolfgd,wolfgd,Gentleman,model_asset,,assets/beyond/arts/entity/actor/gentleman/wolfgd/models/sk_actor_wolfgd_01.fbx##s_actor_wolfgd_face_01_lod0,,,,290508,79156,main/5494c2acde77642ef4e89272.ab,,
chr_0006_wolfgd,wolfgd,Gentleman,model_asset,,assets/beyond/arts/entity/actor/gentleman/wolfgd/models/sk_actor_wolfgd_01.fbx##s_actor_wolfgd_face_01_lod1,,,,290508,79156,main/5494c2acde77642ef4e89272.ab,,
chr_0006_wolfgd,wolfgd,Gentleman,model_asset,,assets/beyond/arts/entity/actor/gentleman/wolfgd/models/sk_actor_wolfgd_01.fbx##s_actor_wolfgd_face_01_lod2,,,,91336,79156,main/5494c2acde77642ef4e89272.ab,,
chr_0006_wolfgd,wolfgd,Gentleman,model_asset,,assets/beyond/arts/entity/actor/gentleman/wolfgd/models/sk_actor_wolfgd_01.fbx##s_actor_wolfgd_face_01_lod3,,,,26260,79156,main/5494c2acde77642ef4e89272.ab,,
chr_0006_wolfgd,wolfgd,Gentleman,model_asset,,assets/beyond/arts/entity/actor/gentleman/wolfgd/models/sk_actor_wolfgd_01.fbx##s_actor_wolfgd_furcard_01_lod0,,,,785759,79156,main/5494c2acde77642ef4e89272.ab,,
chr_0006_wolfgd,wolfgd,Gentleman,model_asset,,assets/beyond/arts/entity/actor/gentleman/wolfgd/models/sk_actor_wolfgd_01.fbx##s_actor_wolfgd_furcard_01_lod1,,,,480419,79156,main/5494c2acde77642ef4e89272.ab,,
chr_0006_wolfgd,wolfgd,Gentleman,model_asset,,assets/beyond/arts/entity/actor/gentleman/wolfgd/models/sk_actor_wolfgd_01.fbx##s_actor_wolfgd_furcard_01_lod2,,,,281483,79156,main/5494c2acde77642ef4e89272.ab,,
chr_0006_wolfgd,wolfgd,Gentleman,model_asset,,assets/beyond/arts/entity/actor/gentleman/wolfgd/models/sk_actor_wolfgd_01.fbx##s_actor_wolfgd_furcard_01_lod3,,,,189419,79156,main/5494c2acde77642ef4e89272.ab,,
chr_0006_wolfgd,wolfgd,Gentleman,model_asset,,assets/beyond/arts/entity/actor/gentleman/wolfgd/models/sk_actor_wolfgd_01.fbx##s_actor_wolfgd_furcard_02_lod0,,,,82663,79156,main/5494c2acde77642ef4e89272.ab,,
chr_0006_wolfgd,wolfgd,Gentleman,model_asset,,assets/beyond/arts/entity/actor/gentleman/wolfgd/models/sk_actor_wolfgd_01.fbx##s_actor_wolfgd_furcard_02_lod1,,,,45535,79156,main/5494c2acde77642ef4e89272.ab,,
chr_0006_wolfgd,wolfgd,Gentleman,model_asset,,assets/beyond/arts/entity/actor/gentleman/wolfgd/models/sk_actor_wolfgd_01.fbx##s_actor_wolfgd_furcard_02_lod2,,,,27303,79156,main/5494c2acde77642ef4e89272.ab,,
chr_0006_wolfgd,wolfgd,Gentleman,model_asset,,assets/beyond/arts/entity/actor/gentleman/wolfgd/models/sk_actor_wolfgd_01.fbx##s_actor_wolfgd_furcard_02_lod3,,,,13623,79156,main/5494c2acde77642ef4e89272.ab,,
chr_0006_wolfgd,wolfgd,Gentleman,model_asset,,assets/beyond/arts/entity/actor/gentleman/wolfgd/models/sk_actor_wolfgd_01.fbx##s_actor_wolfgd_hair_01_lod0,,,,1130752,79156,main/5494c2acde77642ef4e89272.ab,,
chr_0006_wolfgd,wolfgd,Gentleman,model_asset,,assets/beyond/arts/entity/actor/gentleman/wolfgd/models/sk_actor_wolfgd_01.fbx##s_actor_wolfgd_hair_01_lod1,,,,631940,79156,main/5494c2acde77642ef4e89272.ab,,
chr_0006_wolfgd,wolfgd,Gentleman,model_asset,,assets/beyond/arts/entity/actor/gentleman/wolfgd/models/sk_actor_wolfgd_01.fbx##s_actor_wolfgd_hair_01_lod2,,,,330672,79156,main/5494c2acde77642ef4e89272.ab,,
chr_0006_wolfgd,wolfgd,Gentleman,model_asset,,assets/beyond/arts/entity/actor/gentleman/wolfgd/models/sk_actor_wolfgd_01.fbx##s_actor_wolfgd_hair_01_lod3,,,,120908,79156,main/5494c2acde77642ef4e89272.ab,,
chr_0006_wolfgd,wolfgd,Gentleman,model_asset,,assets/beyond/arts/entity/actor/gentleman/wolfgd/models/sk_actor_wolfgd_01.fbx##s_actor_wolfgd_hair_02_lod0,,,,100976,79156,main/5494c2acde77642ef4e89272.ab,,
chr_0006_wolfgd,wolfgd,Gentleman,model_asset,,assets/beyond/arts/entity/actor/gentleman/wolfgd/models/sk_actor_wolfgd_01.fbx##s_actor_wolfgd_hair_02_lod1,,,,64424,79156,main/5494c2acde77642ef4e89272.ab,,
chr_0006_wolfgd,wolfgd,Gentleman,model_asset,,assets/beyond/arts/entity/actor/gentleman/wolfgd/models/sk_actor_wolfgd_01.fbx##s_actor_wolfgd_hair_02_lod2,,,,41028,79156,main/5494c2acde77642ef4e89272.ab,,
chr_0006_wolfgd,wolfgd,Gentleman,model_asset,,assets/beyond/arts/entity/actor/gentleman/wolfgd/models/sk_actor_wolfgd_01.fbx##s_actor_wolfgd_hair_02_lod3,,,,24024,79156,main/5494c2acde77642ef4e89272.ab,,
chr_0006_wolfgd,wolfgd,Gentleman,model_asset,,assets/beyond/arts/entity/actor/gentleman/wolfgd/models/sk_actor_wolfgd_01.fbx##s_actor_wolfgd_hs_01_lod0,,,,14522,79156,main/5494c2acde77642ef4e89272.ab,,
chr_0006_wolfgd,wolfgd,Gentleman,model_asset,,assets/beyond/arts/entity/actor/gentleman/wolfgd/models/sk_actor_wolfgd_01.fbx##s_actor_wolfgd_hs_01_lod1,,,,14194,79156,main/5494c2acde77642ef4e89272.ab,,
chr_0006_wolfgd,wolfgd,Gentleman,model_asset,,assets/beyond/arts/entity/actor/gentleman/wolfgd/models/sk_actor_wolfgd_01.fbx##s_actor_wolfgd_hs_01_lod2,,,,10846,79156,main/5494c2acde77642ef4e89272.ab,,
chr_0006_wolfgd,wolfgd,Gentleman,model_asset,,assets/beyond/arts/entity/actor/gentleman/wolfgd/models/sk_actor_wolfgd_01.fbx##s_actor_wolfgd_iris_01_lod0,,,,24204,79156,main/5494c2acde77642ef4e89272.ab,,
chr_0006_wolfgd,wolfgd,Gentleman,model_asset,,assets/beyond/arts/entity/actor/gentleman/wolfgd/models/sk_actor_wolfgd_01.fbx##s_actor_wolfgd_iris_01_lod1,,,,14220,79156,main/5494c2acde77642ef4e89272.ab,,
chr_0006_wolfgd,wolfgd,Gentleman,model_asset,,assets/beyond/arts/entity/actor/gentleman/wolfgd/models/sk_actor_wolfgd_01.fbx##s_actor_wolfgd_iris_01_lod2,,,,4368,79156,main/5494c2acde77642ef4e89272.ab,,
chr_0006_wolfgd,wolfgd,Gentleman,model_asset,,assets/beyond/arts/entity/actor/gentleman/wolfgd/models/sk_actor_wolfgd_01.fbx##s_actor_wolfgd_iris_01_lod3,,,,3368,79156,main/5494c2acde77642ef4e89272.ab,,
chr_0006_wolfgd,wolfgd,Gentleman,model_asset,,assets/beyond/arts/entity/actor/gentleman/wolfgd/models/sk_actor_wolfgd_01.fbx##sk_actor_wolfgd_01avatar,,,,213336,79156,main/5494c2acde77642ef4e89272.ab,,
chr_0007_ikut,ikut,Girl,postmodel,chr_0007_ikut_postmodel,assets/beyond/dynamicassets/gameplay/actors/postmodels/characters/chr_0007_ikut_postmodel.prefab,assets/beyond/dynamicassets/gameplay/actors/postmodels/characters/chr_0007_ikut_postmodel.prefab,702190300897866330,0x09BEAE5BB9BDF25A,520,19628,main/1421520cc4cc192089ee27fb.ab,606564462294348766,0x086AF32A2C6E33DE
chr_0007_ikut,ikut,Girl,model_asset,,assets/beyond/arts/entity/actor/girl/ikut/models/s_actor_ikut_body_01_lod0.asset,,,,298378,17169,main/118ea48ffd084a3d479d7757.ab,,
chr_0007_ikut,ikut,Girl,model_asset,,assets/beyond/arts/entity/actor/girl/ikut/models/s_actor_ikut_cloth_01_lod0.asset,,,,3322071,62777,main/42baebb3caed8adb7943f318.ab,,
chr_0007_ikut,ikut,Girl,model_asset,,assets/beyond/arts/entity/actor/girl/ikut/models/s_actor_ikut_cloth_03_lod0.asset,,,,14687,120728,main/816eeb895a40a75c71d26520.ab,,
chr_0007_ikut,ikut,Girl,model_asset,,assets/beyond/arts/entity/actor/girl/ikut/models/s_actor_ikut_face_01_lod0.asset,,,,241974,201376,main/d893a4028a9f6220086fe4e2.ab,,
chr_0007_ikut,ikut,Girl,model_asset,,assets/beyond/arts/entity/actor/girl/ikut/models/s_actor_ikut_hair_01_lod0.asset,,,,2681714,120784,main/817e6b1819babb736c81ef97.ab,,
chr_0007_ikut,ikut,Girl,model_asset,,assets/beyond/arts/entity/actor/girl/ikut/models/sk_actor_ikut_01.fbx,,,,0,137222,main/933f89b6a7544118e5d9df28.ab,,
chr_0007_ikut,ikut,Girl,model_asset,,assets/beyond/arts/entity/actor/girl/ikut/models/sk_actor_ikut_01.fbx,,,,0,137222,main/933f89b6a7544118e5d9df28.ab,,
chr_0007_ikut,ikut,Girl,model_asset,,assets/beyond/arts/entity/actor/girl/ikut/models/sk_actor_ikut_01.fbx,,,,0,137222,main/933f89b6a7544118e5d9df28.ab,,
chr_0007_ikut,ikut,Girl,model_asset,,assets/beyond/arts/entity/actor/girl/ikut/models/sk_actor_ikut_01.fbx,,,,0,137222,main/933f89b6a7544118e5d9df28.ab,,
chr_0007_ikut,ikut,Girl,model_asset,,assets/beyond/arts/entity/actor/girl/ikut/models/sk_actor_ikut_01.fbx,,,,0,137222,main/933f89b6a7544118e5d9df28.ab,,
chr_0007_ikut,ikut,Girl,model_asset,,assets/beyond/arts/entity/actor/girl/ikut/models/sk_actor_ikut_01.fbx,,,,0,137222,main/933f89b6a7544118e5d9df28.ab,,
chr_0007_ikut,ikut,Girl,model_asset,,assets/beyond/arts/entity/actor/girl/ikut/models/sk_actor_ikut_01.fbx,,,,0,137222,main/933f89b6a7544118e5d9df28.ab,,
chr_0007_ikut,ikut,Girl,model_asset,,assets/beyond/arts/entity/actor/girl/ikut/models/sk_actor_ikut_01.fbx,,,,0,137222,main/933f89b6a7544118e5d9df28.ab,,
chr_0007_ikut,ikut,Girl,model_asset,,assets/beyond/arts/entity/actor/girl/ikut/models/sk_actor_ikut_01.fbx,,,,0,137222,main/933f89b6a7544118e5d9df28.ab,,
chr_0007_ikut,ikut,Girl,model_asset,,assets/beyond/arts/entity/actor/girl/ikut/models/sk_actor_ikut_01.fbx,,,,0,137222,main/933f89b6a7544118e5d9df28.ab,,
chr_0007_ikut,ikut,Girl,model_asset,,assets/beyond/arts/entity/actor/girl/ikut/models/sk_actor_ikut_01.fbx,,,,0,137222,main/933f89b6a7544118e5d9df28.ab,,
chr_0007_ikut,ikut,Girl,model_asset,,assets/beyond/arts/entity/actor/girl/ikut/models/sk_actor_ikut_01.fbx,,,,0,137222,main/933f89b6a7544118e5d9df28.ab,,
chr_0007_ikut,ikut,Girl,model_asset,,assets/beyond/arts/entity/actor/girl/ikut/models/sk_actor_ikut_01.fbx,,,,0,137222,main/933f89b6a7544118e5d9df28.ab,,
chr_0007_ikut,ikut,Girl,model_asset,,assets/beyond/arts/entity/actor/girl/ikut/models/sk_actor_ikut_01.fbx,,,,0,137222,main/933f89b6a7544118e5d9df28.ab,,
chr_0007_ikut,ikut,Girl,model_asset,,assets/beyond/arts/entity/actor/girl/ikut/models/sk_actor_ikut_01.fbx,,,,0,137222,main/933f89b6a7544118e5d9df28.ab,,
chr_0007_ikut,ikut,Girl,model_asset,,assets/beyond/arts/entity/actor/girl/ikut/models/sk_actor_ikut_01.fbx,,,,0,137222,main/933f89b6a7544118e5d9df28.ab,,
chr_0007_ikut,ikut,Girl,model_asset,,assets/beyond/arts/entity/actor/girl/ikut/models/sk_actor_ikut_01.fbx,,,,0,137222,main/933f89b6a7544118e5d9df28.ab,,
chr_0007_ikut,ikut,Girl,model_asset,,assets/beyond/arts/entity/actor/girl/ikut/models/sk_actor_ikut_01.fbx,,,,0,137222,main/933f89b6a7544118e5d9df28.ab,,
chr_0007_ikut,ikut,Girl,model_asset,,assets/beyond/arts/entity/actor/girl/ikut/models/sk_actor_ikut_01.fbx,,,,0,137222,main/933f89b6a7544118e5d9df28.ab,,
chr_0007_ikut,ikut,Girl,model_asset,,assets/beyond/arts/entity/actor/girl/ikut/models/sk_actor_ikut_01.fbx,,,,0,137222,main/933f89b6a7544118e5d9df28.ab,,
chr_0007_ikut,ikut,Girl,model_asset,,assets/beyond/arts/entity/actor/girl/ikut/models/sk_actor_ikut_01.fbx,,,,0,137222,main/933f89b6a7544118e5d9df28.ab,,
chr_0007_ikut,ikut,Girl,model_asset,,assets/beyond/arts/entity/actor/girl/ikut/models/sk_actor_ikut_01.fbx,,,,0,137222,main/933f89b6a7544118e5d9df28.ab,,
chr_0007_ikut,ikut,Girl,model_asset,,assets/beyond/arts/entity/actor/girl/ikut/models/sk_actor_ikut_01.fbx,,,,0,137222,main/933f89b6a7544118e5d9df28.ab,,
chr_0007_ikut,ikut,Girl,model_asset,,assets/beyond/arts/entity/actor/girl/ikut/models/sk_actor_ikut_01.fbx,,,,0,137222,main/933f89b6a7544118e5d9df28.ab,,
chr_0007_ikut,ikut,Girl,model_asset,,assets/beyond/arts/entity/actor/girl/ikut/models/sk_actor_ikut_01.fbx,,,,0,137222,main/933f89b6a7544118e5d9df28.ab,,
chr_0007_ikut,ikut,Girl,model_asset,,assets/beyond/arts/entity/actor/girl/ikut/models/sk_actor_ikut_01.fbx,,,,0,137222,main/933f89b6a7544118e5d9df28.ab,,
chr_0007_ikut,ikut,Girl,model_asset,,assets/beyond/arts/entity/actor/girl/ikut/models/sk_actor_ikut_01.fbx,,,,0,137222,main/933f89b6a7544118e5d9df28.ab,,
chr_0007_ikut,ikut,Girl,model_asset,,assets/beyond/arts/entity/actor/girl/ikut/models/sk_actor_ikut_01.fbx,,,,0,137222,main/933f89b6a7544118e5d9df28.ab,,
chr_0007_ikut,ikut,Girl,model_asset,,assets/beyond/arts/entity/actor/girl/ikut/models/sk_actor_ikut_01.fbx,,,,0,137222,main/933f89b6a7544118e5d9df28.ab,,
chr_0007_ikut,ikut,Girl,model_asset,,assets/beyond/arts/entity/actor/girl/ikut/models/sk_actor_ikut_01.fbx,,,,0,137222,main/933f89b6a7544118e5d9df28.ab,,
chr_0007_ikut,ikut,Girl,model_asset,,assets/beyond/arts/entity/actor/girl/ikut/models/sk_actor_ikut_01.fbx,,,,0,137222,main/933f89b6a7544118e5d9df28.ab,,
chr_0007_ikut,ikut,Girl,model_asset,,assets/beyond/arts/entity/actor/girl/ikut/models/sk_actor_ikut_01.fbx##s_actor_ikut_body_01_lod0,,,,274410,137222,main/933f89b6a7544118e5d9df28.ab,,
chr_0007_ikut,ikut,Girl,model_asset,,assets/beyond/arts/entity/actor/girl/ikut/models/sk_actor_ikut_01.fbx##s_actor_ikut_body_01_lod1,,,,172242,137222,main/933f89b6a7544118e5d9df28.ab,,
chr_0007_ikut,ikut,Girl,model_asset,,assets/beyond/arts/entity/actor/girl/ikut/models/sk_actor_ikut_01.fbx##s_actor_ikut_body_01_lod2,,,,93570,137222,main/933f89b6a7544118e5d9df28.ab,,
chr_0007_ikut,ikut,Girl,model_asset,,assets/beyond/arts/entity/actor/girl/ikut/models/sk_actor_ikut_01.fbx##s_actor_ikut_body_01_lod3,,,,53046,137222,main/933f89b6a7544118e5d9df28.ab,,
chr_0007_ikut,ikut,Girl,model_asset,,assets/beyond/arts/entity/actor/girl/ikut/models/sk_actor_ikut_01.fbx##s_actor_ikut_cloth_01_lod0,,,,3043015,137222,main/933f89b6a7544118e5d9df28.ab,,
chr_0007_ikut,ikut,Girl,model_asset,,assets/beyond/arts/entity/actor/girl/ikut/models/sk_actor_ikut_01.fbx##s_actor_ikut_cloth_01_lod1,,,,1498963,137222,main/933f89b6a7544118e5d9df28.ab,,
chr_0007_ikut,ikut,Girl,model_asset,,assets/beyond/arts/entity/actor/girl/ikut/models/sk_actor_ikut_01.fbx##s_actor_ikut_cloth_01_lod2,,,,792383,137222,main/933f89b6a7544118e5d9df28.ab,,
chr_0007_ikut,ikut,Girl,model_asset,,assets/beyond/arts/entity/actor/girl/ikut/models/sk_actor_ikut_01.fbx##s_actor_ikut_cloth_01_lod3,,,,424455,137222,main/933f89b6a7544118e5d9df28.ab,,
chr_0007_ikut,ikut,Girl,model_asset,,assets/beyond/arts/entity/actor/girl/ikut/models/sk_actor_ikut_01.fbx##s_actor_ikut_cloth_03_lod0,,,,13615,137222,main/933f89b6a7544118e5d9df28.ab,,
chr_0007_ikut,ikut,Girl,model_asset,,assets/beyond/arts/entity/actor/girl/ikut/models/sk_actor_ikut_01.fbx##s_actor_ikut_cloth_03_lod1,,,,7959,137222,main/933f89b6a7544118e5d9df28.ab,,
chr_0007_ikut,ikut,Girl,model_asset,,assets/beyond/arts/entity/actor/girl/ikut/models/sk_actor_ikut_01.fbx##s_actor_ikut_eyebrow_01_lod0,,,,69097,137222,main/933f89b6a7544118e5d9df28.ab,,
chr_0007_ikut,ikut,Girl,model_asset,,assets/beyond/arts/entity/actor/girl/ikut/models/sk_actor_ikut_01.fbx##s_actor_ikut_eyebrow_01_lod1,,,,69097,137222,main/933f89b6a7544118e5d9df28.ab,,
chr_0007_ikut,ikut,Girl,model_asset,,assets/beyond/arts/entity/actor/girl/ikut/models/sk_actor_ikut_01.fbx##s_actor_ikut_eyebrow_01_lod2,,,,40097,137222,main/933f89b6a7544118e5d9df28.ab,,
chr_0007_ikut,ikut,Girl,model_asset,,assets/beyond/arts/entity/actor/girl/ikut/models/sk_actor_ikut_01.fbx##s_actor_ikut_eyebrow_01_lod3,,,,12961,137222,main/933f89b6a7544118e5d9df28.ab,,
chr_0007_ikut,ikut,Girl,model_asset,,assets/beyond/arts/entity/actor/girl/ikut/models/sk_actor_ikut_01.fbx##s_actor_ikut_eyeshadow_01_lod0,,,,7663,137222,main/933f89b6a7544118e5d9df28.ab,,
chr_0007_ikut,ikut,Girl,model_asset,,assets/beyond/arts/entity/actor/girl/ikut/models/sk_actor_ikut_01.fbx##s_actor_ikut_eyeshadow_01_lod1,,,,7663,137222,main/933f89b6a7544118e5d9df28.ab,,
chr_0007_ikut,ikut,Girl,model_asset,,assets/beyond/arts/entity/actor/girl/ikut/models/sk_actor_ikut_01.fbx##s_actor_ikut_face_01_lod0,,,,222918,137222,main/933f89b6a7544118e5d9df28.ab,,
chr_0007_ikut,ikut,Girl,model_asset,,assets/beyond/arts/entity/actor/girl/ikut/models/sk_actor_ikut_01.fbx##s_actor_ikut_face_01_lod1,,,,260470,137222,main/933f89b6a7544118e5d9df28.ab,,
chr_0007_ikut,ikut,Girl,model_asset,,assets/beyond/arts/entity/actor/girl/ikut/models/sk_actor_ikut_01.fbx##s_actor_ikut_face_01_lod2,,,,91970,137222,main/933f89b6a7544118e5d9df28.ab,,
chr_0007_ikut,ikut,Girl,model_asset,,assets/beyond/arts/entity/actor/girl/ikut/models/sk_actor_ikut_01.fbx##s_actor_ikut_face_01_lod3,,,,19214,137222,main/933f89b6a7544118e5d9df28.ab,,
chr_0007_ikut,ikut,Girl,model_asset,,assets/beyond/arts/entity/actor/girl/ikut/models/sk_actor_ikut_01.fbx##s_actor_ikut_hair_01_lod0,,,,2454978,137222,main/933f89b6a7544118e5d9df28.ab,,
chr_0007_ikut,ikut,Girl,model_asset,,assets/beyond/arts/entity/actor/girl/ikut/models/sk_actor_ikut_01.fbx##s_actor_ikut_hair_01_lod1,,,,2121082,137222,main/933f89b6a7544118e5d9df28.ab,,
chr_0007_ikut,ikut,Girl,model_asset,,assets/beyond/arts/entity/actor/girl/ikut/models/sk_actor_ikut_01.fbx##s_actor_ikut_hair_01_lod2,,,,1096786,137222,main/933f89b6a7544118e5d9df28.ab,,
chr_0007_ikut,ikut,Girl,model_asset,,assets/beyond/arts/entity/actor/girl/ikut/models/sk_actor_ikut_01.fbx##s_actor_ikut_hair_01_lod3,,,,559726,137222,main/933f89b6a7544118e5d9df28.ab,,
chr_0007_ikut,ikut,Girl,model_asset,,assets/beyond/arts/entity/actor/girl/ikut/models/sk_actor_ikut_01.fbx##s_actor_ikut_hairshadow_01_lod0,,,,11100,137222,main/933f89b6a7544118e5d9df28.ab,,
chr_0007_ikut,ikut,Girl,model_asset,,assets/beyond/arts/entity/actor/girl/ikut/models/sk_actor_ikut_01.fbx##s_actor_ikut_hairshadow_01_lod1,,,,11100,137222,main/933f89b6a7544118e5d9df28.ab,,
chr_0007_ikut,ikut,Girl,model_asset,,assets/beyond/arts/entity/actor/girl/ikut/models/sk_actor_ikut_01.fbx##s_actor_ikut_iris_01_lod0,,,,26762,137222,main/933f89b6a7544118e5d9df28.ab,,
chr_0007_ikut,ikut,Girl,model_asset,,assets/beyond/arts/entity/actor/girl/ikut/models/sk_actor_ikut_01.fbx##s_actor_ikut_iris_01_lod1,,,,26762,137222,main/933f89b6a7544118e5d9df28.ab,,
chr_0007_ikut,ikut,Girl,model_asset,,assets/beyond/arts/entity/actor/girl/ikut/models/sk_actor_ikut_01.fbx##s_actor_ikut_iris_01_lod2,,,,8054,137222,main/933f89b6a7544118e5d9df28.ab,,
chr_0007_ikut,ikut,Girl,model_asset,,assets/beyond/arts/entity/actor/girl/ikut/models/sk_actor_ikut_01.fbx##s_actor_ikut_iris_01_lod3,,,,4366,137222,main/933f89b6a7544118e5d9df28.ab,,
chr_0007_ikut,ikut,Girl,model_asset,,assets/beyond/arts/entity/actor/girl/ikut/models/sk_actor_ikut_01.fbx##sk_actor_ikut_01avatar,,,,216791,137222,main/933f89b6a7544118e5d9df28.ab,,
chr_0009_azrila,azrila,Lady,postmodel,chr_0009_azrila_postmodel,assets/beyond/dynamicassets/gameplay/actors/postmodels/characters/chr_0009_azrila_postmodel.prefab,assets/beyond/dynamicassets/gameplay/actors/postmodels/characters/chr_0009_azrila_postmodel.prefab,377959171090908788,0x053EC7DD14798674,520,199641,main/d6acbc58169164c4edff82f2.ab,705732241715514632,0x09CB43BC15FE4D08
chr_0009_azrila,azrila,Lady,model_asset,,assets/beyond/arts/entity/actor/lady/azrila/models/s_actor_azrila_body_01_lod0.asset,,,,105608,184781,main/c6b4f5709a36fe0d5668ea76.ab,,
chr_0009_azrila,azrila,Lady,model_asset,,assets/beyond/arts/entity/actor/lady/azrila/models/s_actor_azrila_cloth_01_lod0.asset,,,,4355389,37046,main/2703729aa5bf357e6c4e2bde.ab,,
chr_0009_azrila,azrila,Lady,model_asset,,assets/beyond/arts/entity/actor/lady/azrila/models/s_actor_azrila_cloth_02_lod0.asset,,,,56261,224790,main/f1e8895f72cf054f3b26cbf5.ab,,
chr_0009_azrila,azrila,Lady,model_asset,,assets/beyond/arts/entity/actor/lady/azrila/models/s_actor_azrila_cloth_03_lod0.asset,,,,122697,131114,main/8c934042461a399785b5c28a.ab,,
chr_0009_azrila,azrila,Lady,model_asset,,assets/beyond/arts/entity/actor/lady/azrila/models/s_actor_azrila_cloth_04_lod0.asset,,,,1383349,22081,main/16cc7c5141dc1e99074e9317.ab,,
chr_0009_azrila,azrila,Lady,model_asset,,assets/beyond/arts/entity/actor/lady/azrila/models/s_actor_azrila_face_01_lod0.asset,,,,261048,109193,main/74f445bc575c27c26af5185e.ab,,
chr_0009_azrila,azrila,Lady,model_asset,,assets/beyond/arts/entity/actor/lady/azrila/models/s_actor_azrila_hair_01_lod0.asset,,,,1692052,57756,main/3d5ba3cbcf01b6105d0f571b.ab,,
chr_0009_azrila,azrila,Lady,model_asset,,assets/beyond/arts/entity/actor/lady/azrila/models/sk_actor_azrila_01.fbx,,,,0,11449,main/0b659feccb519472dbeb0ea3.ab,,
chr_0009_azrila,azrila,Lady,model_asset,,assets/beyond/arts/entity/actor/lady/azrila/models/sk_actor_azrila_01.fbx,,,,0,11449,main/0b659feccb519472dbeb0ea3.ab,,
chr_0009_azrila,azrila,Lady,model_asset,,assets/beyond/arts/entity/actor/lady/azrila/models/sk_actor_azrila_01.fbx,,,,0,11449,main/0b659feccb519472dbeb0ea3.ab,,
chr_0009_azrila,azrila,Lady,model_asset,,assets/beyond/arts/entity/actor/lady/azrila/models/sk_actor_azrila_01.fbx,,,,0,11449,main/0b659feccb519472dbeb0ea3.ab,,
chr_0009_azrila,azrila,Lady,model_asset,,assets/beyond/arts/entity/actor/lady/azrila/models/sk_actor_azrila_01.fbx,,,,0,11449,main/0b659feccb519472dbeb0ea3.ab,,
chr_0009_azrila,azrila,Lady,model_asset,,assets/beyond/arts/entity/actor/lady/azrila/models/sk_actor_azrila_01.fbx,,,,0,11449,main/0b659feccb519472dbeb0ea3.ab,,
chr_0009_azrila,azrila,Lady,model_asset,,assets/beyond/arts/entity/actor/lady/azrila/models/sk_actor_azrila_01.fbx,,,,0,11449,main/0b659feccb519472dbeb0ea3.ab,,
chr_0009_azrila,azrila,Lady,model_asset,,assets/beyond/arts/entity/actor/lady/azrila/models/sk_actor_azrila_01.fbx,,,,0,11449,main/0b659feccb519472dbeb0ea3.ab,,
chr_0009_azrila,azrila,Lady,model_asset,,assets/beyond/arts/entity/actor/lady/azrila/models/sk_actor_azrila_01.fbx,,,,0,11449,main/0b659feccb519472dbeb0ea3.ab,,
chr_0009_azrila,azrila,Lady,model_asset,,assets/beyond/arts/entity/actor/lady/azrila/models/sk_actor_azrila_01.fbx,,,,0,11449,main/0b659feccb519472dbeb0ea3.ab,,
chr_0009_azrila,azrila,Lady,model_asset,,assets/beyond/arts/entity/actor/lady/azrila/models/sk_actor_azrila_01.fbx,,,,0,11449,main/0b659feccb519472dbeb0ea3.ab,,
chr_0009_azrila,azrila,Lady,model_asset,,assets/beyond/arts/entity/actor/lady/azrila/models/sk_actor_azrila_01.fbx,,,,0,11449,main/0b659feccb519472dbeb0ea3.ab,,
chr_0009_azrila,azrila,Lady,model_asset,,assets/beyond/arts/entity/actor/lady/azrila/models/sk_actor_azrila_01.fbx,,,,0,11449,main/0b659feccb519472dbeb0ea3.ab,,
chr_0009_azrila,azrila,Lady,model_asset,,assets/beyond/arts/entity/actor/lady/azrila/models/sk_actor_azrila_01.fbx,,,,0,11449,main/0b659feccb519472dbeb0ea3.ab,,
chr_0009_azrila,azrila,Lady,model_asset,,assets/beyond/arts/entity/actor/lady/azrila/models/sk_actor_azrila_01.fbx,,,,0,11449,main/0b659feccb519472dbeb0ea3.ab,,
chr_0009_azrila,azrila,Lady,model_asset,,assets/beyond/arts/entity/actor/lady/azrila/models/sk_actor_azrila_01.fbx,,,,0,11449,main/0b659feccb519472dbeb0ea3.ab,,
chr_0009_azrila,azrila,Lady,model_asset,,assets/beyond/arts/entity/actor/lady/azrila/models/sk_actor_azrila_01.fbx,,,,0,11449,main/0b659feccb519472dbeb0ea3.ab,,
chr_0009_azrila,azrila,Lady,model_asset,,assets/beyond/arts/entity/actor/lady/azrila/models/sk_actor_azrila_01.fbx,,,,0,11449,main/0b659feccb519472dbeb0ea3.ab,,
chr_0009_azrila,azrila,Lady,model_asset,,assets/beyond/arts/entity/actor/lady/azrila/models/sk_actor_azrila_01.fbx,,,,0,11449,main/0b659feccb519472dbeb0ea3.ab,,
chr_0009_azrila,azrila,Lady,model_asset,,assets/beyond/arts/entity/actor/lady/azrila/models/sk_actor_azrila_01.fbx,,,,0,11449,main/0b659feccb519472dbeb0ea3.ab,,
chr_0009_azrila,azrila,Lady,model_asset,,assets/beyond/arts/entity/actor/lady/azrila/models/sk_actor_azrila_01.fbx,,,,0,11449,main/0b659feccb519472dbeb0ea3.ab,,
chr_0009_azrila,azrila,Lady,model_asset,,assets/beyond/arts/entity/actor/lady/azrila/models/sk_actor_azrila_01.fbx,,,,0,11449,main/0b659feccb519472dbeb0ea3.ab,,
chr_0009_azrila,azrila,Lady,model_asset,,assets/beyond/arts/entity/actor/lady/azrila/models/sk_actor_azrila_01.fbx,,,,0,11449,main/0b659feccb519472dbeb0ea3.ab,,
chr_0009_azrila,azrila,Lady,model_asset,,assets/beyond/arts/entity/actor/lady/azrila/models/sk_actor_azrila_01.fbx,,,,0,11449,main/0b659feccb519472dbeb0ea3.ab,,
chr_0009_azrila,azrila,Lady,model_asset,,assets/beyond/arts/entity/actor/lady/azrila/models/sk_actor_azrila_01.fbx,,,,0,11449,main/0b659feccb519472dbeb0ea3.ab,,
chr_0009_azrila,azrila,Lady,model_asset,,assets/beyond/arts/entity/actor/lady/azrila/models/sk_actor_azrila_01.fbx,,,,0,11449,main/0b659feccb519472dbeb0ea3.ab,,
chr_0009_azrila,azrila,Lady,model_asset,,assets/beyond/arts/entity/actor/lady/azrila/models/sk_actor_azrila_01.fbx,,,,0,11449,main/0b659feccb519472dbeb0ea3.ab,,
chr_0009_azrila,azrila,Lady,model_asset,,assets/beyond/arts/entity/actor/lady/azrila/models/sk_actor_azrila_01.fbx,,,,0,11449,main/0b659feccb519472dbeb0ea3.ab,,
chr_0009_azrila,azrila,Lady,model_asset,,assets/beyond/arts/entity/actor/lady/azrila/models/sk_actor_azrila_01.fbx,,,,0,11449,main/0b659feccb519472dbeb0ea3.ab,,
chr_0009_azrila,azrila,Lady,model_asset,,assets/beyond/arts/entity/actor/lady/azrila/models/sk_actor_azrila_01.fbx,,,,0,11449,main/0b659feccb519472dbeb0ea3.ab,,
chr_0009_azrila,azrila,Lady,model_asset,,assets/beyond/arts/entity/actor/lady/azrila/models/sk_actor_azrila_01.fbx,,,,0,11449,main/0b659feccb519472dbeb0ea3.ab,,
chr_0009_azrila,azrila,Lady,model_asset,,assets/beyond/arts/entity/actor/lady/azrila/models/sk_actor_azrila_01.fbx,,,,0,11449,main/0b659feccb519472dbeb0ea3.ab,,
chr_0009_azrila,azrila,Lady,model_asset,,assets/beyond/arts/entity/actor/lady/azrila/models/sk_actor_azrila_01.fbx,,,,0,11449,main/0b659feccb519472dbeb0ea3.ab,,
chr_0009_azrila,azrila,Lady,model_asset,,assets/beyond/arts/entity/actor/lady/azrila/models/sk_actor_azrila_01.fbx,,,,0,11449,main/0b659feccb519472dbeb0ea3.ab,,
chr_0009_azrila,azrila,Lady,model_asset,,assets/beyond/arts/entity/actor/lady/azrila/models/sk_actor_azrila_01.fbx,,,,0,11449,main/0b659feccb519472dbeb0ea3.ab,,
chr_0009_azrila,azrila,Lady,model_asset,,assets/beyond/arts/entity/actor/lady/azrila/models/sk_actor_azrila_01.fbx,,,,0,11449,main/0b659feccb519472dbeb0ea3.ab,,
chr_0009_azrila,azrila,Lady,model_asset,,assets/beyond/arts/entity/actor/lady/azrila/models/sk_actor_azrila_01.fbx,,,,0,11449,main/0b659feccb519472dbeb0ea3.ab,,
chr_0009_azrila,azrila,Lady,model_asset,,assets/beyond/arts/entity/actor/lady/azrila/models/sk_actor_azrila_01.fbx,,,,0,11449,main/0b659feccb519472dbeb0ea3.ab,,
chr_0009_azrila,azrila,Lady,model_asset,,assets/beyond/arts/entity/actor/lady/azrila/models/sk_actor_azrila_01.fbx,,,,0,11449,main/0b659feccb519472dbeb0ea3.ab,,
chr_0009_azrila,azrila,Lady,model_asset,,assets/beyond/arts/entity/actor/lady/azrila/models/sk_actor_azrila_01.fbx,,,,0,11449,main/0b659feccb519472dbeb0ea3.ab,,
chr_0009_azrila,azrila,Lady,model_asset,,assets/beyond/arts/entity/actor/lady/azrila/models/sk_actor_azrila_01.fbx,,,,0,11449,main/0b659feccb519472dbeb0ea3.ab,,
chr_0009_azrila,azrila,Lady,model_asset,,assets/beyond/arts/entity/actor/lady/azrila/models/sk_actor_azrila_01.fbx,,,,0,11449,main/0b659feccb519472dbeb0ea3.ab,,
chr_0009_azrila,azrila,Lady,model_asset,,assets/beyond/arts/entity/actor/lady/azrila/models/sk_actor_azrila_01.fbx,,,,0,11449,main/0b659feccb519472dbeb0ea3.ab,,
chr_0009_azrila,azrila,Lady,model_asset,,assets/beyond/arts/entity/actor/lady/azrila/models/sk_actor_azrila_01.fbx,,,,0,11449,main/0b659feccb519472dbeb0ea3.ab,,
chr_0009_azrila,azrila,Lady,model_asset,,assets/beyond/arts/entity/actor/lady/azrila/models/sk_actor_azrila_01.fbx,,,,0,11449,main/0b659feccb519472dbeb0ea3.ab,,
chr_0009_azrila,azrila,Lady,model_asset,,assets/beyond/arts/entity/actor/lady/azrila/models/sk_actor_azrila_01.fbx##s_actor_azrila_body_01_lod0,,,,97240,11449,main/0b659feccb519472dbeb0ea3.ab,,
chr_0009_azrila,azrila,Lady,model_asset,,assets/beyond/arts/entity/actor/lady/azrila/models/sk_actor_azrila_01.fbx##s_actor_azrila_body_01_lod1,,,,96816,11449,main/0b659feccb519472dbeb0ea3.ab,,
chr_0009_azrila,azrila,Lady,model_asset,,assets/beyond/arts/entity/actor/lady/azrila/models/sk_actor_azrila_01.fbx##s_actor_azrila_body_01_lod2,,,,41800,11449,main/0b659feccb519472dbeb0ea3.ab,,
chr_0009_azrila,azrila,Lady,model_asset,,assets/beyond/arts/entity/actor/lady/azrila/models/sk_actor_azrila_01.fbx##s_actor_azrila_body_01_lod3,,,,37160,11449,main/0b659feccb519472dbeb0ea3.ab,,
chr_0009_azrila,azrila,Lady,model_asset,,assets/beyond/arts/entity/actor/lady/azrila/models/sk_actor_azrila_01.fbx##s_actor_azrila_cloth_01_lod0,,,,3985181,11449,main/0b659feccb519472dbeb0ea3.ab,,
chr_0009_azrila,azrila,Lady,model_asset,,assets/beyond/arts/entity/actor/lady/azrila/models/sk_actor_azrila_01.fbx##s_actor_azrila_cloth_01_lod1,,,,2999417,11449,main/0b659feccb519472dbeb0ea3.ab,,
chr_0009_azrila,azrila,Lady,model_asset,,assets/beyond/arts/entity/actor/lady/azrila/models/sk_actor_azrila_01.fbx##s_actor_azrila_cloth_01_lod2,,,,1558833,11449,main/0b659feccb519472dbeb0ea3.ab,,
chr_0009_azrila,azrila,Lady,model_asset,,assets/beyond/arts/entity/actor/lady/azrila/models/sk_actor_azrila_01.fbx##s_actor_azrila_cloth_01_lod3,,,,387241,11449,main/0b659feccb519472dbeb0ea3.ab,,
chr_0009_azrila,azrila,Lady,model_asset,,assets/beyond/arts/entity/actor/lady/azrila/models/sk_actor_azrila_01.fbx##s_actor_azrila_cloth_02_lod0,,,,50133,11449,main/0b659feccb519472dbeb0ea3.ab,,
chr_0009_azrila,azrila,Lady,model_asset,,assets/beyond/arts/entity/actor/lady/azrila/models/sk_actor_azrila_01.fbx##s_actor_azrila_cloth_02_lod1,,,,27165,11449,main/0b659feccb519472dbeb0ea3.ab,,
chr_0009_azrila,azrila,Lady,model_asset,,assets/beyond/arts/entity/actor/lady/azrila/models/sk_actor_azrila_01.fbx##s_actor_azrila_cloth_02_lod2,,,,10517,11449,main/0b659feccb519472dbeb0ea3.ab,,
chr_0009_azrila,azrila,Lady,model_asset,,assets/beyond/arts/entity/actor/lady/azrila/models/sk_actor_azrila_01.fbx##s_actor_azrila_cloth_02_lod3,,,,7845,11449,main/0b659feccb519472dbeb0ea3.ab,,
chr_0009_azrila,azrila,Lady,model_asset,,assets/beyond/arts/entity/actor/lady/azrila/models/sk_actor_azrila_01.fbx##s_actor_azrila_cloth_03_lod0,,,,113017,11449,main/0b659feccb519472dbeb0ea3.ab,,
chr_0009_azrila,azrila,Lady,model_asset,,assets/beyond/arts/entity/actor/lady/azrila/models/sk_actor_azrila_01.fbx##s_actor_azrila_cloth_03_lod1,,,,46033,11449,main/0b659feccb519472dbeb0ea3.ab,,
chr_0009_azrila,azrila,Lady,model_asset,,assets/beyond/arts/entity/actor/lady/azrila/models/sk_actor_azrila_01.fbx##s_actor_azrila_cloth_03_lod2,,,,37129,11449,main/0b659feccb519472dbeb0ea3.ab,,
chr_0009_azrila,azrila,Lady,model_asset,,assets/beyond/arts/entity/actor/lady/azrila/models/sk_actor_azrila_01.fbx##s_actor_azrila_cloth_03_lod3,,,,29929,11449,main/0b659feccb519472dbeb0ea3.ab,,
chr_0009_azrila,azrila,Lady,model_asset,,assets/beyond/arts/entity/actor/lady/azrila/models/sk_actor_azrila_01.fbx##s_actor_azrila_cloth_04_lod0,,,,1269893,11449,main/0b659feccb519472dbeb0ea3.ab,,
chr_0009_azrila,azrila,Lady,model_asset,,assets/beyond/arts/entity/actor/lady/azrila/models/sk_actor_azrila_01.fbx##s_actor_azrila_cloth_04_lod1,,,,659909,11449,main/0b659feccb519472dbeb0ea3.ab,,
chr_0009_azrila,azrila,Lady,model_asset,,assets/beyond/arts/entity/actor/lady/azrila/models/sk_actor_azrila_01.fbx##s_actor_azrila_cloth_04_lod2,,,,321585,11449,main/0b659feccb519472dbeb0ea3.ab,,
chr_0009_azrila,azrila,Lady,model_asset,,assets/beyond/arts/entity/actor/lady/azrila/models/sk_actor_azrila_01.fbx##s_actor_azrila_cloth_04_lod3,,,,206797,11449,main/0b659feccb519472dbeb0ea3.ab,,
chr_0009_azrila,azrila,Lady,model_asset,,assets/beyond/arts/entity/actor/lady/azrila/models/sk_actor_azrila_01.fbx##s_actor_azrila_eyebrow_01_lod0,,,,58195,11449,main/0b659feccb519472dbeb0ea3.ab,,
chr_0009_azrila,azrila,Lady,model_asset,,assets/beyond/arts/entity/actor/lady/azrila/models/sk_actor_azrila_01.fbx##s_actor_azrila_eyebrow_01_lod1,,,,58195,11449,main/0b659feccb519472dbeb0ea3.ab,,
chr_0009_azrila,azrila,Lady,model_asset,,assets/beyond/arts/entity/actor/lady/azrila/models/sk_actor_azrila_01.fbx##s_actor_azrila_eyebrow_01_lod2,,,,29979,11449,main/0b659feccb519472dbeb0ea3.ab,,
chr_0009_azrila,azrila,Lady,model_asset,,assets/beyond/arts/entity/actor/lady/azrila/models/sk_actor_azrila_01.fbx##s_actor_azrila_eyebrow_01_lod3,,,,6995,11449,main/0b659feccb519472dbeb0ea3.ab,,
chr_0009_azrila,azrila,Lady,model_asset,,assets/beyond/arts/entity/actor/lady/azrila/models/sk_actor_azrila_01.fbx##s_actor_azrila_eyeshadow_01_lod0,,,,7665,11449,main/0b659feccb519472dbeb0ea3.ab,,
chr_0009_azrila,azrila,Lady,model_asset,,assets/beyond/arts/entity/actor/lady/azrila/models/sk_actor_azrila_01.fbx##s_actor_azrila_eyeshadow_01_lod1,,,,7665,11449,main/0b659feccb519472dbeb0ea3.ab,,
chr_0009_azrila,azrila,Lady,model_asset,,assets/beyond/arts/entity/actor/lady/azrila/models/sk_actor_azrila_01.fbx##s_actor_azrila_face_01_lod0,,,,240264,11449,main/0b659feccb519472dbeb0ea3.ab,,
chr_0009_azrila,azrila,Lady,model_asset,,assets/beyond/arts/entity/actor/lady/azrila/models/sk_actor_azrila_01.fbx##s_actor_azrila_face_01_lod1,,,,230984,11449,main/0b659feccb519472dbeb0ea3.ab,,
chr_0009_azrila,azrila,Lady,model_asset,,assets/beyond/arts/entity/actor/lady/azrila/models/sk_actor_azrila_01.fbx##s_actor_azrila_face_01_lod2,,,,92392,11449,main/0b659feccb519472dbeb0ea3.ab,,
chr_0009_azrila,azrila,Lady,model_asset,,assets/beyond/arts/entity/actor/lady/azrila/models/sk_actor_azrila_01.fbx##s_actor_azrila_face_01_lod3,,,,34764,11449,main/0b659feccb519472dbeb0ea3.ab,,
chr_0009_azrila,azrila,Lady,model_asset,,assets/beyond/arts/entity/actor/lady/azrila/models/sk_actor_azrila_01.fbx##s_actor_azrila_hair_01_lod0,,,,1550228,11449,main/0b659feccb519472dbeb0ea3.ab,,
chr_0009_azrila,azrila,Lady,model_asset,,assets/beyond/arts/entity/actor/lady/azrila/models/sk_actor_azrila_01.fbx##s_actor_azrila_hair_01_lod1,,,,1129168,11449,main/0b659feccb519472dbeb0ea3.ab,,
chr_0009_azrila,azrila,Lady,model_asset,,assets/beyond/arts/entity/actor/lady/azrila/models/sk_actor_azrila_01.fbx##s_actor_azrila_hair_01_lod2,,,,604988,11449,main/0b659feccb519472dbeb0ea3.ab,,
chr_0009_azrila,azrila,Lady,model_asset,,assets/beyond/arts/entity/actor/lady/azrila/models/sk_actor_azrila_01.fbx##s_actor_azrila_hair_01_lod3,,,,300488,11449,main/0b659feccb519472dbeb0ea3.ab,,
chr_0009_azrila,azrila,Lady,model_asset,,assets/beyond/arts/entity/actor/lady/azrila/models/sk_actor_azrila_01.fbx##s_actor_azrila_hairshadow_01_lod0,,,,19914,11449,main/0b659feccb519472dbeb0ea3.ab,,
chr_0009_azrila,azrila,Lady,model_asset,,assets/beyond/arts/entity/actor/lady/azrila/models/sk_actor_azrila_01.fbx##s_actor_azrila_hairshadow_01_lod1,,,,15742,11449,main/0b659feccb519472dbeb0ea3.ab,,
chr_0009_azrila,azrila,Lady,model_asset,,assets/beyond/arts/entity/actor/lady/azrila/models/sk_actor_azrila_01.fbx##s_actor_azrila_iris_01_lod0,,,,23068,11449,main/0b659feccb519472dbeb0ea3.ab,,
chr_0009_azrila,azrila,Lady,model_asset,,assets/beyond/arts/entity/actor/lady/azrila/models/sk_actor_azrila_01.fbx##s_actor_azrila_iris_01_lod1,,,,23068,11449,main/0b659feccb519472dbeb0ea3.ab,,
chr_0009_azrila,azrila,Lady,model_asset,,assets/beyond/arts/entity/actor/lady/azrila/models/sk_actor_azrila_01.fbx##s_actor_azrila_iris_01_lod2,,,,6180,11449,main/0b659feccb519472dbeb0ea3.ab,,
chr_0009_azrila,azrila,Lady,model_asset,,assets/beyond/arts/entity/actor/lady/azrila/models/sk_actor_azrila_01.fbx##s_actor_azrila_iris_01_lod3,,,,3836,11449,main/0b659feccb519472dbeb0ea3.ab,,
chr_0009_azrila,azrila,Lady,model_asset,,assets/beyond/arts/entity/actor/lady/azrila/models/sk_actor_azrila_01.fbx##s_actor_azrila_vfxpart_01_lod0,,,,15115,11449,main/0b659feccb519472dbeb0ea3.ab,,
chr_0009_azrila,azrila,Lady,model_asset,,assets/beyond/arts/entity/actor/lady/azrila/models/sk_actor_azrila_01.fbx##s_actor_azrila_vfxpart_01_lod1,,,,9595,11449,main/0b659feccb519472dbeb0ea3.ab,,
chr_0009_azrila,azrila,Lady,model_asset,,assets/beyond/arts/entity/actor/lady/azrila/models/sk_actor_azrila_01.fbx##s_actor_azrila_vfxpart_01_lod2,,,,9595,11449,main/0b659feccb519472dbeb0ea3.ab,,
chr_0009_azrila,azrila,Lady,model_asset,,assets/beyond/arts/entity/actor/lady/azrila/models/sk_actor_azrila_01.fbx##s_actor_azrila_vfxpart_01_lod3,,,,9451,11449,main/0b659feccb519472dbeb0ea3.ab,,
chr_0009_azrila,azrila,Lady,model_asset,,assets/beyond/arts/entity/actor/lady/azrila/models/sk_actor_azrila_01.fbx##sk_actor_azrila_01avatar,,,,232053,11449,main/0b659feccb519472dbeb0ea3.ab,,
chr_0011_seraph,seraph,Girl,postmodel,chr_0011_seraph_postmodel,assets/beyond/dynamicassets/gameplay/actors/postmodels/characters/chr_0011_seraph_postmodel.prefab,assets/beyond/dynamicassets/gameplay/actors/postmodels/characters/chr_0011_seraph_postmodel.prefab,787289344677128201,0x0AED037CDCEE2809,520,63621,main/439e13969207d3cd60d75bf1.ab,653883132079084310,0x09130F3E84319316
chr_0011_seraph,seraph,Girl,model_asset,,assets/beyond/arts/entity/actor/girl/seraph/models/s_actor_seraph_body_01_lod0.asset,,,,315256,33621,main/23445596fea1664d23b6cfb1.ab,,
chr_0011_seraph,seraph,Girl,model_asset,,assets/beyond/arts/entity/actor/girl/seraph/models/s_actor_seraph_cloth_01_lod0.asset,,,,3862813,71489,main/4c2d1e23bbb9fdf0e6f30dd9.ab,,
chr_0011_seraph,seraph,Girl,model_asset,,assets/beyond/arts/entity/actor/girl/seraph/models/s_actor_seraph_cloth_02_lod0.asset,,,,195489,58463,main/3e1ea4b82545d518fafbb6e2.ab,,
chr_0011_seraph,seraph,Girl,model_asset,,assets/beyond/arts/entity/actor/girl/seraph/models/s_actor_seraph_cloth_03_lod0.asset,,,,187789,231332,main/f8ea5673493f6a71a6f6a6ad.ab,,
chr_0011_seraph,seraph,Girl,model_asset,,assets/beyond/arts/entity/actor/girl/seraph/models/s_actor_seraph_cloth_04_lod0.asset,,,,98933,140936,main/973930f671405e5d44e57da7.ab,,
chr_0011_seraph,seraph,Girl,model_asset,,assets/beyond/arts/entity/actor/girl/seraph/models/s_actor_seraph_cloth_05_lod0.asset,,,,855385,225444,main/f29e587a7632b3fcf11afd11.ab,,
chr_0011_seraph,seraph,Girl,model_asset,,assets/beyond/arts/entity/actor/girl/seraph/models/s_actor_seraph_cloth_06_lod0.asset,,,,148361,208538,main/e0590d089bdd9c43c8541d1b.ab,,
chr_0011_seraph,seraph,Girl,model_asset,,assets/beyond/arts/entity/actor/girl/seraph/models/s_actor_seraph_face_01_lod0.asset,,,,269916,87684,main/5dd15d56d1d819141638be53.ab,,
chr_0011_seraph,seraph,Girl,model_asset,,assets/beyond/arts/entity/actor/girl/seraph/models/s_actor_seraph_hair_01_lod0.asset,,,,688724,185880,main/c7dedc5f4f42f2eb2e87d1c7.ab,,
chr_0011_seraph,seraph,Girl,model_asset,,assets/beyond/arts/entity/actor/girl/seraph/models/sk_actor_seraph_01.fbx,,,,0,172616,main/b9945a6313a7244b05913079.ab,,
chr_0011_seraph,seraph,Girl,model_asset,,assets/beyond/arts/entity/actor/girl/seraph/models/sk_actor_seraph_01.fbx,,,,0,172616,main/b9945a6313a7244b05913079.ab,,
chr_0011_seraph,seraph,Girl,model_asset,,assets/beyond/arts/entity/actor/girl/seraph/models/sk_actor_seraph_01.fbx,,,,0,172616,main/b9945a6313a7244b05913079.ab,,
chr_0011_seraph,seraph,Girl,model_asset,,assets/beyond/arts/entity/actor/girl/seraph/models/sk_actor_seraph_01.fbx,,,,0,172616,main/b9945a6313a7244b05913079.ab,,
chr_0011_seraph,seraph,Girl,model_asset,,assets/beyond/arts/entity/actor/girl/seraph/models/sk_actor_seraph_01.fbx,,,,0,172616,main/b9945a6313a7244b05913079.ab,,
chr_0011_seraph,seraph,Girl,model_asset,,assets/beyond/arts/entity/actor/girl/seraph/models/sk_actor_seraph_01.fbx,,,,0,172616,main/b9945a6313a7244b05913079.ab,,
chr_0011_seraph,seraph,Girl,model_asset,,assets/beyond/arts/entity/actor/girl/seraph/models/sk_actor_seraph_01.fbx,,,,0,172616,main/b9945a6313a7244b05913079.ab,,
chr_0011_seraph,seraph,Girl,model_asset,,assets/beyond/arts/entity/actor/girl/seraph/models/sk_actor_seraph_01.fbx,,,,0,172616,main/b9945a6313a7244b05913079.ab,,
chr_0011_seraph,seraph,Girl,model_asset,,assets/beyond/arts/entity/actor/girl/seraph/models/sk_actor_seraph_01.fbx,,,,0,172616,main/b9945a6313a7244b05913079.ab,,
chr_0011_seraph,seraph,Girl,model_asset,,assets/beyond/arts/entity/actor/girl/seraph/models/sk_actor_seraph_01.fbx,,,,0,172616,main/b9945a6313a7244b05913079.ab,,
chr_0011_seraph,seraph,Girl,model_asset,,assets/beyond/arts/entity/actor/girl/seraph/models/sk_actor_seraph_01.fbx,,,,0,172616,main/b9945a6313a7244b05913079.ab,,
chr_0011_seraph,seraph,Girl,model_asset,,assets/beyond/arts/entity/actor/girl/seraph/models/sk_actor_seraph_01.fbx,,,,0,172616,main/b9945a6313a7244b05913079.ab,,
chr_0011_seraph,seraph,Girl,model_asset,,assets/beyond/arts/entity/actor/girl/seraph/models/sk_actor_seraph_01.fbx,,,,0,172616,main/b9945a6313a7244b05913079.ab,,
chr_0011_seraph,seraph,Girl,model_asset,,assets/beyond/arts/entity/actor/girl/seraph/models/sk_actor_seraph_01.fbx,,,,0,172616,main/b9945a6313a7244b05913079.ab,,
chr_0011_seraph,seraph,Girl,model_asset,,assets/beyond/arts/entity/actor/girl/seraph/models/sk_actor_seraph_01.fbx,,,,0,172616,main/b9945a6313a7244b05913079.ab,,
chr_0011_seraph,seraph,Girl,model_asset,,assets/beyond/arts/entity/actor/girl/seraph/models/sk_actor_seraph_01.fbx,,,,0,172616,main/b9945a6313a7244b05913079.ab,,
chr_0011_seraph,seraph,Girl,model_asset,,assets/beyond/arts/entity/actor/girl/seraph/models/sk_actor_seraph_01.fbx,,,,0,172616,main/b9945a6313a7244b05913079.ab,,
chr_0011_seraph,seraph,Girl,model_asset,,assets/beyond/arts/entity/actor/girl/seraph/models/sk_actor_seraph_01.fbx,,,,0,172616,main/b9945a6313a7244b05913079.ab,,
chr_0011_seraph,seraph,Girl,model_asset,,assets/beyond/arts/entity/actor/girl/seraph/models/sk_actor_seraph_01.fbx,,,,0,172616,main/b9945a6313a7244b05913079.ab,,
chr_0011_seraph,seraph,Girl,model_asset,,assets/beyond/arts/entity/actor/girl/seraph/models/sk_actor_seraph_01.fbx,,,,0,172616,main/b9945a6313a7244b05913079.ab,,
chr_0011_seraph,seraph,Girl,model_asset,,assets/beyond/arts/entity/actor/girl/seraph/models/sk_actor_seraph_01.fbx,,,,0,172616,main/b9945a6313a7244b05913079.ab,,
chr_0011_seraph,seraph,Girl,model_asset,,assets/beyond/arts/entity/actor/girl/seraph/models/sk_actor_seraph_01.fbx,,,,0,172616,main/b9945a6313a7244b05913079.ab,,
chr_0011_seraph,seraph,Girl,model_asset,,assets/beyond/arts/entity/actor/girl/seraph/models/sk_actor_seraph_01.fbx,,,,0,172616,main/b9945a6313a7244b05913079.ab,,
chr_0011_seraph,seraph,Girl,model_asset,,assets/beyond/arts/entity/actor/girl/seraph/models/sk_actor_seraph_01.fbx,,,,0,172616,main/b9945a6313a7244b05913079.ab,,
chr_0011_seraph,seraph,Girl,model_asset,,assets/beyond/arts/entity/actor/girl/seraph/models/sk_actor_seraph_01.fbx,,,,0,172616,main/b9945a6313a7244b05913079.ab,,
chr_0011_seraph,seraph,Girl,model_asset,,assets/beyond/arts/entity/actor/girl/seraph/models/sk_actor_seraph_01.fbx,,,,0,172616,main/b9945a6313a7244b05913079.ab,,
chr_0011_seraph,seraph,Girl,model_asset,,assets/beyond/arts/entity/actor/girl/seraph/models/sk_actor_seraph_01.fbx,,,,0,172616,main/b9945a6313a7244b05913079.ab,,
chr_0011_seraph,seraph,Girl,model_asset,,assets/beyond/arts/entity/actor/girl/seraph/models/sk_actor_seraph_01.fbx,,,,0,172616,main/b9945a6313a7244b05913079.ab,,
chr_0011_seraph,seraph,Girl,model_asset,,assets/beyond/arts/entity/actor/girl/seraph/models/sk_actor_seraph_01.fbx,,,,0,172616,main/b9945a6313a7244b05913079.ab,,
chr_0011_seraph,seraph,Girl,model_asset,,assets/beyond/arts/entity/actor/girl/seraph/models/sk_actor_seraph_01.fbx,,,,0,172616,main/b9945a6313a7244b05913079.ab,,
chr_0011_seraph,seraph,Girl,model_asset,,assets/beyond/arts/entity/actor/girl/seraph/models/sk_actor_seraph_01.fbx,,,,0,172616,main/b9945a6313a7244b05913079.ab,,
chr_0011_seraph,seraph,Girl,model_asset,,assets/beyond/arts/entity/actor/girl/seraph/models/sk_actor_seraph_01.fbx,,,,0,172616,main/b9945a6313a7244b05913079.ab,,
chr_0011_seraph,seraph,Girl,model_asset,,assets/beyond/arts/entity/actor/girl/seraph/models/sk_actor_seraph_01.fbx,,,,0,172616,main/b9945a6313a7244b05913079.ab,,
chr_0011_seraph,seraph,Girl,model_asset,,assets/beyond/arts/entity/actor/girl/seraph/models/sk_actor_seraph_01.fbx,,,,0,172616,main/b9945a6313a7244b05913079.ab,,
chr_0011_seraph,seraph,Girl,model_asset,,assets/beyond/arts/entity/actor/girl/seraph/models/sk_actor_seraph_01.fbx,,,,0,172616,main/b9945a6313a7244b05913079.ab,,
chr_0011_seraph,seraph,Girl,model_asset,,assets/beyond/arts/entity/actor/girl/seraph/models/sk_actor_seraph_01.fbx,,,,0,172616,main/b9945a6313a7244b05913079.ab,,
chr_0011_seraph,seraph,Girl,model_asset,,assets/beyond/arts/entity/actor/girl/seraph/models/sk_actor_seraph_01.fbx,,,,0,172616,main/b9945a6313a7244b05913079.ab,,
chr_0011_seraph,seraph,Girl,model_asset,,assets/beyond/arts/entity/actor/girl/seraph/models/sk_actor_seraph_01.fbx,,,,0,172616,main/b9945a6313a7244b05913079.ab,,
chr_0011_seraph,seraph,Girl,model_asset,,assets/beyond/arts/entity/actor/girl/seraph/models/sk_actor_seraph_01.fbx,,,,0,172616,main/b9945a6313a7244b05913079.ab,,
chr_0011_seraph,seraph,Girl,model_asset,,assets/beyond/arts/entity/actor/girl/seraph/models/sk_actor_seraph_01.fbx,,,,0,172616,main/b9945a6313a7244b05913079.ab,,
chr_0011_seraph,seraph,Girl,model_asset,,assets/beyond/arts/entity/actor/girl/seraph/models/sk_actor_seraph_01.fbx,,,,0,172616,main/b9945a6313a7244b05913079.ab,,
chr_0011_seraph,seraph,Girl,model_asset,,assets/beyond/arts/entity/actor/girl/seraph/models/sk_actor_seraph_01.fbx,,,,0,172616,main/b9945a6313a7244b05913079.ab,,
chr_0011_seraph,seraph,Girl,model_asset,,assets/beyond/arts/entity/actor/girl/seraph/models/sk_actor_seraph_01.fbx,,,,0,172616,main/b9945a6313a7244b05913079.ab,,
chr_0011_seraph,seraph,Girl,model_asset,,assets/beyond/arts/entity/actor/girl/seraph/models/sk_actor_seraph_01.fbx,,,,0,172616,main/b9945a6313a7244b05913079.ab,,
chr_0011_seraph,seraph,Girl,model_asset,,assets/beyond/arts/entity/actor/girl/seraph/models/sk_actor_seraph_01.fbx,,,,0,172616,main/b9945a6313a7244b05913079.ab,,
chr_0011_seraph,seraph,Girl,model_asset,,assets/beyond/arts/entity/actor/girl/seraph/models/sk_actor_seraph_01.fbx,,,,0,172616,main/b9945a6313a7244b05913079.ab,,
chr_0011_seraph,seraph,Girl,model_asset,,assets/beyond/arts/entity/actor/girl/seraph/models/sk_actor_seraph_01.fbx,,,,0,172616,main/b9945a6313a7244b05913079.ab,,
chr_0011_seraph,seraph,Girl,model_asset,,assets/beyond/arts/entity/actor/girl/seraph/models/sk_actor_seraph_01.fbx,,,,0,172616,main/b9945a6313a7244b05913079.ab,,
chr_0011_seraph,seraph,Girl,model_asset,,assets/beyond/arts/entity/actor/girl/seraph/models/sk_actor_seraph_01.fbx##s_actor_seraph_body_01_lod0,,,,289976,172616,main/b9945a6313a7244b05913079.ab,,
chr_0011_seraph,seraph,Girl,model_asset,,assets/beyond/arts/entity/actor/girl/seraph/models/sk_actor_seraph_01.fbx##s_actor_seraph_body_01_lod1,,,,236696,172616,main/b9945a6313a7244b05913079.ab,,
chr_0011_seraph,seraph,Girl,model_asset,,assets/beyond/arts/entity/actor/girl/seraph/models/sk_actor_seraph_01.fbx##s_actor_seraph_body_01_lod2,,,,143072,172616,main/b9945a6313a7244b05913079.ab,,
chr_0011_seraph,seraph,Girl,model_asset,,assets/beyond/arts/entity/actor/girl/seraph/models/sk_actor_seraph_01.fbx##s_actor_seraph_body_01_lod3,,,,60336,172616,main/b9945a6313a7244b05913079.ab,,
chr_0011_seraph,seraph,Girl,model_asset,,assets/beyond/arts/entity/actor/girl/seraph/models/sk_actor_seraph_01.fbx##s_actor_seraph_cloth_01_lod0,,,,3538445,172616,main/b9945a6313a7244b05913079.ab,,
chr_0011_seraph,seraph,Girl,model_asset,,assets/beyond/arts/entity/actor/girl/seraph/models/sk_actor_seraph_01.fbx##s_actor_seraph_cloth_01_lod1,,,,2177381,172616,main/b9945a6313a7244b05913079.ab,,
chr_0011_seraph,seraph,Girl,model_asset,,assets/beyond/arts/entity/actor/girl/seraph/models/sk_actor_seraph_01.fbx##s_actor_seraph_cloth_01_lod2,,,,1272125,172616,main/b9945a6313a7244b05913079.ab,,
chr_0011_seraph,seraph,Girl,model_asset,,assets/beyond/arts/entity/actor/girl/seraph/models/sk_actor_seraph_01.fbx##s_actor_seraph_cloth_01_lod3,,,,450829,172616,main/b9945a6313a7244b05913079.ab,,
chr_0011_seraph,seraph,Girl,model_asset,,assets/beyond/arts/entity/actor/girl/seraph/models/sk_actor_seraph_01.fbx##s_actor_seraph_cloth_02_lod0,,,,179409,172616,main/b9945a6313a7244b05913079.ab,,
chr_0011_seraph,seraph,Girl,model_asset,,assets/beyond/arts/entity/actor/girl/seraph/models/sk_actor_seraph_01.fbx##s_actor_seraph_cloth_02_lod1,,,,75037,172616,main/b9945a6313a7244b05913079.ab,,
chr_0011_seraph,seraph,Girl,model_asset,,assets/beyond/arts/entity/actor/girl/seraph/models/sk_actor_seraph_01.fbx##s_actor_seraph_cloth_02_lod2,,,,36037,172616,main/b9945a6313a7244b05913079.ab,,
chr_0011_seraph,seraph,Girl,model_asset,,assets/beyond/arts/entity/actor/girl/seraph/models/sk_actor_seraph_01.fbx##s_actor_seraph_cloth_02_lod3,,,,6161,172616,main/b9945a6313a7244b05913079.ab,,
chr_0011_seraph,seraph,Girl,model_asset,,assets/beyond/arts/entity/actor/girl/seraph/models/sk_actor_seraph_01.fbx##s_actor_seraph_cloth_03_lod0,,,,172925,172616,main/b9945a6313a7244b05913079.ab,,
chr_0011_seraph,seraph,Girl,model_asset,,assets/beyond/arts/entity/actor/girl/seraph/models/sk_actor_seraph_01.fbx##s_actor_seraph_cloth_03_lod1,,,,122805,172616,main/b9945a6313a7244b05913079.ab,,
chr_0011_seraph,seraph,Girl,model_asset,,assets/beyond/arts/entity/actor/girl/seraph/models/sk_actor_seraph_01.fbx##s_actor_seraph_cloth_03_lod2,,,,81973,172616,main/b9945a6313a7244b05913079.ab,,
chr_0011_seraph,seraph,Girl,model_asset,,assets/beyond/arts/entity/actor/girl/seraph/models/sk_actor_seraph_01.fbx##s_actor_seraph_cloth_03_lod3,,,,45949,172616,main/b9945a6313a7244b05913079.ab,,
chr_0011_seraph,seraph,Girl,model_asset,,assets/beyond/arts/entity/actor/girl/seraph/models/sk_actor_seraph_01.fbx##s_actor_seraph_cloth_04_lod0,,,,90693,172616,main/b9945a6313a7244b05913079.ab,,
chr_0011_seraph,seraph,Girl,model_asset,,assets/beyond/arts/entity/actor/girl/seraph/models/sk_actor_seraph_01.fbx##s_actor_seraph_cloth_04_lod1,,,,44773,172616,main/b9945a6313a7244b05913079.ab,,
chr_0011_seraph,seraph,Girl,model_asset,,assets/beyond/arts/entity/actor/girl/seraph/models/sk_actor_seraph_01.fbx##s_actor_seraph_cloth_04_lod2,,,,30437,172616,main/b9945a6313a7244b05913079.ab,,
chr_0011_seraph,seraph,Girl,model_asset,,assets/beyond/arts/entity/actor/girl/seraph/models/sk_actor_seraph_01.fbx##s_actor_seraph_cloth_04_lod3,,,,22385,172616,main/b9945a6313a7244b05913079.ab,,
chr_0011_seraph,seraph,Girl,model_asset,,assets/beyond/arts/entity/actor/girl/seraph/models/sk_actor_seraph_01.fbx##s_actor_seraph_cloth_05_lod0,,,,783449,172616,main/b9945a6313a7244b05913079.ab,,
chr_0011_seraph,seraph,Girl,model_asset,,assets/beyond/arts/entity/actor/girl/seraph/models/sk_actor_seraph_01.fbx##s_actor_seraph_cloth_05_lod1,,,,260701,172616,main/b9945a6313a7244b05913079.ab,,
chr_0011_seraph,seraph,Girl,model_asset,,assets/beyond/arts/entity/actor/girl/seraph/models/sk_actor_seraph_01.fbx##s_actor_seraph_cloth_05_lod2,,,,153421,172616,main/b9945a6313a7244b05913079.ab,,
chr_0011_seraph,seraph,Girl,model_asset,,assets/beyond/arts/entity/actor/girl/seraph/models/sk_actor_seraph_01.fbx##s_actor_seraph_cloth_05_lod3,,,,89245,172616,main/b9945a6313a7244b05913079.ab,,
chr_0011_seraph,seraph,Girl,model_asset,,assets/beyond/arts/entity/actor/girl/seraph/models/sk_actor_seraph_01.fbx##s_actor_seraph_cloth_06_lod0,,,,131129,172616,main/b9945a6313a7244b05913079.ab,,
chr_0011_seraph,seraph,Girl,model_asset,,assets/beyond/arts/entity/actor/girl/seraph/models/sk_actor_seraph_01.fbx##s_actor_seraph_cloth_06_lod1,,,,74465,172616,main/b9945a6313a7244b05913079.ab,,
chr_0011_seraph,seraph,Girl,model_asset,,assets/beyond/arts/entity/actor/girl/seraph/models/sk_actor_seraph_01.fbx##s_actor_seraph_cloth_06_lod2,,,,55425,172616,main/b9945a6313a7244b05913079.ab,,
chr_0011_seraph,seraph,Girl,model_asset,,assets/beyond/arts/entity/actor/girl/seraph/models/sk_actor_seraph_01.fbx##s_actor_seraph_eyebrow_01_lod0,,,,68039,172616,main/b9945a6313a7244b05913079.ab,,
chr_0011_seraph,seraph,Girl,model_asset,,assets/beyond/arts/entity/actor/girl/seraph/models/sk_actor_seraph_01.fbx##s_actor_seraph_eyebrow_01_lod1,,,,62163,172616,main/b9945a6313a7244b05913079.ab,,
chr_0011_seraph,seraph,Girl,model_asset,,assets/beyond/arts/entity/actor/girl/seraph/models/sk_actor_seraph_01.fbx##s_actor_seraph_eyebrow_01_lod2,,,,40283,172616,main/b9945a6313a7244b05913079.ab,,
chr_0011_seraph,seraph,Girl,model_asset,,assets/beyond/arts/entity/actor/girl/seraph/models/sk_actor_seraph_01.fbx##s_actor_seraph_eyebrow_01_lod3,,,,7123,172616,main/b9945a6313a7244b05913079.ab,,
chr_0011_seraph,seraph,Girl,model_asset,,assets/beyond/arts/entity/actor/girl/seraph/models/sk_actor_seraph_01.fbx##s_actor_seraph_eyeshadow_01_lod0,,,,7925,172616,main/b9945a6313a7244b05913079.ab,,
chr_0011_seraph,seraph,Girl,model_asset,,assets/beyond/arts/entity/actor/girl/seraph/models/sk_actor_seraph_01.fbx##s_actor_seraph_eyeshadow_01_lod1,,,,7925,172616,main/b9945a6313a7244b05913079.ab,,
chr_0011_seraph,seraph,Girl,model_asset,,assets/beyond/arts/entity/actor/girl/seraph/models/sk_actor_seraph_01.fbx##s_actor_seraph_face_01_lod0,,,,248284,172616,main/b9945a6313a7244b05913079.ab,,
chr_0011_seraph,seraph,Girl,model_asset,,assets/beyond/arts/entity/actor/girl/seraph/models/sk_actor_seraph_01.fbx##s_actor_seraph_face_01_lod1,,,,236476,172616,main/b9945a6313a7244b05913079.ab,,
chr_0011_seraph,seraph,Girl,model_asset,,assets/beyond/arts/entity/actor/girl/seraph/models/sk_actor_seraph_01.fbx##s_actor_seraph_face_01_lod2,,,,78984,172616,main/b9945a6313a7244b05913079.ab,,
chr_0011_seraph,seraph,Girl,model_asset,,assets/beyond/arts/entity/actor/girl/seraph/models/sk_actor_seraph_01.fbx##s_actor_seraph_face_01_lod3,,,,29204,172616,main/b9945a6313a7244b05913079.ab,,
chr_0011_seraph,seraph,Girl,model_asset,,assets/beyond/arts/entity/actor/girl/seraph/models/sk_actor_seraph_01.fbx##s_actor_seraph_hair_01_lod0,,,,630900,172616,main/b9945a6313a7244b05913079.ab,,
chr_0011_seraph,seraph,Girl,model_asset,,assets/beyond/arts/entity/actor/girl/seraph/models/sk_actor_seraph_01.fbx##s_actor_seraph_hair_01_lod1,,,,601460,172616,main/b9945a6313a7244b05913079.ab,,
chr_0011_seraph,seraph,Girl,model_asset,,assets/beyond/arts/entity/actor/girl/seraph/models/sk_actor_seraph_01.fbx##s_actor_seraph_hair_01_lod2,,,,200712,172616,main/b9945a6313a7244b05913079.ab,,
chr_0011_seraph,seraph,Girl,model_asset,,assets/beyond/arts/entity/actor/girl/seraph/models/sk_actor_seraph_01.fbx##s_actor_seraph_hair_01_lod3,,,,57044,172616,main/b9945a6313a7244b05913079.ab,,
chr_0011_seraph,seraph,Girl,model_asset,,assets/beyond/arts/entity/actor/girl/seraph/models/sk_actor_seraph_01.fbx##s_actor_seraph_hairshadow_01_lod0,,,,27862,172616,main/b9945a6313a7244b05913079.ab,,
chr_0011_seraph,seraph,Girl,model_asset,,assets/beyond/arts/entity/actor/girl/seraph/models/sk_actor_seraph_01.fbx##s_actor_seraph_hairshadow_01_lod1,,,,27862,172616,main/b9945a6313a7244b05913079.ab,,
chr_0011_seraph,seraph,Girl,model_asset,,assets/beyond/arts/entity/actor/girl/seraph/models/sk_actor_seraph_01.fbx##s_actor_seraph_iris_01_lod0,,,,23164,172616,main/b9945a6313a7244b05913079.ab,,
chr_0011_seraph,seraph,Girl,model_asset,,assets/beyond/arts/entity/actor/girl/seraph/models/sk_actor_seraph_01.fbx##s_actor_seraph_iris_01_lod1,,,,23164,172616,main/b9945a6313a7244b05913079.ab,,
chr_0011_seraph,seraph,Girl,model_asset,,assets/beyond/arts/entity/actor/girl/seraph/models/sk_actor_seraph_01.fbx##s_actor_seraph_iris_01_lod2,,,,5424,172616,main/b9945a6313a7244b05913079.ab,,
chr_0011_seraph,seraph,Girl,model_asset,,assets/beyond/arts/entity/actor/girl/seraph/models/sk_actor_seraph_01.fbx##s_actor_seraph_iris_01_lod3,,,,3264,172616,main/b9945a6313a7244b05913079.ab,,
chr_0011_seraph,seraph,Girl,model_asset,,assets/beyond/arts/entity/actor/girl/seraph/models/sk_actor_seraph_01.fbx##sk_actor_seraph_01avatar,,,,244036,172616,main/b9945a6313a7244b05913079.ab,,
chr_0012_avywen,avywen,Girl,postmodel,chr_0012_avywen_postmodel,assets/beyond/dynamicassets/gameplay/actors/postmodels/characters/chr_0012_avywen_postmodel.prefab,assets/beyond/dynamicassets/gameplay/actors/postmodels/characters/chr_0012_avywen_postmodel.prefab,676878876025641341,0x0964C1C06179597D,520,42146,main/2c84ddbe606ad62f2ff2c3ff.ab,680713463298044794,0x09726149CDB4B37A
chr_0012_avywen,avywen,Girl,model_asset,,assets/beyond/arts/entity/actor/girl/avywen/models/s_actor_avywen_body_01_lod0.asset,,,,133544,218329,main/eae36c139aa3d3e7549fe140.ab,,
chr_0012_avywen,avywen,Girl,model_asset,,assets/beyond/arts/entity/actor/girl/avywen/models/s_actor_avywen_cloth_01_lod0.asset,,,,7043709,84010,main/59dc3a1a2f45eec592069541.ab,,
chr_0012_avywen,avywen,Girl,model_asset,,assets/beyond/arts/entity/actor/girl/avywen/models/s_actor_avywen_face_01_lod0.asset,,,,292964,151328,main/a2aa7abf6af882f4c82337cb.ab,,
chr_0012_avywen,avywen,Girl,model_asset,,assets/beyond/arts/entity/actor/girl/avywen/models/s_actor_avywen_hair_01_lod0.asset,,,,1363208,186178,main/c839346cfd157fabae2323a6.ab,,
chr_0012_avywen,avywen,Girl,model_asset,,assets/beyond/arts/entity/actor/girl/avywen/models/sk_actor_avywen_01.fbx,,,,0,235961,main/fe0f10d9ebaefbcaf3ed27a7.ab,,
chr_0012_avywen,avywen,Girl,model_asset,,assets/beyond/arts/entity/actor/girl/avywen/models/sk_actor_avywen_01.fbx,,,,0,235961,main/fe0f10d9ebaefbcaf3ed27a7.ab,,
chr_0012_avywen,avywen,Girl,model_asset,,assets/beyond/arts/entity/actor/girl/avywen/models/sk_actor_avywen_01.fbx,,,,0,235961,main/fe0f10d9ebaefbcaf3ed27a7.ab,,
chr_0012_avywen,avywen,Girl,model_asset,,assets/beyond/arts/entity/actor/girl/avywen/models/sk_actor_avywen_01.fbx,,,,0,235961,main/fe0f10d9ebaefbcaf3ed27a7.ab,,
chr_0012_avywen,avywen,Girl,model_asset,,assets/beyond/arts/entity/actor/girl/avywen/models/sk_actor_avywen_01.fbx,,,,0,235961,main/fe0f10d9ebaefbcaf3ed27a7.ab,,
chr_0012_avywen,avywen,Girl,model_asset,,assets/beyond/arts/entity/actor/girl/avywen/models/sk_actor_avywen_01.fbx,,,,0,235961,main/fe0f10d9ebaefbcaf3ed27a7.ab,,
chr_0012_avywen,avywen,Girl,model_asset,,assets/beyond/arts/entity/actor/girl/avywen/models/sk_actor_avywen_01.fbx,,,,0,235961,main/fe0f10d9ebaefbcaf3ed27a7.ab,,
chr_0012_avywen,avywen,Girl,model_asset,,assets/beyond/arts/entity/actor/girl/avywen/models/sk_actor_avywen_01.fbx,,,,0,235961,main/fe0f10d9ebaefbcaf3ed27a7.ab,,
chr_0012_avywen,avywen,Girl,model_asset,,assets/beyond/arts/entity/actor/girl/avywen/models/sk_actor_avywen_01.fbx,,,,0,235961,main/fe0f10d9ebaefbcaf3ed27a7.ab,,
chr_0012_avywen,avywen,Girl,model_asset,,assets/beyond/arts/entity/actor/girl/avywen/models/sk_actor_avywen_01.fbx,,,,0,235961,main/fe0f10d9ebaefbcaf3ed27a7.ab,,
chr_0012_avywen,avywen,Girl,model_asset,,assets/beyond/arts/entity/actor/girl/avywen/models/sk_actor_avywen_01.fbx,,,,0,235961,main/fe0f10d9ebaefbcaf3ed27a7.ab,,
chr_0012_avywen,avywen,Girl,model_asset,,assets/beyond/arts/entity/actor/girl/avywen/models/sk_actor_avywen_01.fbx,,,,0,235961,main/fe0f10d9ebaefbcaf3ed27a7.ab,,
chr_0012_avywen,avywen,Girl,model_asset,,assets/beyond/arts/entity/actor/girl/avywen/models/sk_actor_avywen_01.fbx,,,,0,235961,main/fe0f10d9ebaefbcaf3ed27a7.ab,,
chr_0012_avywen,avywen,Girl,model_asset,,assets/beyond/arts/entity/actor/girl/avywen/models/sk_actor_avywen_01.fbx,,,,0,235961,main/fe0f10d9ebaefbcaf3ed27a7.ab,,
chr_0012_avywen,avywen,Girl,model_asset,,assets/beyond/arts/entity/actor/girl/avywen/models/sk_actor_avywen_01.fbx,,,,0,235961,main/fe0f10d9ebaefbcaf3ed27a7.ab,,
chr_0012_avywen,avywen,Girl,model_asset,,assets/beyond/arts/entity/actor/girl/avywen/models/sk_actor_avywen_01.fbx,,,,0,235961,main/fe0f10d9ebaefbcaf3ed27a7.ab,,
chr_0012_avywen,avywen,Girl,model_asset,,assets/beyond/arts/entity/actor/girl/avywen/models/sk_actor_avywen_01.fbx,,,,0,235961,main/fe0f10d9ebaefbcaf3ed27a7.ab,,
chr_0012_avywen,avywen,Girl,model_asset,,assets/beyond/arts/entity/actor/girl/avywen/models/sk_actor_avywen_01.fbx,,,,0,235961,main/fe0f10d9ebaefbcaf3ed27a7.ab,,
chr_0012_avywen,avywen,Girl,model_asset,,assets/beyond/arts/entity/actor/girl/avywen/models/sk_actor_avywen_01.fbx,,,,0,235961,main/fe0f10d9ebaefbcaf3ed27a7.ab,,
chr_0012_avywen,avywen,Girl,model_asset,,assets/beyond/arts/entity/actor/girl/avywen/models/sk_actor_avywen_01.fbx,,,,0,235961,main/fe0f10d9ebaefbcaf3ed27a7.ab,,
chr_0012_avywen,avywen,Girl,model_asset,,assets/beyond/arts/entity/actor/girl/avywen/models/sk_actor_avywen_01.fbx,,,,0,235961,main/fe0f10d9ebaefbcaf3ed27a7.ab,,
chr_0012_avywen,avywen,Girl,model_asset,,assets/beyond/arts/entity/actor/girl/avywen/models/sk_actor_avywen_01.fbx,,,,0,235961,main/fe0f10d9ebaefbcaf3ed27a7.ab,,
chr_0012_avywen,avywen,Girl,model_asset,,assets/beyond/arts/entity/actor/girl/avywen/models/sk_actor_avywen_01.fbx,,,,0,235961,main/fe0f10d9ebaefbcaf3ed27a7.ab,,
chr_0012_avywen,avywen,Girl,model_asset,,assets/beyond/arts/entity/actor/girl/avywen/models/sk_actor_avywen_01.fbx,,,,0,235961,main/fe0f10d9ebaefbcaf3ed27a7.ab,,
chr_0012_avywen,avywen,Girl,model_asset,,assets/beyond/arts/entity/actor/girl/avywen/models/sk_actor_avywen_01.fbx,,,,0,235961,main/fe0f10d9ebaefbcaf3ed27a7.ab,,
chr_0012_avywen,avywen,Girl,model_asset,,assets/beyond/arts/entity/actor/girl/avywen/models/sk_actor_avywen_01.fbx,,,,0,235961,main/fe0f10d9ebaefbcaf3ed27a7.ab,,
chr_0012_avywen,avywen,Girl,model_asset,,assets/beyond/arts/entity/actor/girl/avywen/models/sk_actor_avywen_01.fbx,,,,0,235961,main/fe0f10d9ebaefbcaf3ed27a7.ab,,
chr_0012_avywen,avywen,Girl,model_asset,,assets/beyond/arts/entity/actor/girl/avywen/models/sk_actor_avywen_01.fbx,,,,0,235961,main/fe0f10d9ebaefbcaf3ed27a7.ab,,
chr_0012_avywen,avywen,Girl,model_asset,,assets/beyond/arts/entity/actor/girl/avywen/models/sk_actor_avywen_01.fbx,,,,0,235961,main/fe0f10d9ebaefbcaf3ed27a7.ab,,
chr_0012_avywen,avywen,Girl,model_asset,,assets/beyond/arts/entity/actor/girl/avywen/models/sk_actor_avywen_01.fbx##s_actor_avywen_body_01_lod0,,,,123080,235961,main/fe0f10d9ebaefbcaf3ed27a7.ab,,
chr_0012_avywen,avywen,Girl,model_asset,,assets/beyond/arts/entity/actor/girl/avywen/models/sk_actor_avywen_01.fbx##s_actor_avywen_body_01_lod1,,,,123012,235961,main/fe0f10d9ebaefbcaf3ed27a7.ab,,
chr_0012_avywen,avywen,Girl,model_asset,,assets/beyond/arts/entity/actor/girl/avywen/models/sk_actor_avywen_01.fbx##s_actor_avywen_body_01_lod2,,,,33988,235961,main/fe0f10d9ebaefbcaf3ed27a7.ab,,
chr_0012_avywen,avywen,Girl,model_asset,,assets/beyond/arts/entity/actor/girl/avywen/models/sk_actor_avywen_01.fbx##s_actor_avywen_body_01_lod3,,,,14980,235961,main/fe0f10d9ebaefbcaf3ed27a7.ab,,
chr_0012_avywen,avywen,Girl,model_asset,,assets/beyond/arts/entity/actor/girl/avywen/models/sk_actor_avywen_01.fbx##s_actor_avywen_cloth_01_lod0,,,,6443469,235961,main/fe0f10d9ebaefbcaf3ed27a7.ab,,
chr_0012_avywen,avywen,Girl,model_asset,,assets/beyond/arts/entity/actor/girl/avywen/models/sk_actor_avywen_01.fbx##s_actor_avywen_cloth_01_lod1,,,,2276729,235961,main/fe0f10d9ebaefbcaf3ed27a7.ab,,
chr_0012_avywen,avywen,Girl,model_asset,,assets/beyond/arts/entity/actor/girl/avywen/models/sk_actor_avywen_01.fbx##s_actor_avywen_cloth_01_lod2,,,,1343909,235961,main/fe0f10d9ebaefbcaf3ed27a7.ab,,
chr_0012_avywen,avywen,Girl,model_asset,,assets/beyond/arts/entity/actor/girl/avywen/models/sk_actor_avywen_01.fbx##s_actor_avywen_cloth_01_lod3,,,,595061,235961,main/fe0f10d9ebaefbcaf3ed27a7.ab,,
chr_0012_avywen,avywen,Girl,model_asset,,assets/beyond/arts/entity/actor/girl/avywen/models/sk_actor_avywen_01.fbx##s_actor_avywen_eyebrow_01_lod0,,,,84119,235961,main/fe0f10d9ebaefbcaf3ed27a7.ab,,
chr_0012_avywen,avywen,Girl,model_asset,,assets/beyond/arts/entity/actor/girl/avywen/models/sk_actor_avywen_01.fbx##s_actor_avywen_eyebrow_01_lod1,,,,84119,235961,main/fe0f10d9ebaefbcaf3ed27a7.ab,,
chr_0012_avywen,avywen,Girl,model_asset,,assets/beyond/arts/entity/actor/girl/avywen/models/sk_actor_avywen_01.fbx##s_actor_avywen_eyebrow_01_lod2,,,,29139,235961,main/fe0f10d9ebaefbcaf3ed27a7.ab,,
chr_0012_avywen,avywen,Girl,model_asset,,assets/beyond/arts/entity/actor/girl/avywen/models/sk_actor_avywen_01.fbx##s_actor_avywen_eyebrow_01_lod3,,,,8651,235961,main/fe0f10d9ebaefbcaf3ed27a7.ab,,
chr_0012_avywen,avywen,Girl,model_asset,,assets/beyond/arts/entity/actor/girl/avywen/models/sk_actor_avywen_01.fbx##s_actor_avywen_eyeshadow_01_lod0,,,,7529,235961,main/fe0f10d9ebaefbcaf3ed27a7.ab,,
chr_0012_avywen,avywen,Girl,model_asset,,assets/beyond/arts/entity/actor/girl/avywen/models/sk_actor_avywen_01.fbx##s_actor_avywen_eyeshadow_01_lod1,,,,7529,235961,main/fe0f10d9ebaefbcaf3ed27a7.ab,,
chr_0012_avywen,avywen,Girl,model_asset,,assets/beyond/arts/entity/actor/girl/avywen/models/sk_actor_avywen_01.fbx##s_actor_avywen_face_01_lod0,,,,269636,235961,main/fe0f10d9ebaefbcaf3ed27a7.ab,,
chr_0012_avywen,avywen,Girl,model_asset,,assets/beyond/arts/entity/actor/girl/avywen/models/sk_actor_avywen_01.fbx##s_actor_avywen_face_01_lod1,,,,269636,235961,main/fe0f10d9ebaefbcaf3ed27a7.ab,,
chr_0012_avywen,avywen,Girl,model_asset,,assets/beyond/arts/entity/actor/girl/avywen/models/sk_actor_avywen_01.fbx##s_actor_avywen_face_01_lod2,,,,80280,235961,main/fe0f10d9ebaefbcaf3ed27a7.ab,,
chr_0012_avywen,avywen,Girl,model_asset,,assets/beyond/arts/entity/actor/girl/avywen/models/sk_actor_avywen_01.fbx##s_actor_avywen_face_01_lod3,,,,31364,235961,main/fe0f10d9ebaefbcaf3ed27a7.ab,,
chr_0012_avywen,avywen,Girl,model_asset,,assets/beyond/arts/entity/actor/girl/avywen/models/sk_actor_avywen_01.fbx##s_actor_avywen_hair_01_lod0,,,,1259784,235961,main/fe0f10d9ebaefbcaf3ed27a7.ab,,
chr_0012_avywen,avywen,Girl,model_asset,,assets/beyond/arts/entity/actor/girl/avywen/models/sk_actor_avywen_01.fbx##s_actor_avywen_hair_01_lod1,,,,783448,235961,main/fe0f10d9ebaefbcaf3ed27a7.ab,,
chr_0012_avywen,avywen,Girl,model_asset,,assets/beyond/arts/entity/actor/girl/avywen/models/sk_actor_avywen_01.fbx##s_actor_avywen_hair_01_lod2,,,,367660,235961,main/fe0f10d9ebaefbcaf3ed27a7.ab,,
chr_0012_avywen,avywen,Girl,model_asset,,assets/beyond/arts/entity/actor/girl/avywen/models/sk_actor_avywen_01.fbx##s_actor_avywen_hair_01_lod3,,,,101528,235961,main/fe0f10d9ebaefbcaf3ed27a7.ab,,
chr_0012_avywen,avywen,Girl,model_asset,,assets/beyond/arts/entity/actor/girl/avywen/models/sk_actor_avywen_01.fbx##s_actor_avywen_hairshadow_01_lod0,,,,29910,235961,main/fe0f10d9ebaefbcaf3ed27a7.ab,,
chr_0012_avywen,avywen,Girl,model_asset,,assets/beyond/arts/entity/actor/girl/avywen/models/sk_actor_avywen_01.fbx##s_actor_avywen_hairshadow_01_lod1,,,,29814,235961,main/fe0f10d9ebaefbcaf3ed27a7.ab,,
chr_0012_avywen,avywen,Girl,model_asset,,assets/beyond/arts/entity/actor/girl/avywen/models/sk_actor_avywen_01.fbx##s_actor_avywen_iris_01_lod0,,,,27300,235961,main/fe0f10d9ebaefbcaf3ed27a7.ab,,
chr_0012_avywen,avywen,Girl,model_asset,,assets/beyond/arts/entity/actor/girl/avywen/models/sk_actor_avywen_01.fbx##s_actor_avywen_iris_01_lod1,,,,27300,235961,main/fe0f10d9ebaefbcaf3ed27a7.ab,,
chr_0012_avywen,avywen,Girl,model_asset,,assets/beyond/arts/entity/actor/girl/avywen/models/sk_actor_avywen_01.fbx##s_actor_avywen_iris_01_lod2,,,,8928,235961,main/fe0f10d9ebaefbcaf3ed27a7.ab,,
chr_0012_avywen,avywen,Girl,model_asset,,assets/beyond/arts/entity/actor/girl/avywen/models/sk_actor_avywen_01.fbx##s_actor_avywen_iris_01_lod3,,,,5056,235961,main/fe0f10d9ebaefbcaf3ed27a7.ab,,
chr_0012_avywen,avywen,Girl,model_asset,,assets/beyond/arts/entity/actor/girl/avywen/models/sk_actor_avywen_01.fbx##sk_actor_avywen_01avatar,,,,224948,235961,main/fe0f10d9ebaefbcaf3ed27a7.ab,,
chr_0013_aglina,aglina,Girl,postmodel,chr_0013_aglina_postmodel,assets/beyond/dynamicassets/gameplay/actors/postmodels/characters/chr_0013_aglina_postmodel.prefab,assets/beyond/dynamicassets/gameplay/actors/postmodels/characters/chr_0013_aglina_postmodel.prefab,893448140075918166,0x0C662A5986756356,544,12043,main/0c0997a754a9db5dec4b6060.ab,648254783803844465,0x08FF104A90936771
chr_0013_aglina,aglina,Girl,model_asset,,assets/beyond/arts/entity/actor/girl/aglina/models/s_actor_aglina_body_01_lod0.asset,,,,182660,233580,main/fb73de3aee578aa1cf545e28.ab,,
chr_0013_aglina,aglina,Girl,model_asset,,assets/beyond/arts/entity/actor/girl/aglina/models/s_actor_aglina_cloth_01_lod0.asset,,,,6227517,4447,main/03bd90e3f3417c0c8f7e9fee.ab,,
chr_0013_aglina,aglina,Girl,model_asset,,assets/beyond/arts/entity/actor/girl/aglina/models/s_actor_aglina_face_01_lod0.asset,,,,255160,82839,main/58a2d38f0d8cd1de01748a8b.ab,,
chr_0013_aglina,aglina,Girl,model_asset,,assets/beyond/arts/entity/actor/girl/aglina/models/s_actor_aglina_hair_01_lod0.asset,,,,2248212,3415,main/0296db95f92b214f3b100ad3.ab,,
chr_0013_aglina,aglina,Girl,model_asset,,assets/beyond/arts/entity/actor/girl/aglina/models/s_actor_aglina_hair_02_lod0.asset,,,,292456,223500,main/f081fe51cc0a600d23bef714.ab,,
chr_0013_aglina,aglina,Girl,model_asset,,assets/beyond/arts/entity/actor/girl/aglina/models/sk_actor_aglina_01.fbx,,,,0,8273,main/07e3c88bda3f1f90885ac29f.ab,,
chr_0013_aglina,aglina,Girl,model_asset,,assets/beyond/arts/entity/actor/girl/aglina/models/sk_actor_aglina_01.fbx,,,,0,8273,main/07e3c88bda3f1f90885ac29f.ab,,
chr_0013_aglina,aglina,Girl,model_asset,,assets/beyond/arts/entity/actor/girl/aglina/models/sk_actor_aglina_01.fbx,,,,0,8273,main/07e3c88bda3f1f90885ac29f.ab,,
chr_0013_aglina,aglina,Girl,model_asset,,assets/beyond/arts/entity/actor/girl/aglina/models/sk_actor_aglina_01.fbx,,,,0,8273,main/07e3c88bda3f1f90885ac29f.ab,,
chr_0013_aglina,aglina,Girl,model_asset,,assets/beyond/arts/entity/actor/girl/aglina/models/sk_actor_aglina_01.fbx,,,,0,8273,main/07e3c88bda3f1f90885ac29f.ab,,
chr_0013_aglina,aglina,Girl,model_asset,,assets/beyond/arts/entity/actor/girl/aglina/models/sk_actor_aglina_01.fbx,,,,0,8273,main/07e3c88bda3f1f90885ac29f.ab,,
chr_0013_aglina,aglina,Girl,model_asset,,assets/beyond/arts/entity/actor/girl/aglina/models/sk_actor_aglina_01.fbx,,,,0,8273,main/07e3c88bda3f1f90885ac29f.ab,,
chr_0013_aglina,aglina,Girl,model_asset,,assets/beyond/arts/entity/actor/girl/aglina/models/sk_actor_aglina_01.fbx,,,,0,8273,main/07e3c88bda3f1f90885ac29f.ab,,
chr_0013_aglina,aglina,Girl,model_asset,,assets/beyond/arts/entity/actor/girl/aglina/models/sk_actor_aglina_01.fbx,,,,0,8273,main/07e3c88bda3f1f90885ac29f.ab,,
chr_0013_aglina,aglina,Girl,model_asset,,assets/beyond/arts/entity/actor/girl/aglina/models/sk_actor_aglina_01.fbx,,,,0,8273,main/07e3c88bda3f1f90885ac29f.ab,,
chr_0013_aglina,aglina,Girl,model_asset,,assets/beyond/arts/entity/actor/girl/aglina/models/sk_actor_aglina_01.fbx,,,,0,8273,main/07e3c88bda3f1f90885ac29f.ab,,
chr_0013_aglina,aglina,Girl,model_asset,,assets/beyond/arts/entity/actor/girl/aglina/models/sk_actor_aglina_01.fbx,,,,0,8273,main/07e3c88bda3f1f90885ac29f.ab,,
chr_0013_aglina,aglina,Girl,model_asset,,assets/beyond/arts/entity/actor/girl/aglina/models/sk_actor_aglina_01.fbx,,,,0,8273,main/07e3c88bda3f1f90885ac29f.ab,,
chr_0013_aglina,aglina,Girl,model_asset,,assets/beyond/arts/entity/actor/girl/aglina/models/sk_actor_aglina_01.fbx,,,,0,8273,main/07e3c88bda3f1f90885ac29f.ab,,
chr_0013_aglina,aglina,Girl,model_asset,,assets/beyond/arts/entity/actor/girl/aglina/models/sk_actor_aglina_01.fbx,,,,0,8273,main/07e3c88bda3f1f90885ac29f.ab,,
chr_0013_aglina,aglina,Girl,model_asset,,assets/beyond/arts/entity/actor/girl/aglina/models/sk_actor_aglina_01.fbx,,,,0,8273,main/07e3c88bda3f1f90885ac29f.ab,,
chr_0013_aglina,aglina,Girl,model_asset,,assets/beyond/arts/entity/actor/girl/aglina/models/sk_actor_aglina_01.fbx,,,,0,8273,main/07e3c88bda3f1f90885ac29f.ab,,
chr_0013_aglina,aglina,Girl,model_asset,,assets/beyond/arts/entity/actor/girl/aglina/models/sk_actor_aglina_01.fbx,,,,0,8273,main/07e3c88bda3f1f90885ac29f.ab,,
chr_0013_aglina,aglina,Girl,model_asset,,assets/beyond/arts/entity/actor/girl/aglina/models/sk_actor_aglina_01.fbx,,,,0,8273,main/07e3c88bda3f1f90885ac29f.ab,,
chr_0013_aglina,aglina,Girl,model_asset,,assets/beyond/arts/entity/actor/girl/aglina/models/sk_actor_aglina_01.fbx,,,,0,8273,main/07e3c88bda3f1f90885ac29f.ab,,
chr_0013_aglina,aglina,Girl,model_asset,,assets/beyond/arts/entity/actor/girl/aglina/models/sk_actor_aglina_01.fbx,,,,0,8273,main/07e3c88bda3f1f90885ac29f.ab,,
chr_0013_aglina,aglina,Girl,model_asset,,assets/beyond/arts/entity/actor/girl/aglina/models/sk_actor_aglina_01.fbx,,,,0,8273,main/07e3c88bda3f1f90885ac29f.ab,,
chr_0013_aglina,aglina,Girl,model_asset,,assets/beyond/arts/entity/actor/girl/aglina/models/sk_actor_aglina_01.fbx,,,,0,8273,main/07e3c88bda3f1f90885ac29f.ab,,
chr_0013_aglina,aglina,Girl,model_asset,,assets/beyond/arts/entity/actor/girl/aglina/models/sk_actor_aglina_01.fbx,,,,0,8273,main/07e3c88bda3f1f90885ac29f.ab,,
chr_0013_aglina,aglina,Girl,model_asset,,assets/beyond/arts/entity/actor/girl/aglina/models/sk_actor_aglina_01.fbx,,,,0,8273,main/07e3c88bda3f1f90885ac29f.ab,,
chr_0013_aglina,aglina,Girl,model_asset,,assets/beyond/arts/entity/actor/girl/aglina/models/sk_actor_aglina_01.fbx,,,,0,8273,main/07e3c88bda3f1f90885ac29f.ab,,
chr_0013_aglina,aglina,Girl,model_asset,,assets/beyond/arts/entity/actor/girl/aglina/models/sk_actor_aglina_01.fbx,,,,0,8273,main/07e3c88bda3f1f90885ac29f.ab,,
chr_0013_aglina,aglina,Girl,model_asset,,assets/beyond/arts/entity/actor/girl/aglina/models/sk_actor_aglina_01.fbx,,,,0,8273,main/07e3c88bda3f1f90885ac29f.ab,,
chr_0013_aglina,aglina,Girl,model_asset,,assets/beyond/arts/entity/actor/girl/aglina/models/sk_actor_aglina_01.fbx,,,,0,8273,main/07e3c88bda3f1f90885ac29f.ab,,
chr_0013_aglina,aglina,Girl,model_asset,,assets/beyond/arts/entity/actor/girl/aglina/models/sk_actor_aglina_01.fbx,,,,0,8273,main/07e3c88bda3f1f90885ac29f.ab,,
chr_0013_aglina,aglina,Girl,model_asset,,assets/beyond/arts/entity/actor/girl/aglina/models/sk_actor_aglina_01.fbx,,,,0,8273,main/07e3c88bda3f1f90885ac29f.ab,,
chr_0013_aglina,aglina,Girl,model_asset,,assets/beyond/arts/entity/actor/girl/aglina/models/sk_actor_aglina_01.fbx,,,,0,8273,main/07e3c88bda3f1f90885ac29f.ab,,
chr_0013_aglina,aglina,Girl,model_asset,,assets/beyond/arts/entity/actor/girl/aglina/models/sk_actor_aglina_01.fbx,,,,0,8273,main/07e3c88bda3f1f90885ac29f.ab,,
chr_0013_aglina,aglina,Girl,model_asset,,assets/beyond/arts/entity/actor/girl/aglina/models/sk_actor_aglina_01.fbx,,,,0,8273,main/07e3c88bda3f1f90885ac29f.ab,,
chr_0013_aglina,aglina,Girl,model_asset,,assets/beyond/arts/entity/actor/girl/aglina/models/sk_actor_aglina_01.fbx,,,,0,8273,main/07e3c88bda3f1f90885ac29f.ab,,
chr_0013_aglina,aglina,Girl,model_asset,,assets/beyond/arts/entity/actor/girl/aglina/models/sk_actor_aglina_01.fbx,,,,0,8273,main/07e3c88bda3f1f90885ac29f.ab,,
chr_0013_aglina,aglina,Girl,model_asset,,assets/beyond/arts/entity/actor/girl/aglina/models/sk_actor_aglina_01.fbx##s_actor_aglina_body_01_lod0,,,,168116,8273,main/07e3c88bda3f1f90885ac29f.ab,,
chr_0013_aglina,aglina,Girl,model_asset,,assets/beyond/arts/entity/actor/girl/aglina/models/sk_actor_aglina_01.fbx##s_actor_aglina_body_01_lod1,,,,91756,8273,main/07e3c88bda3f1f90885ac29f.ab,,
chr_0013_aglina,aglina,Girl,model_asset,,assets/beyond/arts/entity/actor/girl/aglina/models/sk_actor_aglina_01.fbx##s_actor_aglina_body_01_lod2,,,,56660,8273,main/07e3c88bda3f1f90885ac29f.ab,,
chr_0013_aglina,aglina,Girl,model_asset,,assets/beyond/arts/entity/actor/girl/aglina/models/sk_actor_aglina_01.fbx##s_actor_aglina_body_01_lod3,,,,30372,8273,main/07e3c88bda3f1f90885ac29f.ab,,
chr_0013_aglina,aglina,Girl,model_asset,,assets/beyond/arts/entity/actor/girl/aglina/models/sk_actor_aglina_01.fbx##s_actor_aglina_cloth_01_lod0,,,,5707725,8273,main/07e3c88bda3f1f90885ac29f.ab,,
chr_0013_aglina,aglina,Girl,model_asset,,assets/beyond/arts/entity/actor/girl/aglina/models/sk_actor_aglina_01.fbx##s_actor_aglina_cloth_01_lod1,,,,2021449,8273,main/07e3c88bda3f1f90885ac29f.ab,,
chr_0013_aglina,aglina,Girl,model_asset,,assets/beyond/arts/entity/actor/girl/aglina/models/sk_actor_aglina_01.fbx##s_actor_aglina_cloth_01_lod2,,,,1367009,8273,main/07e3c88bda3f1f90885ac29f.ab,,
chr_0013_aglina,aglina,Girl,model_asset,,assets/beyond/arts/entity/actor/girl/aglina/models/sk_actor_aglina_01.fbx##s_actor_aglina_cloth_01_lod3,,,,705465,8273,main/07e3c88bda3f1f90885ac29f.ab,,
chr_0013_aglina,aglina,Girl,model_asset,,assets/beyond/arts/entity/actor/girl/aglina/models/sk_actor_aglina_01.fbx##s_actor_aglina_eyebrow_01_lod0,,,,50035,8273,main/07e3c88bda3f1f90885ac29f.ab,,
chr_0013_aglina,aglina,Girl,model_asset,,assets/beyond/arts/entity/actor/girl/aglina/models/sk_actor_aglina_01.fbx##s_actor_aglina_eyebrow_01_lod1,,,,50035,8273,main/07e3c88bda3f1f90885ac29f.ab,,
chr_0013_aglina,aglina,Girl,model_asset,,assets/beyond/arts/entity/actor/girl/aglina/models/sk_actor_aglina_01.fbx##s_actor_aglina_eyebrow_01_lod2,,,,31675,8273,main/07e3c88bda3f1f90885ac29f.ab,,
chr_0013_aglina,aglina,Girl,model_asset,,assets/beyond/arts/entity/actor/girl/aglina/models/sk_actor_aglina_01.fbx##s_actor_aglina_eyebrow_01_lod3,,,,9403,8273,main/07e3c88bda3f1f90885ac29f.ab,,
chr_0013_aglina,aglina,Girl,model_asset,,assets/beyond/arts/entity/actor/girl/aglina/models/sk_actor_aglina_01.fbx##s_actor_aglina_eyeshadow_01_lod0,,,,7993,8273,main/07e3c88bda3f1f90885ac29f.ab,,
chr_0013_aglina,aglina,Girl,model_asset,,assets/beyond/arts/entity/actor/girl/aglina/models/sk_actor_aglina_01.fbx##s_actor_aglina_eyeshadow_01_lod1,,,,7993,8273,main/07e3c88bda3f1f90885ac29f.ab,,
chr_0013_aglina,aglina,Girl,model_asset,,assets/beyond/arts/entity/actor/girl/aglina/models/sk_actor_aglina_01.fbx##s_actor_aglina_face_01_lod0,,,,234776,8273,main/07e3c88bda3f1f90885ac29f.ab,,
chr_0013_aglina,aglina,Girl,model_asset,,assets/beyond/arts/entity/actor/girl/aglina/models/sk_actor_aglina_01.fbx##s_actor_aglina_face_01_lod1,,,,233752,8273,main/07e3c88bda3f1f90885ac29f.ab,,
chr_0013_aglina,aglina,Girl,model_asset,,assets/beyond/arts/entity/actor/girl/aglina/models/sk_actor_aglina_01.fbx##s_actor_aglina_face_01_lod2,,,,77416,8273,main/07e3c88bda3f1f90885ac29f.ab,,
chr_0013_aglina,aglina,Girl,model_asset,,assets/beyond/arts/entity/actor/girl/aglina/models/sk_actor_aglina_01.fbx##s_actor_aglina_face_01_lod3,,,,34756,8273,main/07e3c88bda3f1f90885ac29f.ab,,
chr_0013_aglina,aglina,Girl,model_asset,,assets/beyond/arts/entity/actor/girl/aglina/models/sk_actor_aglina_01.fbx##s_actor_aglina_hair_01_lod0,,,,2062292,8273,main/07e3c88bda3f1f90885ac29f.ab,,
chr_0013_aglina,aglina,Girl,model_asset,,assets/beyond/arts/entity/actor/girl/aglina/models/sk_actor_aglina_01.fbx##s_actor_aglina_hair_01_lod1,,,,947000,8273,main/07e3c88bda3f1f90885ac29f.ab,,
chr_0013_aglina,aglina,Girl,model_asset,,assets/beyond/arts/entity/actor/girl/aglina/models/sk_actor_aglina_01.fbx##s_actor_aglina_hair_01_lod2,,,,420460,8273,main/07e3c88bda3f1f90885ac29f.ab,,
chr_0013_aglina,aglina,Girl,model_asset,,assets/beyond/arts/entity/actor/girl/aglina/models/sk_actor_aglina_01.fbx##s_actor_aglina_hair_01_lod3,,,,201600,8273,main/07e3c88bda3f1f90885ac29f.ab,,
chr_0013_aglina,aglina,Girl,model_asset,,assets/beyond/arts/entity/actor/girl/aglina/models/sk_actor_aglina_01.fbx##s_actor_aglina_hair_02_lod0,,,,267960,8273,main/07e3c88bda3f1f90885ac29f.ab,,
chr_0013_aglina,aglina,Girl,model_asset,,assets/beyond/arts/entity/actor/girl/aglina/models/sk_actor_aglina_01.fbx##s_actor_aglina_hair_02_lod1,,,,168876,8273,main/07e3c88bda3f1f90885ac29f.ab,,
chr_0013_aglina,aglina,Girl,model_asset,,assets/beyond/arts/entity/actor/girl/aglina/models/sk_actor_aglina_01.fbx##s_actor_aglina_hair_02_lod2,,,,79896,8273,main/07e3c88bda3f1f90885ac29f.ab,,
chr_0013_aglina,aglina,Girl,model_asset,,assets/beyond/arts/entity/actor/girl/aglina/models/sk_actor_aglina_01.fbx##s_actor_aglina_hairshadow_01_lod0,,,,28418,8273,main/07e3c88bda3f1f90885ac29f.ab,,
chr_0013_aglina,aglina,Girl,model_asset,,assets/beyond/arts/entity/actor/girl/aglina/models/sk_actor_aglina_01.fbx##s_actor_aglina_hairshadow_01_lod1,,,,28418,8273,main/07e3c88bda3f1f90885ac29f.ab,,
chr_0013_aglina,aglina,Girl,model_asset,,assets/beyond/arts/entity/actor/girl/aglina/models/sk_actor_aglina_01.fbx##s_actor_aglina_iris_01_lod0,,,,38500,8273,main/07e3c88bda3f1f90885ac29f.ab,,
chr_0013_aglina,aglina,Girl,model_asset,,assets/beyond/arts/entity/actor/girl/aglina/models/sk_actor_aglina_01.fbx##s_actor_aglina_iris_01_lod1,,,,38500,8273,main/07e3c88bda3f1f90885ac29f.ab,,
chr_0013_aglina,aglina,Girl,model_asset,,assets/beyond/arts/entity/actor/girl/aglina/models/sk_actor_aglina_01.fbx##s_actor_aglina_iris_01_lod2,,,,5104,8273,main/07e3c88bda3f1f90885ac29f.ab,,
chr_0013_aglina,aglina,Girl,model_asset,,assets/beyond/arts/entity/actor/girl/aglina/models/sk_actor_aglina_01.fbx##s_actor_aglina_iris_01_lod3,,,,3368,8273,main/07e3c88bda3f1f90885ac29f.ab,,
chr_0013_aglina,aglina,Girl,model_asset,,assets/beyond/arts/entity/actor/girl/aglina/models/sk_actor_aglina_01.fbx##s_actor_aglina_vfxpart_01_lod0,,,,87135,8273,main/07e3c88bda3f1f90885ac29f.ab,,
chr_0013_aglina,aglina,Girl,model_asset,,assets/beyond/arts/entity/actor/girl/aglina/models/sk_actor_aglina_01.fbx##s_actor_aglina_vfxpart_01_lod1,,,,42511,8273,main/07e3c88bda3f1f90885ac29f.ab,,
chr_0013_aglina,aglina,Girl,model_asset,,assets/beyond/arts/entity/actor/girl/aglina/models/sk_actor_aglina_01.fbx##s_actor_aglina_vfxpart_01_lod2,,,,37475,8273,main/07e3c88bda3f1f90885ac29f.ab,,
chr_0013_aglina,aglina,Girl,model_asset,,assets/beyond/arts/entity/actor/girl/aglina/models/sk_actor_aglina_01.fbx##s_actor_aglina_vfxpart_01_lod3,,,,7595,8273,main/07e3c88bda3f1f90885ac29f.ab,,
chr_0013_aglina,aglina,Girl,model_asset,,assets/beyond/arts/entity/actor/girl/aglina/models/sk_actor_aglina_01.fbx##sk_actor_aglina_01avatar,,,,230153,8273,main/07e3c88bda3f1f90885ac29f.ab,,
chr_0014_aurora,aurora,Lady,postmodel,chr_0014_aurora_postmodel,assets/beyond/dynamicassets/gameplay/actors/postmodels/characters/chr_0014_aurora_postmodel.prefab,assets/beyond/dynamicassets/gameplay/actors/postmodels/characters/chr_0014_aurora_postmodel.prefab,323479703819786555,0x047D3B13A63A193B,520,128847,main/8a26c8120880c5362546bd08.ab,516625325290216448,0x072B6BFF03E4DC00
chr_0014_aurora,aurora,Lady,model_asset,,assets/beyond/arts/entity/actor/lady/aurora/models/s_actor_aurora_body_01_lod0.asset,,,,227608,14036,main/0e29f1d885042faf63284b90.ab,,
chr_0014_aurora,aurora,Lady,model_asset,,assets/beyond/arts/entity/actor/lady/aurora/models/s_actor_aurora_cloth_01_lod0.asset,,,,3309745,130179,main/8b9cf9c6add57999eed674c4.ab,,
chr_0014_aurora,aurora,Lady,model_asset,,assets/beyond/arts/entity/actor/lady/aurora/models/s_actor_aurora_cloth_02_lod0.asset,,,,3227917,149930,main/a12547c46044e885d48b42a5.ab,,
chr_0014_aurora,aurora,Lady,model_asset,,assets/beyond/arts/entity/actor/lady/aurora/models/s_actor_aurora_cloth_03_lod0.asset,,,,192461,30380,main/1fbb740c8f7e9a6a1a34ce11.ab,,
chr_0014_aurora,aurora,Lady,model_asset,,assets/beyond/arts/entity/actor/lady/aurora/models/s_actor_aurora_cloth_04_lod0.asset,,,,60781,77464,main/52bf91f986caf03d3a9c2979.ab,,
chr_0014_aurora,aurora,Lady,model_asset,,assets/beyond/arts/entity/actor/lady/aurora/models/s_actor_aurora_face_01_lod0.asset,,,,278260,212544,main/e4a165238008f4f63223a35b.ab,,
chr_0014_aurora,aurora,Lady,model_asset,,assets/beyond/arts/entity/actor/lady/aurora/models/s_actor_aurora_fur_01_lod0_20.asset,,,,1044354,170259,main/b713aaebcbaa3e3ac7749a7c.ab,,
chr_0014_aurora,aurora,Lady,model_asset,,assets/beyond/arts/entity/actor/lady/aurora/models/s_actor_aurora_fur_01_lod1_8.asset,,,,231777,157588,main/a94f93f094ac9daf5619cd81.ab,,
chr_0014_aurora,aurora,Lady,model_asset,,assets/beyond/arts/entity/actor/lady/aurora/models/s_actor_aurora_hair_01_lod0.asset,,,,986356,41268,main/2b8f2328a8998ddde929b6f4.ab,,
chr_0014_aurora,aurora,Lady,model_asset,,assets/beyond/arts/entity/actor/lady/aurora/models/sk_actor_aurora_01.fbx,,,,0,182572,main/c4473c88dc97fc3ad9feba7c.ab,,
chr_0014_aurora,aurora,Lady,model_asset,,assets/beyond/arts/entity/actor/lady/aurora/models/sk_actor_aurora_01.fbx,,,,0,182572,main/c4473c88dc97fc3ad9feba7c.ab,,
chr_0014_aurora,aurora,Lady,model_asset,,assets/beyond/arts/entity/actor/lady/aurora/models/sk_actor_aurora_01.fbx,,,,0,182572,main/c4473c88dc97fc3ad9feba7c.ab,,
chr_0014_aurora,aurora,Lady,model_asset,,assets/beyond/arts/entity/actor/lady/aurora/models/sk_actor_aurora_01.fbx,,,,0,182572,main/c4473c88dc97fc3ad9feba7c.ab,,
chr_0014_aurora,aurora,Lady,model_asset,,assets/beyond/arts/entity/actor/lady/aurora/models/sk_actor_aurora_01.fbx,,,,0,182572,main/c4473c88dc97fc3ad9feba7c.ab,,
chr_0014_aurora,aurora,Lady,model_asset,,assets/beyond/arts/entity/actor/lady/aurora/models/sk_actor_aurora_01.fbx,,,,0,182572,main/c4473c88dc97fc3ad9feba7c.ab,,
chr_0014_aurora,aurora,Lady,model_asset,,assets/beyond/arts/entity/actor/lady/aurora/models/sk_actor_aurora_01.fbx,,,,0,182572,main/c4473c88dc97fc3ad9feba7c.ab,,
chr_0014_aurora,aurora,Lady,model_asset,,assets/beyond/arts/entity/actor/lady/aurora/models/sk_actor_aurora_01.fbx,,,,0,182572,main/c4473c88dc97fc3ad9feba7c.ab,,
chr_0014_aurora,aurora,Lady,model_asset,,assets/beyond/arts/entity/actor/lady/aurora/models/sk_actor_aurora_01.fbx,,,,0,182572,main/c4473c88dc97fc3ad9feba7c.ab,,
chr_0014_aurora,aurora,Lady,model_asset,,assets/beyond/arts/entity/actor/lady/aurora/models/sk_actor_aurora_01.fbx,,,,0,182572,main/c4473c88dc97fc3ad9feba7c.ab,,
chr_0014_aurora,aurora,Lady,model_asset,,assets/beyond/arts/entity/actor/lady/aurora/models/sk_actor_aurora_01.fbx,,,,0,182572,main/c4473c88dc97fc3ad9feba7c.ab,,
chr_0014_aurora,aurora,Lady,model_asset,,assets/beyond/arts/entity/actor/lady/aurora/models/sk_actor_aurora_01.fbx,,,,0,182572,main/c4473c88dc97fc3ad9feba7c.ab,,
chr_0014_aurora,aurora,Lady,model_asset,,assets/beyond/arts/entity/actor/lady/aurora/models/sk_actor_aurora_01.fbx,,,,0,182572,main/c4473c88dc97fc3ad9feba7c.ab,,
chr_0014_aurora,aurora,Lady,model_asset,,assets/beyond/arts/entity/actor/lady/aurora/models/sk_actor_aurora_01.fbx,,,,0,182572,main/c4473c88dc97fc3ad9feba7c.ab,,
chr_0014_aurora,aurora,Lady,model_asset,,assets/beyond/arts/entity/actor/lady/aurora/models/sk_actor_aurora_01.fbx,,,,0,182572,main/c4473c88dc97fc3ad9feba7c.ab,,
chr_0014_aurora,aurora,Lady,model_asset,,assets/beyond/arts/entity/actor/lady/aurora/models/sk_actor_aurora_01.fbx,,,,0,182572,main/c4473c88dc97fc3ad9feba7c.ab,,
chr_0014_aurora,aurora,Lady,model_asset,,assets/beyond/arts/entity/actor/lady/aurora/models/sk_actor_aurora_01.fbx,,,,0,182572,main/c4473c88dc97fc3ad9feba7c.ab,,
chr_0014_aurora,aurora,Lady,model_asset,,assets/beyond/arts/entity/actor/lady/aurora/models/sk_actor_aurora_01.fbx,,,,0,182572,main/c4473c88dc97fc3ad9feba7c.ab,,
chr_0014_aurora,aurora,Lady,model_asset,,assets/beyond/arts/entity/actor/lady/aurora/models/sk_actor_aurora_01.fbx,,,,0,182572,main/c4473c88dc97fc3ad9feba7c.ab,,
chr_0014_aurora,aurora,Lady,model_asset,,assets/beyond/arts/entity/actor/lady/aurora/models/sk_actor_aurora_01.fbx,,,,0,182572,main/c4473c88dc97fc3ad9feba7c.ab,,
chr_0014_aurora,aurora,Lady,model_asset,,assets/beyond/arts/entity/actor/lady/aurora/models/sk_actor_aurora_01.fbx,,,,0,182572,main/c4473c88dc97fc3ad9feba7c.ab,,
chr_0014_aurora,aurora,Lady,model_asset,,assets/beyond/arts/entity/actor/lady/aurora/models/sk_actor_aurora_01.fbx,,,,0,182572,main/c4473c88dc97fc3ad9feba7c.ab,,
chr_0014_aurora,aurora,Lady,model_asset,,assets/beyond/arts/entity/actor/lady/aurora/models/sk_actor_aurora_01.fbx,,,,0,182572,main/c4473c88dc97fc3ad9feba7c.ab,,
chr_0014_aurora,aurora,Lady,model_asset,,assets/beyond/arts/entity/actor/lady/aurora/models/sk_actor_aurora_01.fbx,,,,0,182572,main/c4473c88dc97fc3ad9feba7c.ab,,
chr_0014_aurora,aurora,Lady,model_asset,,assets/beyond/arts/entity/actor/lady/aurora/models/sk_actor_aurora_01.fbx,,,,0,182572,main/c4473c88dc97fc3ad9feba7c.ab,,
chr_0014_aurora,aurora,Lady,model_asset,,assets/beyond/arts/entity/actor/lady/aurora/models/sk_actor_aurora_01.fbx,,,,0,182572,main/c4473c88dc97fc3ad9feba7c.ab,,
chr_0014_aurora,aurora,Lady,model_asset,,assets/beyond/arts/entity/actor/lady/aurora/models/sk_actor_aurora_01.fbx,,,,0,182572,main/c4473c88dc97fc3ad9feba7c.ab,,
chr_0014_aurora,aurora,Lady,model_asset,,assets/beyond/arts/entity/actor/lady/aurora/models/sk_actor_aurora_01.fbx,,,,0,182572,main/c4473c88dc97fc3ad9feba7c.ab,,
chr_0014_aurora,aurora,Lady,model_asset,,assets/beyond/arts/entity/actor/lady/aurora/models/sk_actor_aurora_01.fbx,,,,0,182572,main/c4473c88dc97fc3ad9feba7c.ab,,
chr_0014_aurora,aurora,Lady,model_asset,,assets/beyond/arts/entity/actor/lady/aurora/models/sk_actor_aurora_01.fbx,,,,0,182572,main/c4473c88dc97fc3ad9feba7c.ab,,
chr_0014_aurora,aurora,Lady,model_asset,,assets/beyond/arts/entity/actor/lady/aurora/models/sk_actor_aurora_01.fbx,,,,0,182572,main/c4473c88dc97fc3ad9feba7c.ab,,
chr_0014_aurora,aurora,Lady,model_asset,,assets/beyond/arts/entity/actor/lady/aurora/models/sk_actor_aurora_01.fbx,,,,0,182572,main/c4473c88dc97fc3ad9feba7c.ab,,
chr_0014_aurora,aurora,Lady,model_asset,,assets/beyond/arts/entity/actor/lady/aurora/models/sk_actor_aurora_01.fbx,,,,0,182572,main/c4473c88dc97fc3ad9feba7c.ab,,
chr_0014_aurora,aurora,Lady,model_asset,,assets/beyond/arts/entity/actor/lady/aurora/models/sk_actor_aurora_01.fbx,,,,0,182572,main/c4473c88dc97fc3ad9feba7c.ab,,
chr_0014_aurora,aurora,Lady,model_asset,,assets/beyond/arts/entity/actor/lady/aurora/models/sk_actor_aurora_01.fbx,,,,0,182572,main/c4473c88dc97fc3ad9feba7c.ab,,
chr_0014_aurora,aurora,Lady,model_asset,,assets/beyond/arts/entity/actor/lady/aurora/models/sk_actor_aurora_01.fbx,,,,0,182572,main/c4473c88dc97fc3ad9feba7c.ab,,
chr_0014_aurora,aurora,Lady,model_asset,,assets/beyond/arts/entity/actor/lady/aurora/models/sk_actor_aurora_01.fbx,,,,0,182572,main/c4473c88dc97fc3ad9feba7c.ab,,
chr_0014_aurora,aurora,Lady,model_asset,,assets/beyond/arts/entity/actor/lady/aurora/models/sk_actor_aurora_01.fbx,,,,0,182572,main/c4473c88dc97fc3ad9feba7c.ab,,
chr_0014_aurora,aurora,Lady,model_asset,,assets/beyond/arts/entity/actor/lady/aurora/models/sk_actor_aurora_01.fbx,,,,0,182572,main/c4473c88dc97fc3ad9feba7c.ab,,
chr_0014_aurora,aurora,Lady,model_asset,,assets/beyond/arts/entity/actor/lady/aurora/models/sk_actor_aurora_01.fbx,,,,0,182572,main/c4473c88dc97fc3ad9feba7c.ab,,
chr_0014_aurora,aurora,Lady,model_asset,,assets/beyond/arts/entity/actor/lady/aurora/models/sk_actor_aurora_01.fbx,,,,0,182572,main/c4473c88dc97fc3ad9feba7c.ab,,
chr_0014_aurora,aurora,Lady,model_asset,,assets/beyond/arts/entity/actor/lady/aurora/models/sk_actor_aurora_01.fbx,,,,0,182572,main/c4473c88dc97fc3ad9feba7c.ab,,
chr_0014_aurora,aurora,Lady,model_asset,,assets/beyond/arts/entity/actor/lady/aurora/models/sk_actor_aurora_01.fbx,,,,0,182572,main/c4473c88dc97fc3ad9feba7c.ab,,
chr_0014_aurora,aurora,Lady,model_asset,,assets/beyond/arts/entity/actor/lady/aurora/models/sk_actor_aurora_01.fbx,,,,0,182572,main/c4473c88dc97fc3ad9feba7c.ab,,
chr_0014_aurora,aurora,Lady,model_asset,,assets/beyond/arts/entity/actor/lady/aurora/models/sk_actor_aurora_01.fbx,,,,0,182572,main/c4473c88dc97fc3ad9feba7c.ab,,
chr_0014_aurora,aurora,Lady,model_asset,,assets/beyond/arts/entity/actor/lady/aurora/models/sk_actor_aurora_01.fbx##s_actor_aurora_body_01_lod0,,,,209432,182572,main/c4473c88dc97fc3ad9feba7c.ab,,
chr_0014_aurora,aurora,Lady,model_asset,,assets/beyond/arts/entity/actor/lady/aurora/models/sk_actor_aurora_01.fbx##s_actor_aurora_body_01_lod1,,,,117624,182572,main/c4473c88dc97fc3ad9feba7c.ab,,
chr_0014_aurora,aurora,Lady,model_asset,,assets/beyond/arts/entity/actor/lady/aurora/models/sk_actor_aurora_01.fbx##s_actor_aurora_body_01_lod2,,,,54452,182572,main/c4473c88dc97fc3ad9feba7c.ab,,
chr_0014_aurora,aurora,Lady,model_asset,,assets/beyond/arts/entity/actor/lady/aurora/models/sk_actor_aurora_01.fbx##s_actor_aurora_body_01_lod3,,,,34012,182572,main/c4473c88dc97fc3ad9feba7c.ab,,
chr_0014_aurora,aurora,Lady,model_asset,,assets/beyond/arts/entity/actor/lady/aurora/models/sk_actor_aurora_01.fbx##s_actor_aurora_cloth_01_lod0,,,,3032865,182572,main/c4473c88dc97fc3ad9feba7c.ab,,
chr_0014_aurora,aurora,Lady,model_asset,,assets/beyond/arts/entity/actor/lady/aurora/models/sk_actor_aurora_01.fbx##s_actor_aurora_cloth_01_lod1,,,,1660705,182572,main/c4473c88dc97fc3ad9feba7c.ab,,
chr_0014_aurora,aurora,Lady,model_asset,,assets/beyond/arts/entity/actor/lady/aurora/models/sk_actor_aurora_01.fbx##s_actor_aurora_cloth_01_lod2,,,,881005,182572,main/c4473c88dc97fc3ad9feba7c.ab,,
chr_0014_aurora,aurora,Lady,model_asset,,assets/beyond/arts/entity/actor/lady/aurora/models/sk_actor_aurora_01.fbx##s_actor_aurora_cloth_01_lod3,,,,389101,182572,main/c4473c88dc97fc3ad9feba7c.ab,,
chr_0014_aurora,aurora,Lady,model_asset,,assets/beyond/arts/entity/actor/lady/aurora/models/sk_actor_aurora_01.fbx##s_actor_aurora_cloth_02_lod0,,,,2953293,182572,main/c4473c88dc97fc3ad9feba7c.ab,,
chr_0014_aurora,aurora,Lady,model_asset,,assets/beyond/arts/entity/actor/lady/aurora/models/sk_actor_aurora_01.fbx##s_actor_aurora_cloth_02_lod1,,,,1653509,182572,main/c4473c88dc97fc3ad9feba7c.ab,,
chr_0014_aurora,aurora,Lady,model_asset,,assets/beyond/arts/entity/actor/lady/aurora/models/sk_actor_aurora_01.fbx##s_actor_aurora_cloth_02_lod2,,,,891269,182572,main/c4473c88dc97fc3ad9feba7c.ab,,
chr_0014_aurora,aurora,Lady,model_asset,,assets/beyond/arts/entity/actor/lady/aurora/models/sk_actor_aurora_01.fbx##s_actor_aurora_cloth_02_lod3,,,,410873,182572,main/c4473c88dc97fc3ad9feba7c.ab,,
chr_0014_aurora,aurora,Lady,model_asset,,assets/beyond/arts/entity/actor/lady/aurora/models/sk_actor_aurora_01.fbx##s_actor_aurora_cloth_03_lod0,,,,176669,182572,main/c4473c88dc97fc3ad9feba7c.ab,,
chr_0014_aurora,aurora,Lady,model_asset,,assets/beyond/arts/entity/actor/lady/aurora/models/sk_actor_aurora_01.fbx##s_actor_aurora_cloth_03_lod1,,,,91821,182572,main/c4473c88dc97fc3ad9feba7c.ab,,
chr_0014_aurora,aurora,Lady,model_asset,,assets/beyond/arts/entity/actor/lady/aurora/models/sk_actor_aurora_01.fbx##s_actor_aurora_cloth_03_lod2,,,,43565,182572,main/c4473c88dc97fc3ad9feba7c.ab,,
chr_0014_aurora,aurora,Lady,model_asset,,assets/beyond/arts/entity/actor/lady/aurora/models/sk_actor_aurora_01.fbx##s_actor_aurora_cloth_03_lod3,,,,22141,182572,main/c4473c88dc97fc3ad9feba7c.ab,,
chr_0014_aurora,aurora,Lady,model_asset,,assets/beyond/arts/entity/actor/lady/aurora/models/sk_actor_aurora_01.fbx##s_actor_aurora_cloth_04_lod0,,,,55117,182572,main/c4473c88dc97fc3ad9feba7c.ab,,
chr_0014_aurora,aurora,Lady,model_asset,,assets/beyond/arts/entity/actor/lady/aurora/models/sk_actor_aurora_01.fbx##s_actor_aurora_cloth_04_lod1,,,,46125,182572,main/c4473c88dc97fc3ad9feba7c.ab,,
chr_0014_aurora,aurora,Lady,model_asset,,assets/beyond/arts/entity/actor/lady/aurora/models/sk_actor_aurora_01.fbx##s_actor_aurora_cloth_04_lod2,,,,32941,182572,main/c4473c88dc97fc3ad9feba7c.ab,,
chr_0014_aurora,aurora,Lady,model_asset,,assets/beyond/arts/entity/actor/lady/aurora/models/sk_actor_aurora_01.fbx##s_actor_aurora_cloth_04_lod3,,,,9201,182572,main/c4473c88dc97fc3ad9feba7c.ab,,
chr_0014_aurora,aurora,Lady,model_asset,,assets/beyond/arts/entity/actor/lady/aurora/models/sk_actor_aurora_01.fbx##s_actor_aurora_eyebrow_01_lod0,,,,96307,182572,main/c4473c88dc97fc3ad9feba7c.ab,,
chr_0014_aurora,aurora,Lady,model_asset,,assets/beyond/arts/entity/actor/lady/aurora/models/sk_actor_aurora_01.fbx##s_actor_aurora_eyebrow_01_lod1,,,,96307,182572,main/c4473c88dc97fc3ad9feba7c.ab,,
chr_0014_aurora,aurora,Lady,model_asset,,assets/beyond/arts/entity/actor/lady/aurora/models/sk_actor_aurora_01.fbx##s_actor_aurora_eyebrow_01_lod2,,,,46459,182572,main/c4473c88dc97fc3ad9feba7c.ab,,
chr_0014_aurora,aurora,Lady,model_asset,,assets/beyond/arts/entity/actor/lady/aurora/models/sk_actor_aurora_01.fbx##s_actor_aurora_eyebrow_01_lod3,,,,13203,182572,main/c4473c88dc97fc3ad9feba7c.ab,,
chr_0014_aurora,aurora,Lady,model_asset,,assets/beyond/arts/entity/actor/lady/aurora/models/sk_actor_aurora_01.fbx##s_actor_aurora_eyeshadow_01_lod0,,,,8105,182572,main/c4473c88dc97fc3ad9feba7c.ab,,
chr_0014_aurora,aurora,Lady,model_asset,,assets/beyond/arts/entity/actor/lady/aurora/models/sk_actor_aurora_01.fbx##s_actor_aurora_eyeshadow_01_lod1,,,,8105,182572,main/c4473c88dc97fc3ad9feba7c.ab,,
chr_0014_aurora,aurora,Lady,model_asset,,assets/beyond/arts/entity/actor/lady/aurora/models/sk_actor_aurora_01.fbx##s_actor_aurora_face_01_lod0,,,,256068,182572,main/c4473c88dc97fc3ad9feba7c.ab,,
chr_0014_aurora,aurora,Lady,model_asset,,assets/beyond/arts/entity/actor/lady/aurora/models/sk_actor_aurora_01.fbx##s_actor_aurora_face_01_lod1,,,,256068,182572,main/c4473c88dc97fc3ad9feba7c.ab,,
chr_0014_aurora,aurora,Lady,model_asset,,assets/beyond/arts/entity/actor/lady/aurora/models/sk_actor_aurora_01.fbx##s_actor_aurora_face_01_lod2,,,,82728,182572,main/c4473c88dc97fc3ad9feba7c.ab,,
chr_0014_aurora,aurora,Lady,model_asset,,assets/beyond/arts/entity/actor/lady/aurora/models/sk_actor_aurora_01.fbx##s_actor_aurora_face_01_lod3,,,,21920,182572,main/c4473c88dc97fc3ad9feba7c.ab,,
chr_0014_aurora,aurora,Lady,model_asset,,assets/beyond/arts/entity/actor/lady/aurora/models/sk_actor_aurora_01.fbx##s_actor_aurora_fur_01_lod0,,,,42199,182572,main/c4473c88dc97fc3ad9feba7c.ab,,
chr_0014_aurora,aurora,Lady,model_asset,,assets/beyond/arts/entity/actor/lady/aurora/models/sk_actor_aurora_01.fbx##s_actor_aurora_fur_01_lod1,,,,24287,182572,main/c4473c88dc97fc3ad9feba7c.ab,,
chr_0014_aurora,aurora,Lady,model_asset,,assets/beyond/arts/entity/actor/lady/aurora/models/sk_actor_aurora_01.fbx##s_actor_aurora_fur_01_lod2,,,,12287,182572,main/c4473c88dc97fc3ad9feba7c.ab,,
chr_0014_aurora,aurora,Lady,model_asset,,assets/beyond/arts/entity/actor/lady/aurora/models/sk_actor_aurora_01.fbx##s_actor_aurora_fur_01_lod3,,,,10031,182572,main/c4473c88dc97fc3ad9feba7c.ab,,
chr_0014_aurora,aurora,Lady,model_asset,,assets/beyond/arts/entity/actor/lady/aurora/models/sk_actor_aurora_01.fbx##s_actor_aurora_hair_01_lod0,,,,903812,182572,main/c4473c88dc97fc3ad9feba7c.ab,,
chr_0014_aurora,aurora,Lady,model_asset,,assets/beyond/arts/entity/actor/lady/aurora/models/sk_actor_aurora_01.fbx##s_actor_aurora_hair_01_lod1,,,,676868,182572,main/c4473c88dc97fc3ad9feba7c.ab,,
chr_0014_aurora,aurora,Lady,model_asset,,assets/beyond/arts/entity/actor/lady/aurora/models/sk_actor_aurora_01.fbx##s_actor_aurora_hair_01_lod2,,,,344640,182572,main/c4473c88dc97fc3ad9feba7c.ab,,
chr_0014_aurora,aurora,Lady,model_asset,,assets/beyond/arts/entity/actor/lady/aurora/models/sk_actor_aurora_01.fbx##s_actor_aurora_hair_01_lod3,,,,127440,182572,main/c4473c88dc97fc3ad9feba7c.ab,,
chr_0014_aurora,aurora,Lady,model_asset,,assets/beyond/arts/entity/actor/lady/aurora/models/sk_actor_aurora_01.fbx##s_actor_aurora_hs_01_lod0,,,,26922,182572,main/c4473c88dc97fc3ad9feba7c.ab,,
chr_0014_aurora,aurora,Lady,model_asset,,assets/beyond/arts/entity/actor/lady/aurora/models/sk_actor_aurora_01.fbx##s_actor_aurora_hs_01_lod1,,,,26922,182572,main/c4473c88dc97fc3ad9feba7c.ab,,
chr_0014_aurora,aurora,Lady,model_asset,,assets/beyond/arts/entity/actor/lady/aurora/models/sk_actor_aurora_01.fbx##s_actor_aurora_iris_01_lod0,,,,35868,182572,main/c4473c88dc97fc3ad9feba7c.ab,,
chr_0014_aurora,aurora,Lady,model_asset,,assets/beyond/arts/entity/actor/lady/aurora/models/sk_actor_aurora_01.fbx##s_actor_aurora_iris_01_lod1,,,,35868,182572,main/c4473c88dc97fc3ad9feba7c.ab,,
chr_0014_aurora,aurora,Lady,model_asset,,assets/beyond/arts/entity/actor/lady/aurora/models/sk_actor_aurora_01.fbx##s_actor_aurora_iris_01_lod2,,,,9576,182572,main/c4473c88dc97fc3ad9feba7c.ab,,
chr_0014_aurora,aurora,Lady,model_asset,,assets/beyond/arts/entity/actor/lady/aurora/models/sk_actor_aurora_01.fbx##s_actor_aurora_iris_01_lod3,,,,5184,182572,main/c4473c88dc97fc3ad9feba7c.ab,,
chr_0014_aurora,aurora,Lady,model_asset,,assets/beyond/arts/entity/actor/lady/aurora/models/sk_actor_aurora_01.fbx##sk_actor_aurora_01avatar,,,,207040,182572,main/c4473c88dc97fc3ad9feba7c.ab,,
chr_0015_lifeng,lifeng,Littleboy,postmodel,chr_0015_lifeng_postmodel,assets/beyond/dynamicassets/gameplay/actors/postmodels/characters/chr_0015_lifeng_postmodel.prefab,assets/beyond/dynamicassets/gameplay/actors/postmodels/characters/chr_0015_lifeng_postmodel.prefab,576314987705197527,0x07FF7B6D88E6E3D7,544,123648,main/8492c4cee9ff896d61f3257b.ab,238255337134147754,0x034E73F77FB8C8AA
chr_0015_lifeng,lifeng,Littleboy,model_asset,,assets/beyond/arts/entity/actor/littleboy/lifeng/models/s_actor_lifeng_body_01_lod0.asset,,,,254720,84240,main/5a0fd3aebe2637874b387468.ab,,
chr_0015_lifeng,lifeng,Littleboy,model_asset,,assets/beyond/arts/entity/actor/littleboy/lifeng/models/s_actor_lifeng_cloth_01_lod0.asset,,,,2754889,56267,main/3bbf9ef0afef6c92b78d2b58.ab,,
chr_0015_lifeng,lifeng,Littleboy,model_asset,,assets/beyond/arts/entity/actor/littleboy/lifeng/models/s_actor_lifeng_cloth_02_lod0.asset,,,,4867649,194746,main/d16604a296eb291f2e84b61b.ab,,
chr_0015_lifeng,lifeng,Littleboy,model_asset,,assets/beyond/arts/entity/actor/littleboy/lifeng/models/s_actor_lifeng_cloth_03_lod0.asset,,,,15633,211769,main/e3d0989a880c669ab7d74d74.ab,,
chr_0015_lifeng,lifeng,Littleboy,model_asset,,assets/beyond/arts/entity/actor/littleboy/lifeng/models/s_actor_lifeng_face_01_lod0.asset,,,,356120,54303,main/39b15a9072b50c7a2f1197b5.ab,,
chr_0015_lifeng,lifeng,Littleboy,model_asset,,assets/beyond/arts/entity/actor/littleboy/lifeng/models/s_actor_lifeng_hair_01_lod0.asset,,,,1950124,8747,main/086d8a12e0b91906cd5872c6.ab,,
chr_0015_lifeng,lifeng,Littleboy,model_asset,,assets/beyond/arts/entity/actor/littleboy/lifeng/models/sk_actor_lifeng_01.fbx,,,,0,221305,main/ee1d41619ae164908394fa73.ab,,
chr_0015_lifeng,lifeng,Littleboy,model_asset,,assets/beyond/arts/entity/actor/littleboy/lifeng/models/sk_actor_lifeng_01.fbx,,,,0,221305,main/ee1d41619ae164908394fa73.ab,,
chr_0015_lifeng,lifeng,Littleboy,model_asset,,assets/beyond/arts/entity/actor/littleboy/lifeng/models/sk_actor_lifeng_01.fbx,,,,0,221305,main/ee1d41619ae164908394fa73.ab,,
chr_0015_lifeng,lifeng,Littleboy,model_asset,,assets/beyond/arts/entity/actor/littleboy/lifeng/models/sk_actor_lifeng_01.fbx,,,,0,221305,main/ee1d41619ae164908394fa73.ab,,
chr_0015_lifeng,lifeng,Littleboy,model_asset,,assets/beyond/arts/entity/actor/littleboy/lifeng/models/sk_actor_lifeng_01.fbx,,,,0,221305,main/ee1d41619ae164908394fa73.ab,,
chr_0015_lifeng,lifeng,Littleboy,model_asset,,assets/beyond/arts/entity/actor/littleboy/lifeng/models/sk_actor_lifeng_01.fbx,,,,0,221305,main/ee1d41619ae164908394fa73.ab,,
chr_0015_lifeng,lifeng,Littleboy,model_asset,,assets/beyond/arts/entity/actor/littleboy/lifeng/models/sk_actor_lifeng_01.fbx,,,,0,221305,main/ee1d41619ae164908394fa73.ab,,
chr_0015_lifeng,lifeng,Littleboy,model_asset,,assets/beyond/arts/entity/actor/littleboy/lifeng/models/sk_actor_lifeng_01.fbx,,,,0,221305,main/ee1d41619ae164908394fa73.ab,,
chr_0015_lifeng,lifeng,Littleboy,model_asset,,assets/beyond/arts/entity/actor/littleboy/lifeng/models/sk_actor_lifeng_01.fbx,,,,0,221305,main/ee1d41619ae164908394fa73.ab,,
chr_0015_lifeng,lifeng,Littleboy,model_asset,,assets/beyond/arts/entity/actor/littleboy/lifeng/models/sk_actor_lifeng_01.fbx,,,,0,221305,main/ee1d41619ae164908394fa73.ab,,
chr_0015_lifeng,lifeng,Littleboy,model_asset,,assets/beyond/arts/entity/actor/littleboy/lifeng/models/sk_actor_lifeng_01.fbx,,,,0,221305,main/ee1d41619ae164908394fa73.ab,,
chr_0015_lifeng,lifeng,Littleboy,model_asset,,assets/beyond/arts/entity/actor/littleboy/lifeng/models/sk_actor_lifeng_01.fbx,,,,0,221305,main/ee1d41619ae164908394fa73.ab,,
chr_0015_lifeng,lifeng,Littleboy,model_asset,,assets/beyond/arts/entity/actor/littleboy/lifeng/models/sk_actor_lifeng_01.fbx,,,,0,221305,main/ee1d41619ae164908394fa73.ab,,
chr_0015_lifeng,lifeng,Littleboy,model_asset,,assets/beyond/arts/entity/actor/littleboy/lifeng/models/sk_actor_lifeng_01.fbx,,,,0,221305,main/ee1d41619ae164908394fa73.ab,,
chr_0015_lifeng,lifeng,Littleboy,model_asset,,assets/beyond/arts/entity/actor/littleboy/lifeng/models/sk_actor_lifeng_01.fbx,,,,0,221305,main/ee1d41619ae164908394fa73.ab,,
chr_0015_lifeng,lifeng,Littleboy,model_asset,,assets/beyond/arts/entity/actor/littleboy/lifeng/models/sk_actor_lifeng_01.fbx,,,,0,221305,main/ee1d41619ae164908394fa73.ab,,
chr_0015_lifeng,lifeng,Littleboy,model_asset,,assets/beyond/arts/entity/actor/littleboy/lifeng/models/sk_actor_lifeng_01.fbx,,,,0,221305,main/ee1d41619ae164908394fa73.ab,,
chr_0015_lifeng,lifeng,Littleboy,model_asset,,assets/beyond/arts/entity/actor/littleboy/lifeng/models/sk_actor_lifeng_01.fbx,,,,0,221305,main/ee1d41619ae164908394fa73.ab,,
chr_0015_lifeng,lifeng,Littleboy,model_asset,,assets/beyond/arts/entity/actor/littleboy/lifeng/models/sk_actor_lifeng_01.fbx,,,,0,221305,main/ee1d41619ae164908394fa73.ab,,
chr_0015_lifeng,lifeng,Littleboy,model_asset,,assets/beyond/arts/entity/actor/littleboy/lifeng/models/sk_actor_lifeng_01.fbx,,,,0,221305,main/ee1d41619ae164908394fa73.ab,,
chr_0015_lifeng,lifeng,Littleboy,model_asset,,assets/beyond/arts/entity/actor/littleboy/lifeng/models/sk_actor_lifeng_01.fbx,,,,0,221305,main/ee1d41619ae164908394fa73.ab,,
chr_0015_lifeng,lifeng,Littleboy,model_asset,,assets/beyond/arts/entity/actor/littleboy/lifeng/models/sk_actor_lifeng_01.fbx,,,,0,221305,main/ee1d41619ae164908394fa73.ab,,
chr_0015_lifeng,lifeng,Littleboy,model_asset,,assets/beyond/arts/entity/actor/littleboy/lifeng/models/sk_actor_lifeng_01.fbx,,,,0,221305,main/ee1d41619ae164908394fa73.ab,,
chr_0015_lifeng,lifeng,Littleboy,model_asset,,assets/beyond/arts/entity/actor/littleboy/lifeng/models/sk_actor_lifeng_01.fbx,,,,0,221305,main/ee1d41619ae164908394fa73.ab,,
chr_0015_lifeng,lifeng,Littleboy,model_asset,,assets/beyond/arts/entity/actor/littleboy/lifeng/models/sk_actor_lifeng_01.fbx,,,,0,221305,main/ee1d41619ae164908394fa73.ab,,
chr_0015_lifeng,lifeng,Littleboy,model_asset,,assets/beyond/arts/entity/actor/littleboy/lifeng/models/sk_actor_lifeng_01.fbx,,,,0,221305,main/ee1d41619ae164908394fa73.ab,,
chr_0015_lifeng,lifeng,Littleboy,model_asset,,assets/beyond/arts/entity/actor/littleboy/lifeng/models/sk_actor_lifeng_01.fbx,,,,0,221305,main/ee1d41619ae164908394fa73.ab,,
chr_0015_lifeng,lifeng,Littleboy,model_asset,,assets/beyond/arts/entity/actor/littleboy/lifeng/models/sk_actor_lifeng_01.fbx,,,,0,221305,main/ee1d41619ae164908394fa73.ab,,
chr_0015_lifeng,lifeng,Littleboy,model_asset,,assets/beyond/arts/entity/actor/littleboy/lifeng/models/sk_actor_lifeng_01.fbx,,,,0,221305,main/ee1d41619ae164908394fa73.ab,,
chr_0015_lifeng,lifeng,Littleboy,model_asset,,assets/beyond/arts/entity/actor/littleboy/lifeng/models/sk_actor_lifeng_01.fbx,,,,0,221305,main/ee1d41619ae164908394fa73.ab,,
chr_0015_lifeng,lifeng,Littleboy,model_asset,,assets/beyond/arts/entity/actor/littleboy/lifeng/models/sk_actor_lifeng_01.fbx,,,,0,221305,main/ee1d41619ae164908394fa73.ab,,
chr_0015_lifeng,lifeng,Littleboy,model_asset,,assets/beyond/arts/entity/actor/littleboy/lifeng/models/sk_actor_lifeng_01.fbx,,,,0,221305,main/ee1d41619ae164908394fa73.ab,,
chr_0015_lifeng,lifeng,Littleboy,model_asset,,assets/beyond/arts/entity/actor/littleboy/lifeng/models/sk_actor_lifeng_01.fbx,,,,0,221305,main/ee1d41619ae164908394fa73.ab,,
chr_0015_lifeng,lifeng,Littleboy,model_asset,,assets/beyond/arts/entity/actor/littleboy/lifeng/models/sk_actor_lifeng_01.fbx,,,,0,221305,main/ee1d41619ae164908394fa73.ab,,
chr_0015_lifeng,lifeng,Littleboy,model_asset,,assets/beyond/arts/entity/actor/littleboy/lifeng/models/sk_actor_lifeng_01.fbx,,,,0,221305,main/ee1d41619ae164908394fa73.ab,,
chr_0015_lifeng,lifeng,Littleboy,model_asset,,assets/beyond/arts/entity/actor/littleboy/lifeng/models/sk_actor_lifeng_01.fbx,,,,0,221305,main/ee1d41619ae164908394fa73.ab,,
chr_0015_lifeng,lifeng,Littleboy,model_asset,,assets/beyond/arts/entity/actor/littleboy/lifeng/models/sk_actor_lifeng_01.fbx,,,,0,221305,main/ee1d41619ae164908394fa73.ab,,
chr_0015_lifeng,lifeng,Littleboy,model_asset,,assets/beyond/arts/entity/actor/littleboy/lifeng/models/sk_actor_lifeng_01.fbx,,,,0,221305,main/ee1d41619ae164908394fa73.ab,,
chr_0015_lifeng,lifeng,Littleboy,model_asset,,assets/beyond/arts/entity/actor/littleboy/lifeng/models/sk_actor_lifeng_01.fbx,,,,0,221305,main/ee1d41619ae164908394fa73.ab,,
chr_0015_lifeng,lifeng,Littleboy,model_asset,,assets/beyond/arts/entity/actor/littleboy/lifeng/models/sk_actor_lifeng_01.fbx,,,,0,221305,main/ee1d41619ae164908394fa73.ab,,
chr_0015_lifeng,lifeng,Littleboy,model_asset,,assets/beyond/arts/entity/actor/littleboy/lifeng/models/sk_actor_lifeng_01.fbx,,,,0,221305,main/ee1d41619ae164908394fa73.ab,,
chr_0015_lifeng,lifeng,Littleboy,model_asset,,assets/beyond/arts/entity/actor/littleboy/lifeng/models/sk_actor_lifeng_01.fbx##s_actor_lifeng_body_01_lod0,,,,234224,221305,main/ee1d41619ae164908394fa73.ab,,
chr_0015_lifeng,lifeng,Littleboy,model_asset,,assets/beyond/arts/entity/actor/littleboy/lifeng/models/sk_actor_lifeng_01.fbx##s_actor_lifeng_body_01_lod1,,,,149260,221305,main/ee1d41619ae164908394fa73.ab,,
chr_0015_lifeng,lifeng,Littleboy,model_asset,,assets/beyond/arts/entity/actor/littleboy/lifeng/models/sk_actor_lifeng_01.fbx##s_actor_lifeng_body_01_lod2,,,,98572,221305,main/ee1d41619ae164908394fa73.ab,,
chr_0015_lifeng,lifeng,Littleboy,model_asset,,assets/beyond/arts/entity/actor/littleboy/lifeng/models/sk_actor_lifeng_01.fbx##s_actor_lifeng_body_01_lod3,,,,59732,221305,main/ee1d41619ae164908394fa73.ab,,
chr_0015_lifeng,lifeng,Littleboy,model_asset,,assets/beyond/arts/entity/actor/littleboy/lifeng/models/sk_actor_lifeng_01.fbx##s_actor_lifeng_cloth_01_lod0,,,,2525849,221305,main/ee1d41619ae164908394fa73.ab,,
chr_0015_lifeng,lifeng,Littleboy,model_asset,,assets/beyond/arts/entity/actor/littleboy/lifeng/models/sk_actor_lifeng_01.fbx##s_actor_lifeng_cloth_01_lod1,,,,1022437,221305,main/ee1d41619ae164908394fa73.ab,,
chr_0015_lifeng,lifeng,Littleboy,model_asset,,assets/beyond/arts/entity/actor/littleboy/lifeng/models/sk_actor_lifeng_01.fbx##s_actor_lifeng_cloth_01_lod2,,,,633873,221305,main/ee1d41619ae164908394fa73.ab,,
chr_0015_lifeng,lifeng,Littleboy,model_asset,,assets/beyond/arts/entity/actor/littleboy/lifeng/models/sk_actor_lifeng_01.fbx##s_actor_lifeng_cloth_01_lod3,,,,255029,221305,main/ee1d41619ae164908394fa73.ab,,
chr_0015_lifeng,lifeng,Littleboy,model_asset,,assets/beyond/arts/entity/actor/littleboy/lifeng/models/sk_actor_lifeng_01.fbx##s_actor_lifeng_cloth_02_lod0,,,,4453553,221305,main/ee1d41619ae164908394fa73.ab,,
chr_0015_lifeng,lifeng,Littleboy,model_asset,,assets/beyond/arts/entity/actor/littleboy/lifeng/models/sk_actor_lifeng_01.fbx##s_actor_lifeng_cloth_02_lod1,,,,2500021,221305,main/ee1d41619ae164908394fa73.ab,,
chr_0015_lifeng,lifeng,Littleboy,model_asset,,assets/beyond/arts/entity/actor/littleboy/lifeng/models/sk_actor_lifeng_01.fbx##s_actor_lifeng_cloth_02_lod2,,,,1394281,221305,main/ee1d41619ae164908394fa73.ab,,
chr_0015_lifeng,lifeng,Littleboy,model_asset,,assets/beyond/arts/entity/actor/littleboy/lifeng/models/sk_actor_lifeng_01.fbx##s_actor_lifeng_cloth_02_lod3,,,,614153,221305,main/ee1d41619ae164908394fa73.ab,,
chr_0015_lifeng,lifeng,Littleboy,model_asset,,assets/beyond/arts/entity/actor/littleboy/lifeng/models/sk_actor_lifeng_01.fbx##s_actor_lifeng_cloth_03_lod0,,,,14161,221305,main/ee1d41619ae164908394fa73.ab,,
chr_0015_lifeng,lifeng,Littleboy,model_asset,,assets/beyond/arts/entity/actor/littleboy/lifeng/models/sk_actor_lifeng_01.fbx##s_actor_lifeng_cloth_03_lod1,,,,6865,221305,main/ee1d41619ae164908394fa73.ab,,
chr_0015_lifeng,lifeng,Littleboy,model_asset,,assets/beyond/arts/entity/actor/littleboy/lifeng/models/sk_actor_lifeng_01.fbx##s_actor_lifeng_cloth_03_lod2,,,,4557,221305,main/ee1d41619ae164908394fa73.ab,,
chr_0015_lifeng,lifeng,Littleboy,model_asset,,assets/beyond/arts/entity/actor/littleboy/lifeng/models/sk_actor_lifeng_01.fbx##s_actor_lifeng_cloth_03_lod3,,,,4557,221305,main/ee1d41619ae164908394fa73.ab,,
chr_0015_lifeng,lifeng,Littleboy,model_asset,,assets/beyond/arts/entity/actor/littleboy/lifeng/models/sk_actor_lifeng_01.fbx##s_actor_lifeng_eyebrow_01_lod0,,,,85135,221305,main/ee1d41619ae164908394fa73.ab,,
chr_0015_lifeng,lifeng,Littleboy,model_asset,,assets/beyond/arts/entity/actor/littleboy/lifeng/models/sk_actor_lifeng_01.fbx##s_actor_lifeng_eyebrow_01_lod1,,,,85135,221305,main/ee1d41619ae164908394fa73.ab,,
chr_0015_lifeng,lifeng,Littleboy,model_asset,,assets/beyond/arts/entity/actor/littleboy/lifeng/models/sk_actor_lifeng_01.fbx##s_actor_lifeng_eyebrow_01_lod2,,,,38619,221305,main/ee1d41619ae164908394fa73.ab,,
chr_0015_lifeng,lifeng,Littleboy,model_asset,,assets/beyond/arts/entity/actor/littleboy/lifeng/models/sk_actor_lifeng_01.fbx##s_actor_lifeng_eyebrow_01_lod3,,,,8675,221305,main/ee1d41619ae164908394fa73.ab,,
chr_0015_lifeng,lifeng,Littleboy,model_asset,,assets/beyond/arts/entity/actor/littleboy/lifeng/models/sk_actor_lifeng_01.fbx##s_actor_lifeng_eyeshadow_01_lod0,,,,8281,221305,main/ee1d41619ae164908394fa73.ab,,
chr_0015_lifeng,lifeng,Littleboy,model_asset,,assets/beyond/arts/entity/actor/littleboy/lifeng/models/sk_actor_lifeng_01.fbx##s_actor_lifeng_eyeshadow_01_lod1,,,,8281,221305,main/ee1d41619ae164908394fa73.ab,,
chr_0015_lifeng,lifeng,Littleboy,model_asset,,assets/beyond/arts/entity/actor/littleboy/lifeng/models/sk_actor_lifeng_01.fbx##s_actor_lifeng_face_01_lod0,,,,327800,221305,main/ee1d41619ae164908394fa73.ab,,
chr_0015_lifeng,lifeng,Littleboy,model_asset,,assets/beyond/arts/entity/actor/littleboy/lifeng/models/sk_actor_lifeng_01.fbx##s_actor_lifeng_face_01_lod1,,,,327800,221305,main/ee1d41619ae164908394fa73.ab,,
chr_0015_lifeng,lifeng,Littleboy,model_asset,,assets/beyond/arts/entity/actor/littleboy/lifeng/models/sk_actor_lifeng_01.fbx##s_actor_lifeng_face_01_lod2,,,,70780,221305,main/ee1d41619ae164908394fa73.ab,,
chr_0015_lifeng,lifeng,Littleboy,model_asset,,assets/beyond/arts/entity/actor/littleboy/lifeng/models/sk_actor_lifeng_01.fbx##s_actor_lifeng_face_01_lod3,,,,20712,221305,main/ee1d41619ae164908394fa73.ab,,
chr_0015_lifeng,lifeng,Littleboy,model_asset,,assets/beyond/arts/entity/actor/littleboy/lifeng/models/sk_actor_lifeng_01.fbx##s_actor_lifeng_hair_01_lod0,,,,1785580,221305,main/ee1d41619ae164908394fa73.ab,,
chr_0015_lifeng,lifeng,Littleboy,model_asset,,assets/beyond/arts/entity/actor/littleboy/lifeng/models/sk_actor_lifeng_01.fbx##s_actor_lifeng_hair_01_lod1,,,,944632,221305,main/ee1d41619ae164908394fa73.ab,,
chr_0015_lifeng,lifeng,Littleboy,model_asset,,assets/beyond/arts/entity/actor/littleboy/lifeng/models/sk_actor_lifeng_01.fbx##s_actor_lifeng_hair_01_lod2,,,,483296,221305,main/ee1d41619ae164908394fa73.ab,,
chr_0015_lifeng,lifeng,Littleboy,model_asset,,assets/beyond/arts/entity/actor/littleboy/lifeng/models/sk_actor_lifeng_01.fbx##s_actor_lifeng_hair_01_lod3,,,,188944,221305,main/ee1d41619ae164908394fa73.ab,,
chr_0015_lifeng,lifeng,Littleboy,model_asset,,assets/beyond/arts/entity/actor/littleboy/lifeng/models/sk_actor_lifeng_01.fbx##s_actor_lifeng_hairshadow_01_lod0,,,,22514,221305,main/ee1d41619ae164908394fa73.ab,,
chr_0015_lifeng,lifeng,Littleboy,model_asset,,assets/beyond/arts/entity/actor/littleboy/lifeng/models/sk_actor_lifeng_01.fbx##s_actor_lifeng_hairshadow_01_lod1,,,,17634,221305,main/ee1d41619ae164908394fa73.ab,,
chr_0015_lifeng,lifeng,Littleboy,model_asset,,assets/beyond/arts/entity/actor/littleboy/lifeng/models/sk_actor_lifeng_01.fbx##s_actor_lifeng_iris_01_lod0,,,,18476,221305,main/ee1d41619ae164908394fa73.ab,,
chr_0015_lifeng,lifeng,Littleboy,model_asset,,assets/beyond/arts/entity/actor/littleboy/lifeng/models/sk_actor_lifeng_01.fbx##s_actor_lifeng_iris_01_lod1,,,,18476,221305,main/ee1d41619ae164908394fa73.ab,,
chr_0015_lifeng,lifeng,Littleboy,model_asset,,assets/beyond/arts/entity/actor/littleboy/lifeng/models/sk_actor_lifeng_01.fbx##s_actor_lifeng_iris_01_lod2,,,,5840,221305,main/ee1d41619ae164908394fa73.ab,,
chr_0015_lifeng,lifeng,Littleboy,model_asset,,assets/beyond/arts/entity/actor/littleboy/lifeng/models/sk_actor_lifeng_01.fbx##s_actor_lifeng_iris_01_lod3,,,,3512,221305,main/ee1d41619ae164908394fa73.ab,,
chr_0015_lifeng,lifeng,Littleboy,model_asset,,assets/beyond/arts/entity/actor/littleboy/lifeng/models/sk_actor_lifeng_01.fbx##s_actor_lifeng_vfxpart_01_lod0,,,,152171,221305,main/ee1d41619ae164908394fa73.ab,,
chr_0015_lifeng,lifeng,Littleboy,model_asset,,assets/beyond/arts/entity/actor/littleboy/lifeng/models/sk_actor_lifeng_01.fbx##s_actor_lifeng_vfxpart_01_lod1,,,,114103,221305,main/ee1d41619ae164908394fa73.ab,,
chr_0015_lifeng,lifeng,Littleboy,model_asset,,assets/beyond/arts/entity/actor/littleboy/lifeng/models/sk_actor_lifeng_01.fbx##s_actor_lifeng_vfxpart_01_lod2,,,,50547,221305,main/ee1d41619ae164908394fa73.ab,,
chr_0015_lifeng,lifeng,Littleboy,model_asset,,assets/beyond/arts/entity/actor/littleboy/lifeng/models/sk_actor_lifeng_01.fbx##s_actor_lifeng_vfxpart_01_lod3,,,,13131,221305,main/ee1d41619ae164908394fa73.ab,,
chr_0015_lifeng,lifeng,Littleboy,model_asset,,assets/beyond/arts/entity/actor/littleboy/lifeng/models/sk_actor_lifeng_01.fbx##sk_actor_lifeng_01avatar,,,,206304,221305,main/ee1d41619ae164908394fa73.ab,,
chr_0016_laevat,laevat,Lady,postmodel,chr_0016_laevat_postmodel,assets/beyond/dynamicassets/gameplay/actors/postmodels/characters/chr_0016_laevat_postmodel.prefab,assets/beyond/dynamicassets/gameplay/actors/postmodels/characters/chr_0016_laevat_postmodel.prefab,991520511389000284,0x0DC296A6DCDAE25C,568,10602,main/0a728d7e1d7536de2a6c902b.ab,867420002131183583,0x0C09B1E56A1907DF
chr_0016_laevat,laevat,Lady,model_asset,,assets/beyond/arts/entity/actor/lady/laevat/models/s_actor_laevat_body_01_lod0.asset,,,,494136,216910,main/e957a385be1ebdb6b1654065.ab,,
chr_0016_laevat,laevat,Lady,model_asset,,assets/beyond/arts/entity/actor/lady/laevat/models/s_actor_laevat_cloth_01_lod0.asset,,,,4520245,98254,main/694685852092af53f1e9fce5.ab,,
chr_0016_laevat,laevat,Lady,model_asset,,assets/beyond/arts/entity/actor/lady/laevat/models/s_actor_laevat_cloth_02_lod0.asset,,,,2778857,224770,main/f1e08d5d96de2210baaee78f.ab,,
chr_0016_laevat,laevat,Lady,model_asset,,assets/beyond/arts/entity/actor/lady/laevat/models/s_actor_laevat_cloth_03_lod0.asset,,,,318337,35487,main/2559e6064080c23519f9377d.ab,,
chr_0016_laevat,laevat,Lady,model_asset,,assets/beyond/arts/entity/actor/lady/laevat/models/s_actor_laevat_cloth_04_lod0.asset,,,,337297,81717,main/577755d01610a6d937705d5a.ab,,
chr_0016_laevat,laevat,Lady,model_asset,,assets/beyond/arts/entity/actor/lady/laevat/models/s_actor_laevat_cloth_05_lod0.asset,,,,824757,1208,main/0030483bbb54adbc4edaa129.ab,,
chr_0016_laevat,laevat,Lady,model_asset,,assets/beyond/arts/entity/actor/lady/laevat/models/s_actor_laevat_face_01_lod0.asset,,,,270340,52571,main/37ccfff661847ee7e8849d61.ab,,
chr_0016_laevat,laevat,Lady,model_asset,,assets/beyond/arts/entity/actor/lady/laevat/models/s_actor_laevat_hair_01_lod0.asset,,,,1656760,57376,main/3cee8f92765b9a8150d39eb3.ab,,
chr_0016_laevat,laevat,Lady,model_asset,,assets/beyond/arts/entity/actor/lady/laevat/models/sk_actor_laevat_01.fbx,,,,0,147428,main/9e654c972e23ef8fb34e11d9.ab,,
chr_0016_laevat,laevat,Lady,model_asset,,assets/beyond/arts/entity/actor/lady/laevat/models/sk_actor_laevat_01.fbx,,,,0,147428,main/9e654c972e23ef8fb34e11d9.ab,,
chr_0016_laevat,laevat,Lady,model_asset,,assets/beyond/arts/entity/actor/lady/laevat/models/sk_actor_laevat_01.fbx,,,,0,147428,main/9e654c972e23ef8fb34e11d9.ab,,
chr_0016_laevat,laevat,Lady,model_asset,,assets/beyond/arts/entity/actor/lady/laevat/models/sk_actor_laevat_01.fbx,,,,0,147428,main/9e654c972e23ef8fb34e11d9.ab,,
chr_0016_laevat,laevat,Lady,model_asset,,assets/beyond/arts/entity/actor/lady/laevat/models/sk_actor_laevat_01.fbx,,,,0,147428,main/9e654c972e23ef8fb34e11d9.ab,,
chr_0016_laevat,laevat,Lady,model_asset,,assets/beyond/arts/entity/actor/lady/laevat/models/sk_actor_laevat_01.fbx,,,,0,147428,main/9e654c972e23ef8fb34e11d9.ab,,
chr_0016_laevat,laevat,Lady,model_asset,,assets/beyond/arts/entity/actor/lady/laevat/models/sk_actor_laevat_01.fbx,,,,0,147428,main/9e654c972e23ef8fb34e11d9.ab,,
chr_0016_laevat,laevat,Lady,model_asset,,assets/beyond/arts/entity/actor/lady/laevat/models/sk_actor_laevat_01.fbx,,,,0,147428,main/9e654c972e23ef8fb34e11d9.ab,,
chr_0016_laevat,laevat,Lady,model_asset,,assets/beyond/arts/entity/actor/lady/laevat/models/sk_actor_laevat_01.fbx,,,,0,147428,main/9e654c972e23ef8fb34e11d9.ab,,
chr_0016_laevat,laevat,Lady,model_asset,,assets/beyond/arts/entity/actor/lady/laevat/models/sk_actor_laevat_01.fbx,,,,0,147428,main/9e654c972e23ef8fb34e11d9.ab,,
chr_0016_laevat,laevat,Lady,model_asset,,assets/beyond/arts/entity/actor/lady/laevat/models/sk_actor_laevat_01.fbx,,,,0,147428,main/9e654c972e23ef8fb34e11d9.ab,,
chr_0016_laevat,laevat,Lady,model_asset,,assets/beyond/arts/entity/actor/lady/laevat/models/sk_actor_laevat_01.fbx,,,,0,147428,main/9e654c972e23ef8fb34e11d9.ab,,
chr_0016_laevat,laevat,Lady,model_asset,,assets/beyond/arts/entity/actor/lady/laevat/models/sk_actor_laevat_01.fbx,,,,0,147428,main/9e654c972e23ef8fb34e11d9.ab,,
chr_0016_laevat,laevat,Lady,model_asset,,assets/beyond/arts/entity/actor/lady/laevat/models/sk_actor_laevat_01.fbx,,,,0,147428,main/9e654c972e23ef8fb34e11d9.ab,,
chr_0016_laevat,laevat,Lady,model_asset,,assets/beyond/arts/entity/actor/lady/laevat/models/sk_actor_laevat_01.fbx,,,,0,147428,main/9e654c972e23ef8fb34e11d9.ab,,
chr_0016_laevat,laevat,Lady,model_asset,,assets/beyond/arts/entity/actor/lady/laevat/models/sk_actor_laevat_01.fbx,,,,0,147428,main/9e654c972e23ef8fb34e11d9.ab,,
chr_0016_laevat,laevat,Lady,model_asset,,assets/beyond/arts/entity/actor/lady/laevat/models/sk_actor_laevat_01.fbx,,,,0,147428,main/9e654c972e23ef8fb34e11d9.ab,,
chr_0016_laevat,laevat,Lady,model_asset,,assets/beyond/arts/entity/actor/lady/laevat/models/sk_actor_laevat_01.fbx,,,,0,147428,main/9e654c972e23ef8fb34e11d9.ab,,
chr_0016_laevat,laevat,Lady,model_asset,,assets/beyond/arts/entity/actor/lady/laevat/models/sk_actor_laevat_01.fbx,,,,0,147428,main/9e654c972e23ef8fb34e11d9.ab,,
chr_0016_laevat,laevat,Lady,model_asset,,assets/beyond/arts/entity/actor/lady/laevat/models/sk_actor_laevat_01.fbx,,,,0,147428,main/9e654c972e23ef8fb34e11d9.ab,,
chr_0016_laevat,laevat,Lady,model_asset,,assets/beyond/arts/entity/actor/lady/laevat/models/sk_actor_laevat_01.fbx,,,,0,147428,main/9e654c972e23ef8fb34e11d9.ab,,
chr_0016_laevat,laevat,Lady,model_asset,,assets/beyond/arts/entity/actor/lady/laevat/models/sk_actor_laevat_01.fbx,,,,0,147428,main/9e654c972e23ef8fb34e11d9.ab,,
chr_0016_laevat,laevat,Lady,model_asset,,assets/beyond/arts/entity/actor/lady/laevat/models/sk_actor_laevat_01.fbx,,,,0,147428,main/9e654c972e23ef8fb34e11d9.ab,,
chr_0016_laevat,laevat,Lady,model_asset,,assets/beyond/arts/entity/actor/lady/laevat/models/sk_actor_laevat_01.fbx,,,,0,147428,main/9e654c972e23ef8fb34e11d9.ab,,
chr_0016_laevat,laevat,Lady,model_asset,,assets/beyond/arts/entity/actor/lady/laevat/models/sk_actor_laevat_01.fbx,,,,0,147428,main/9e654c972e23ef8fb34e11d9.ab,,
chr_0016_laevat,laevat,Lady,model_asset,,assets/beyond/arts/entity/actor/lady/laevat/models/sk_actor_laevat_01.fbx,,,,0,147428,main/9e654c972e23ef8fb34e11d9.ab,,
chr_0016_laevat,laevat,Lady,model_asset,,assets/beyond/arts/entity/actor/lady/laevat/models/sk_actor_laevat_01.fbx,,,,0,147428,main/9e654c972e23ef8fb34e11d9.ab,,
chr_0016_laevat,laevat,Lady,model_asset,,assets/beyond/arts/entity/actor/lady/laevat/models/sk_actor_laevat_01.fbx,,,,0,147428,main/9e654c972e23ef8fb34e11d9.ab,,
chr_0016_laevat,laevat,Lady,model_asset,,assets/beyond/arts/entity/actor/lady/laevat/models/sk_actor_laevat_01.fbx,,,,0,147428,main/9e654c972e23ef8fb34e11d9.ab,,
chr_0016_laevat,laevat,Lady,model_asset,,assets/beyond/arts/entity/actor/lady/laevat/models/sk_actor_laevat_01.fbx,,,,0,147428,main/9e654c972e23ef8fb34e11d9.ab,,
chr_0016_laevat,laevat,Lady,model_asset,,assets/beyond/arts/entity/actor/lady/laevat/models/sk_actor_laevat_01.fbx,,,,0,147428,main/9e654c972e23ef8fb34e11d9.ab,,
chr_0016_laevat,laevat,Lady,model_asset,,assets/beyond/arts/entity/actor/lady/laevat/models/sk_actor_laevat_01.fbx,,,,0,147428,main/9e654c972e23ef8fb34e11d9.ab,,
chr_0016_laevat,laevat,Lady,model_asset,,assets/beyond/arts/entity/actor/lady/laevat/models/sk_actor_laevat_01.fbx,,,,0,147428,main/9e654c972e23ef8fb34e11d9.ab,,
chr_0016_laevat,laevat,Lady,model_asset,,assets/beyond/arts/entity/actor/lady/laevat/models/sk_actor_laevat_01.fbx,,,,0,147428,main/9e654c972e23ef8fb34e11d9.ab,,
chr_0016_laevat,laevat,Lady,model_asset,,assets/beyond/arts/entity/actor/lady/laevat/models/sk_actor_laevat_01.fbx,,,,0,147428,main/9e654c972e23ef8fb34e11d9.ab,,
chr_0016_laevat,laevat,Lady,model_asset,,assets/beyond/arts/entity/actor/lady/laevat/models/sk_actor_laevat_01.fbx,,,,0,147428,main/9e654c972e23ef8fb34e11d9.ab,,
chr_0016_laevat,laevat,Lady,model_asset,,assets/beyond/arts/entity/actor/lady/laevat/models/sk_actor_laevat_01.fbx,,,,0,147428,main/9e654c972e23ef8fb34e11d9.ab,,
chr_0016_laevat,laevat,Lady,model_asset,,assets/beyond/arts/entity/actor/lady/laevat/models/sk_actor_laevat_01.fbx,,,,0,147428,main/9e654c972e23ef8fb34e11d9.ab,,
chr_0016_laevat,laevat,Lady,model_asset,,assets/beyond/arts/entity/actor/lady/laevat/models/sk_actor_laevat_01.fbx,,,,0,147428,main/9e654c972e23ef8fb34e11d9.ab,,
chr_0016_laevat,laevat,Lady,model_asset,,assets/beyond/arts/entity/actor/lady/laevat/models/sk_actor_laevat_01.fbx,,,,0,147428,main/9e654c972e23ef8fb34e11d9.ab,,
chr_0016_laevat,laevat,Lady,model_asset,,assets/beyond/arts/entity/actor/lady/laevat/models/sk_actor_laevat_01.fbx,,,,0,147428,main/9e654c972e23ef8fb34e11d9.ab,,
chr_0016_laevat,laevat,Lady,model_asset,,assets/beyond/arts/entity/actor/lady/laevat/models/sk_actor_laevat_01.fbx,,,,0,147428,main/9e654c972e23ef8fb34e11d9.ab,,
chr_0016_laevat,laevat,Lady,model_asset,,assets/beyond/arts/entity/actor/lady/laevat/models/sk_actor_laevat_01.fbx,,,,0,147428,main/9e654c972e23ef8fb34e11d9.ab,,
chr_0016_laevat,laevat,Lady,model_asset,,assets/beyond/arts/entity/actor/lady/laevat/models/sk_actor_laevat_01.fbx,,,,0,147428,main/9e654c972e23ef8fb34e11d9.ab,,
chr_0016_laevat,laevat,Lady,model_asset,,assets/beyond/arts/entity/actor/lady/laevat/models/sk_actor_laevat_01.fbx,,,,0,147428,main/9e654c972e23ef8fb34e11d9.ab,,
chr_0016_laevat,laevat,Lady,model_asset,,assets/beyond/arts/entity/actor/lady/laevat/models/sk_actor_laevat_01.fbx,,,,0,147428,main/9e654c972e23ef8fb34e11d9.ab,,
chr_0016_laevat,laevat,Lady,model_asset,,assets/beyond/arts/entity/actor/lady/laevat/models/sk_actor_laevat_01.fbx,,,,0,147428,main/9e654c972e23ef8fb34e11d9.ab,,
chr_0016_laevat,laevat,Lady,model_asset,,assets/beyond/arts/entity/actor/lady/laevat/models/sk_actor_laevat_01.fbx,,,,0,147428,main/9e654c972e23ef8fb34e11d9.ab,,
chr_0016_laevat,laevat,Lady,model_asset,,assets/beyond/arts/entity/actor/lady/laevat/models/sk_actor_laevat_01.fbx,,,,0,147428,main/9e654c972e23ef8fb34e11d9.ab,,
chr_0016_laevat,laevat,Lady,model_asset,,assets/beyond/arts/entity/actor/lady/laevat/models/sk_actor_laevat_01.fbx##s_actor_laevat_body_01_lod0,,,,454664,147428,main/9e654c972e23ef8fb34e11d9.ab,,
chr_0016_laevat,laevat,Lady,model_asset,,assets/beyond/arts/entity/actor/lady/laevat/models/sk_actor_laevat_01.fbx##s_actor_laevat_body_01_lod1,,,,197988,147428,main/9e654c972e23ef8fb34e11d9.ab,,
chr_0016_laevat,laevat,Lady,model_asset,,assets/beyond/arts/entity/actor/lady/laevat/models/sk_actor_laevat_01.fbx##s_actor_laevat_body_01_lod2,,,,122540,147428,main/9e654c972e23ef8fb34e11d9.ab,,
chr_0016_laevat,laevat,Lady,model_asset,,assets/beyond/arts/entity/actor/lady/laevat/models/sk_actor_laevat_01.fbx##s_actor_laevat_body_01_lod3,,,,60952,147428,main/9e654c972e23ef8fb34e11d9.ab,,
chr_0016_laevat,laevat,Lady,model_asset,,assets/beyond/arts/entity/actor/lady/laevat/models/sk_actor_laevat_01.fbx##s_actor_laevat_cloth_01_lod0,,,,4135989,147428,main/9e654c972e23ef8fb34e11d9.ab,,
chr_0016_laevat,laevat,Lady,model_asset,,assets/beyond/arts/entity/actor/lady/laevat/models/sk_actor_laevat_01.fbx##s_actor_laevat_cloth_01_lod1,,,,1522633,147428,main/9e654c972e23ef8fb34e11d9.ab,,
chr_0016_laevat,laevat,Lady,model_asset,,assets/beyond/arts/entity/actor/lady/laevat/models/sk_actor_laevat_01.fbx##s_actor_laevat_cloth_01_lod2,,,,960545,147428,main/9e654c972e23ef8fb34e11d9.ab,,
chr_0016_laevat,laevat,Lady,model_asset,,assets/beyond/arts/entity/actor/lady/laevat/models/sk_actor_laevat_01.fbx##s_actor_laevat_cloth_01_lod3,,,,392421,147428,main/9e654c972e23ef8fb34e11d9.ab,,
chr_0016_laevat,laevat,Lady,model_asset,,assets/beyond/arts/entity/actor/lady/laevat/models/sk_actor_laevat_01.fbx##s_actor_laevat_cloth_02_lod0,,,,2568393,147428,main/9e654c972e23ef8fb34e11d9.ab,,
chr_0016_laevat,laevat,Lady,model_asset,,assets/beyond/arts/entity/actor/lady/laevat/models/sk_actor_laevat_01.fbx##s_actor_laevat_cloth_02_lod1,,,,733633,147428,main/9e654c972e23ef8fb34e11d9.ab,,
chr_0016_laevat,laevat,Lady,model_asset,,assets/beyond/arts/entity/actor/lady/laevat/models/sk_actor_laevat_01.fbx##s_actor_laevat_cloth_02_lod2,,,,376961,147428,main/9e654c972e23ef8fb34e11d9.ab,,
chr_0016_laevat,laevat,Lady,model_asset,,assets/beyond/arts/entity/actor/lady/laevat/models/sk_actor_laevat_01.fbx##s_actor_laevat_cloth_02_lod3,,,,204497,147428,main/9e654c972e23ef8fb34e11d9.ab,,
chr_0016_laevat,laevat,Lady,model_asset,,assets/beyond/arts/entity/actor/lady/laevat/models/sk_actor_laevat_01.fbx##s_actor_laevat_cloth_03_lod0,,,,292865,147428,main/9e654c972e23ef8fb34e11d9.ab,,
chr_0016_laevat,laevat,Lady,model_asset,,assets/beyond/arts/entity/actor/lady/laevat/models/sk_actor_laevat_01.fbx##s_actor_laevat_cloth_03_lod1,,,,112209,147428,main/9e654c972e23ef8fb34e11d9.ab,,
chr_0016_laevat,laevat,Lady,model_asset,,assets/beyond/arts/entity/actor/lady/laevat/models/sk_actor_laevat_01.fbx##s_actor_laevat_cloth_03_lod2,,,,43801,147428,main/9e654c972e23ef8fb34e11d9.ab,,
chr_0016_laevat,laevat,Lady,model_asset,,assets/beyond/arts/entity/actor/lady/laevat/models/sk_actor_laevat_01.fbx##s_actor_laevat_cloth_03_lod3,,,,32193,147428,main/9e654c972e23ef8fb34e11d9.ab,,
chr_0016_laevat,laevat,Lady,model_asset,,assets/beyond/arts/entity/actor/lady/laevat/models/sk_actor_laevat_01.fbx##s_actor_laevat_cloth_04_lod0,,,,303457,147428,main/9e654c972e23ef8fb34e11d9.ab,,
chr_0016_laevat,laevat,Lady,model_asset,,assets/beyond/arts/entity/actor/lady/laevat/models/sk_actor_laevat_01.fbx##s_actor_laevat_cloth_04_lod1,,,,250677,147428,main/9e654c972e23ef8fb34e11d9.ab,,
chr_0016_laevat,laevat,Lady,model_asset,,assets/beyond/arts/entity/actor/lady/laevat/models/sk_actor_laevat_01.fbx##s_actor_laevat_cloth_04_lod2,,,,116257,147428,main/9e654c972e23ef8fb34e11d9.ab,,
chr_0016_laevat,laevat,Lady,model_asset,,assets/beyond/arts/entity/actor/lady/laevat/models/sk_actor_laevat_01.fbx##s_actor_laevat_cloth_04_lod3,,,,39097,147428,main/9e654c972e23ef8fb34e11d9.ab,,
chr_0016_laevat,laevat,Lady,model_asset,,assets/beyond/arts/entity/actor/lady/laevat/models/sk_actor_laevat_01.fbx##s_actor_laevat_cloth_05_lod0,,,,763477,147428,main/9e654c972e23ef8fb34e11d9.ab,,
chr_0016_laevat,laevat,Lady,model_asset,,assets/beyond/arts/entity/actor/lady/laevat/models/sk_actor_laevat_01.fbx##s_actor_laevat_cloth_05_lod1,,,,260625,147428,main/9e654c972e23ef8fb34e11d9.ab,,
chr_0016_laevat,laevat,Lady,model_asset,,assets/beyond/arts/entity/actor/lady/laevat/models/sk_actor_laevat_01.fbx##s_actor_laevat_cloth_05_lod2,,,,91665,147428,main/9e654c972e23ef8fb34e11d9.ab,,
chr_0016_laevat,laevat,Lady,model_asset,,assets/beyond/arts/entity/actor/lady/laevat/models/sk_actor_laevat_01.fbx##s_actor_laevat_cloth_05_lod3,,,,75069,147428,main/9e654c972e23ef8fb34e11d9.ab,,
chr_0016_laevat,laevat,Lady,model_asset,,assets/beyond/arts/entity/actor/lady/laevat/models/sk_actor_laevat_01.fbx##s_actor_laevat_eyebrow_01_lod0,,,,108343,147428,main/9e654c972e23ef8fb34e11d9.ab,,
chr_0016_laevat,laevat,Lady,model_asset,,assets/beyond/arts/entity/actor/lady/laevat/models/sk_actor_laevat_01.fbx##s_actor_laevat_eyebrow_01_lod1,,,,108343,147428,main/9e654c972e23ef8fb34e11d9.ab,,
chr_0016_laevat,laevat,Lady,model_asset,,assets/beyond/arts/entity/actor/lady/laevat/models/sk_actor_laevat_01.fbx##s_actor_laevat_eyebrow_01_lod2,,,,57419,147428,main/9e654c972e23ef8fb34e11d9.ab,,
chr_0016_laevat,laevat,Lady,model_asset,,assets/beyond/arts/entity/actor/lady/laevat/models/sk_actor_laevat_01.fbx##s_actor_laevat_eyebrow_01_lod3,,,,10059,147428,main/9e654c972e23ef8fb34e11d9.ab,,
chr_0016_laevat,laevat,Lady,model_asset,,assets/beyond/arts/entity/actor/lady/laevat/models/sk_actor_laevat_01.fbx##s_actor_laevat_eyeshadow_01_lod0,,,,7529,147428,main/9e654c972e23ef8fb34e11d9.ab,,
chr_0016_laevat,laevat,Lady,model_asset,,assets/beyond/arts/entity/actor/lady/laevat/models/sk_actor_laevat_01.fbx##s_actor_laevat_eyeshadow_01_lod1,,,,7529,147428,main/9e654c972e23ef8fb34e11d9.ab,,
chr_0016_laevat,laevat,Lady,model_asset,,assets/beyond/arts/entity/actor/lady/laevat/models/sk_actor_laevat_01.fbx##s_actor_laevat_face_01_lod0,,,,248836,147428,main/9e654c972e23ef8fb34e11d9.ab,,
chr_0016_laevat,laevat,Lady,model_asset,,assets/beyond/arts/entity/actor/lady/laevat/models/sk_actor_laevat_01.fbx##s_actor_laevat_face_01_lod1,,,,248836,147428,main/9e654c972e23ef8fb34e11d9.ab,,
chr_0016_laevat,laevat,Lady,model_asset,,assets/beyond/arts/entity/actor/lady/laevat/models/sk_actor_laevat_01.fbx##s_actor_laevat_face_01_lod2,,,,81376,147428,main/9e654c972e23ef8fb34e11d9.ab,,
chr_0016_laevat,laevat,Lady,model_asset,,assets/beyond/arts/entity/actor/lady/laevat/models/sk_actor_laevat_01.fbx##s_actor_laevat_face_01_lod3,,,,29640,147428,main/9e654c972e23ef8fb34e11d9.ab,,
chr_0016_laevat,laevat,Lady,model_asset,,assets/beyond/arts/entity/actor/lady/laevat/models/sk_actor_laevat_01.fbx##s_actor_laevat_hair_01_lod0,,,,1517992,147428,main/9e654c972e23ef8fb34e11d9.ab,,
chr_0016_laevat,laevat,Lady,model_asset,,assets/beyond/arts/entity/actor/lady/laevat/models/sk_actor_laevat_01.fbx##s_actor_laevat_hair_01_lod1,,,,1028676,147428,main/9e654c972e23ef8fb34e11d9.ab,,
chr_0016_laevat,laevat,Lady,model_asset,,assets/beyond/arts/entity/actor/lady/laevat/models/sk_actor_laevat_01.fbx##s_actor_laevat_hair_01_lod2,,,,503836,147428,main/9e654c972e23ef8fb34e11d9.ab,,
chr_0016_laevat,laevat,Lady,model_asset,,assets/beyond/arts/entity/actor/lady/laevat/models/sk_actor_laevat_01.fbx##s_actor_laevat_hair_01_lod3,,,,206300,147428,main/9e654c972e23ef8fb34e11d9.ab,,
chr_0016_laevat,laevat,Lady,model_asset,,assets/beyond/arts/entity/actor/lady/laevat/models/sk_actor_laevat_01.fbx##s_actor_laevat_hairshadow_01_lod0,,,,22434,147428,main/9e654c972e23ef8fb34e11d9.ab,,
chr_0016_laevat,laevat,Lady,model_asset,,assets/beyond/arts/entity/actor/lady/laevat/models/sk_actor_laevat_01.fbx##s_actor_laevat_hairshadow_01_lod1,,,,20126,147428,main/9e654c972e23ef8fb34e11d9.ab,,
chr_0016_laevat,laevat,Lady,model_asset,,assets/beyond/arts/entity/actor/lady/laevat/models/sk_actor_laevat_01.fbx##s_actor_laevat_iris_01_lod0,,,,23068,147428,main/9e654c972e23ef8fb34e11d9.ab,,
chr_0016_laevat,laevat,Lady,model_asset,,assets/beyond/arts/entity/actor/lady/laevat/models/sk_actor_laevat_01.fbx##s_actor_laevat_iris_01_lod1,,,,23068,147428,main/9e654c972e23ef8fb34e11d9.ab,,
chr_0016_laevat,laevat,Lady,model_asset,,assets/beyond/arts/entity/actor/lady/laevat/models/sk_actor_laevat_01.fbx##s_actor_laevat_iris_01_lod2,,,,10932,147428,main/9e654c972e23ef8fb34e11d9.ab,,
chr_0016_laevat,laevat,Lady,model_asset,,assets/beyond/arts/entity/actor/lady/laevat/models/sk_actor_laevat_01.fbx##s_actor_laevat_iris_01_lod3,,,,3632,147428,main/9e654c972e23ef8fb34e11d9.ab,,
chr_0016_laevat,laevat,Lady,model_asset,,assets/beyond/arts/entity/actor/lady/laevat/models/sk_actor_laevat_01.fbx##s_actor_laevat_vfxpart_01_lod0,,,,48947,147428,main/9e654c972e23ef8fb34e11d9.ab,,
chr_0016_laevat,laevat,Lady,model_asset,,assets/beyond/arts/entity/actor/lady/laevat/models/sk_actor_laevat_01.fbx##s_actor_laevat_vfxpart_01_lod1,,,,30675,147428,main/9e654c972e23ef8fb34e11d9.ab,,
chr_0016_laevat,laevat,Lady,model_asset,,assets/beyond/arts/entity/actor/lady/laevat/models/sk_actor_laevat_01.fbx##s_actor_laevat_vfxpart_01_lod2,,,,13115,147428,main/9e654c972e23ef8fb34e11d9.ab,,
chr_0016_laevat,laevat,Lady,model_asset,,assets/beyond/arts/entity/actor/lady/laevat/models/sk_actor_laevat_01.fbx##s_actor_laevat_vfxpart_01_lod3,,,,11643,147428,main/9e654c972e23ef8fb34e11d9.ab,,
chr_0016_laevat,laevat,Lady,model_asset,,assets/beyond/arts/entity/actor/lady/laevat/models/sk_actor_laevat_01.fbx##sk_actor_laevat_01avatar,,,,251384,147428,main/9e654c972e23ef8fb34e11d9.ab,,
chr_0017_yvonne,yvonne,Girl,postmodel,chr_0017_yvonne_postmodel,assets/beyond/dynamicassets/gameplay/actors/postmodels/characters/chr_0017_yvonne_postmodel.prefab,assets/beyond/dynamicassets/gameplay/actors/postmodels/characters/chr_0017_yvonne_postmodel.prefab,897296593151368239,0x0C73D67F54F49C2F,496,81217,main/56e4fa213e336ebebd060ecf.ab,656189203289676397,0x091B409A8F871A6D
chr_0017_yvonne,yvonne,Girl,model_asset,,assets/beyond/arts/entity/actor/girl/yvonne/models/s_actor_yvonne_body_01_lod0.asset,,,,198252,60032,main/3fd028ab6c1e0b56c8b823e6.ab,,
chr_0017_yvonne,yvonne,Girl,model_asset,,assets/beyond/arts/entity/actor/girl/yvonne/models/s_actor_yvonne_cloth_01_lod0.asset,,,,5636361,5368,main/04c42736133e37c4f6e9f48c.ab,,
chr_0017_yvonne,yvonne,Girl,model_asset,,assets/beyond/arts/entity/actor/girl/yvonne/models/s_actor_yvonne_cloth_02_lod0.asset,,,,874437,214191,main/e665d0ddca65893919ca9221.ab,,
chr_0017_yvonne,yvonne,Girl,model_asset,,assets/beyond/arts/entity/actor/girl/yvonne/models/s_actor_yvonne_cloth_03_lod0.asset,,,,278349,90147,main/60738906ea8af4ca19e05971.ab,,
chr_0017_yvonne,yvonne,Girl,model_asset,,assets/beyond/arts/entity/actor/girl/yvonne/models/s_actor_yvonne_cloth_04_lod0.asset,,,,192821,152434,main/a3d30b01129a504b54d635fd.ab,,
chr_0017_yvonne,yvonne,Girl,model_asset,,assets/beyond/arts/entity/actor/girl/yvonne/models/s_actor_yvonne_face_01_lod0.asset,,,,263144,105406,main/70eba1266da4bc1e992639e8.ab,,
chr_0017_yvonne,yvonne,Girl,model_asset,,assets/beyond/arts/entity/actor/girl/yvonne/models/s_actor_yvonne_hair_01_lod0.asset,,,,3127772,1105,main/00117a306d594b5b2a97bc57.ab,,
chr_0017_yvonne,yvonne,Girl,model_asset,,assets/beyond/arts/entity/actor/girl/yvonne/models/sk_actor_yvonne_01.fbx,,,,0,33659,main/234fe90d2a5aef1b8a289172.ab,,
chr_0017_yvonne,yvonne,Girl,model_asset,,assets/beyond/arts/entity/actor/girl/yvonne/models/sk_actor_yvonne_01.fbx,,,,0,33659,main/234fe90d2a5aef1b8a289172.ab,,
chr_0017_yvonne,yvonne,Girl,model_asset,,assets/beyond/arts/entity/actor/girl/yvonne/models/sk_actor_yvonne_01.fbx,,,,0,33659,main/234fe90d2a5aef1b8a289172.ab,,
chr_0017_yvonne,yvonne,Girl,model_asset,,assets/beyond/arts/entity/actor/girl/yvonne/models/sk_actor_yvonne_01.fbx,,,,0,33659,main/234fe90d2a5aef1b8a289172.ab,,
chr_0017_yvonne,yvonne,Girl,model_asset,,assets/beyond/arts/entity/actor/girl/yvonne/models/sk_actor_yvonne_01.fbx,,,,0,33659,main/234fe90d2a5aef1b8a289172.ab,,
chr_0017_yvonne,yvonne,Girl,model_asset,,assets/beyond/arts/entity/actor/girl/yvonne/models/sk_actor_yvonne_01.fbx,,,,0,33659,main/234fe90d2a5aef1b8a289172.ab,,
chr_0017_yvonne,yvonne,Girl,model_asset,,assets/beyond/arts/entity/actor/girl/yvonne/models/sk_actor_yvonne_01.fbx,,,,0,33659,main/234fe90d2a5aef1b8a289172.ab,,
chr_0017_yvonne,yvonne,Girl,model_asset,,assets/beyond/arts/entity/actor/girl/yvonne/models/sk_actor_yvonne_01.fbx,,,,0,33659,main/234fe90d2a5aef1b8a289172.ab,,
chr_0017_yvonne,yvonne,Girl,model_asset,,assets/beyond/arts/entity/actor/girl/yvonne/models/sk_actor_yvonne_01.fbx,,,,0,33659,main/234fe90d2a5aef1b8a289172.ab,,
chr_0017_yvonne,yvonne,Girl,model_asset,,assets/beyond/arts/entity/actor/girl/yvonne/models/sk_actor_yvonne_01.fbx,,,,0,33659,main/234fe90d2a5aef1b8a289172.ab,,
chr_0017_yvonne,yvonne,Girl,model_asset,,assets/beyond/arts/entity/actor/girl/yvonne/models/sk_actor_yvonne_01.fbx,,,,0,33659,main/234fe90d2a5aef1b8a289172.ab,,
chr_0017_yvonne,yvonne,Girl,model_asset,,assets/beyond/arts/entity/actor/girl/yvonne/models/sk_actor_yvonne_01.fbx,,,,0,33659,main/234fe90d2a5aef1b8a289172.ab,,
chr_0017_yvonne,yvonne,Girl,model_asset,,assets/beyond/arts/entity/actor/girl/yvonne/models/sk_actor_yvonne_01.fbx,,,,0,33659,main/234fe90d2a5aef1b8a289172.ab,,
chr_0017_yvonne,yvonne,Girl,model_asset,,assets/beyond/arts/entity/actor/girl/yvonne/models/sk_actor_yvonne_01.fbx,,,,0,33659,main/234fe90d2a5aef1b8a289172.ab,,
chr_0017_yvonne,yvonne,Girl,model_asset,,assets/beyond/arts/entity/actor/girl/yvonne/models/sk_actor_yvonne_01.fbx,,,,0,33659,main/234fe90d2a5aef1b8a289172.ab,,
chr_0017_yvonne,yvonne,Girl,model_asset,,assets/beyond/arts/entity/actor/girl/yvonne/models/sk_actor_yvonne_01.fbx,,,,0,33659,main/234fe90d2a5aef1b8a289172.ab,,
chr_0017_yvonne,yvonne,Girl,model_asset,,assets/beyond/arts/entity/actor/girl/yvonne/models/sk_actor_yvonne_01.fbx,,,,0,33659,main/234fe90d2a5aef1b8a289172.ab,,
chr_0017_yvonne,yvonne,Girl,model_asset,,assets/beyond/arts/entity/actor/girl/yvonne/models/sk_actor_yvonne_01.fbx,,,,0,33659,main/234fe90d2a5aef1b8a289172.ab,,
chr_0017_yvonne,yvonne,Girl,model_asset,,assets/beyond/arts/entity/actor/girl/yvonne/models/sk_actor_yvonne_01.fbx,,,,0,33659,main/234fe90d2a5aef1b8a289172.ab,,
chr_0017_yvonne,yvonne,Girl,model_asset,,assets/beyond/arts/entity/actor/girl/yvonne/models/sk_actor_yvonne_01.fbx,,,,0,33659,main/234fe90d2a5aef1b8a289172.ab,,
chr_0017_yvonne,yvonne,Girl,model_asset,,assets/beyond/arts/entity/actor/girl/yvonne/models/sk_actor_yvonne_01.fbx,,,,0,33659,main/234fe90d2a5aef1b8a289172.ab,,
chr_0017_yvonne,yvonne,Girl,model_asset,,assets/beyond/arts/entity/actor/girl/yvonne/models/sk_actor_yvonne_01.fbx,,,,0,33659,main/234fe90d2a5aef1b8a289172.ab,,
chr_0017_yvonne,yvonne,Girl,model_asset,,assets/beyond/arts/entity/actor/girl/yvonne/models/sk_actor_yvonne_01.fbx,,,,0,33659,main/234fe90d2a5aef1b8a289172.ab,,
chr_0017_yvonne,yvonne,Girl,model_asset,,assets/beyond/arts/entity/actor/girl/yvonne/models/sk_actor_yvonne_01.fbx,,,,0,33659,main/234fe90d2a5aef1b8a289172.ab,,
chr_0017_yvonne,yvonne,Girl,model_asset,,assets/beyond/arts/entity/actor/girl/yvonne/models/sk_actor_yvonne_01.fbx,,,,0,33659,main/234fe90d2a5aef1b8a289172.ab,,
chr_0017_yvonne,yvonne,Girl,model_asset,,assets/beyond/arts/entity/actor/girl/yvonne/models/sk_actor_yvonne_01.fbx,,,,0,33659,main/234fe90d2a5aef1b8a289172.ab,,
chr_0017_yvonne,yvonne,Girl,model_asset,,assets/beyond/arts/entity/actor/girl/yvonne/models/sk_actor_yvonne_01.fbx,,,,0,33659,main/234fe90d2a5aef1b8a289172.ab,,
chr_0017_yvonne,yvonne,Girl,model_asset,,assets/beyond/arts/entity/actor/girl/yvonne/models/sk_actor_yvonne_01.fbx,,,,0,33659,main/234fe90d2a5aef1b8a289172.ab,,
chr_0017_yvonne,yvonne,Girl,model_asset,,assets/beyond/arts/entity/actor/girl/yvonne/models/sk_actor_yvonne_01.fbx,,,,0,33659,main/234fe90d2a5aef1b8a289172.ab,,
chr_0017_yvonne,yvonne,Girl,model_asset,,assets/beyond/arts/entity/actor/girl/yvonne/models/sk_actor_yvonne_01.fbx,,,,0,33659,main/234fe90d2a5aef1b8a289172.ab,,
chr_0017_yvonne,yvonne,Girl,model_asset,,assets/beyond/arts/entity/actor/girl/yvonne/models/sk_actor_yvonne_01.fbx,,,,0,33659,main/234fe90d2a5aef1b8a289172.ab,,
chr_0017_yvonne,yvonne,Girl,model_asset,,assets/beyond/arts/entity/actor/girl/yvonne/models/sk_actor_yvonne_01.fbx,,,,0,33659,main/234fe90d2a5aef1b8a289172.ab,,
chr_0017_yvonne,yvonne,Girl,model_asset,,assets/beyond/arts/entity/actor/girl/yvonne/models/sk_actor_yvonne_01.fbx,,,,0,33659,main/234fe90d2a5aef1b8a289172.ab,,
chr_0017_yvonne,yvonne,Girl,model_asset,,assets/beyond/arts/entity/actor/girl/yvonne/models/sk_actor_yvonne_01.fbx,,,,0,33659,main/234fe90d2a5aef1b8a289172.ab,,
chr_0017_yvonne,yvonne,Girl,model_asset,,assets/beyond/arts/entity/actor/girl/yvonne/models/sk_actor_yvonne_01.fbx,,,,0,33659,main/234fe90d2a5aef1b8a289172.ab,,
chr_0017_yvonne,yvonne,Girl,model_asset,,assets/beyond/arts/entity/actor/girl/yvonne/models/sk_actor_yvonne_01.fbx,,,,0,33659,main/234fe90d2a5aef1b8a289172.ab,,
chr_0017_yvonne,yvonne,Girl,model_asset,,assets/beyond/arts/entity/actor/girl/yvonne/models/sk_actor_yvonne_01.fbx,,,,0,33659,main/234fe90d2a5aef1b8a289172.ab,,
chr_0017_yvonne,yvonne,Girl,model_asset,,assets/beyond/arts/entity/actor/girl/yvonne/models/sk_actor_yvonne_01.fbx,,,,0,33659,main/234fe90d2a5aef1b8a289172.ab,,
chr_0017_yvonne,yvonne,Girl,model_asset,,assets/beyond/arts/entity/actor/girl/yvonne/models/sk_actor_yvonne_01.fbx,,,,0,33659,main/234fe90d2a5aef1b8a289172.ab,,
chr_0017_yvonne,yvonne,Girl,model_asset,,assets/beyond/arts/entity/actor/girl/yvonne/models/sk_actor_yvonne_01.fbx,,,,0,33659,main/234fe90d2a5aef1b8a289172.ab,,
chr_0017_yvonne,yvonne,Girl,model_asset,,assets/beyond/arts/entity/actor/girl/yvonne/models/sk_actor_yvonne_01.fbx,,,,0,33659,main/234fe90d2a5aef1b8a289172.ab,,
chr_0017_yvonne,yvonne,Girl,model_asset,,assets/beyond/arts/entity/actor/girl/yvonne/models/sk_actor_yvonne_01.fbx,,,,0,33659,main/234fe90d2a5aef1b8a289172.ab,,
chr_0017_yvonne,yvonne,Girl,model_asset,,assets/beyond/arts/entity/actor/girl/yvonne/models/sk_actor_yvonne_01.fbx,,,,0,33659,main/234fe90d2a5aef1b8a289172.ab,,
chr_0017_yvonne,yvonne,Girl,model_asset,,assets/beyond/arts/entity/actor/girl/yvonne/models/sk_actor_yvonne_01.fbx,,,,0,33659,main/234fe90d2a5aef1b8a289172.ab,,
chr_0017_yvonne,yvonne,Girl,model_asset,,assets/beyond/arts/entity/actor/girl/yvonne/models/sk_actor_yvonne_01.fbx,,,,0,33659,main/234fe90d2a5aef1b8a289172.ab,,
chr_0017_yvonne,yvonne,Girl,model_asset,,assets/beyond/arts/entity/actor/girl/yvonne/models/sk_actor_yvonne_01.fbx##s_actor_yvonne_body_01_lod0,,,,182428,33659,main/234fe90d2a5aef1b8a289172.ab,,
chr_0017_yvonne,yvonne,Girl,model_asset,,assets/beyond/arts/entity/actor/girl/yvonne/models/sk_actor_yvonne_01.fbx##s_actor_yvonne_body_01_lod1,,,,136844,33659,main/234fe90d2a5aef1b8a289172.ab,,
chr_0017_yvonne,yvonne,Girl,model_asset,,assets/beyond/arts/entity/actor/girl/yvonne/models/sk_actor_yvonne_01.fbx##s_actor_yvonne_body_01_lod2,,,,83012,33659,main/234fe90d2a5aef1b8a289172.ab,,
chr_0017_yvonne,yvonne,Girl,model_asset,,assets/beyond/arts/entity/actor/girl/yvonne/models/sk_actor_yvonne_01.fbx##s_actor_yvonne_body_01_lod3,,,,48420,33659,main/234fe90d2a5aef1b8a289172.ab,,
chr_0017_yvonne,yvonne,Girl,model_asset,,assets/beyond/arts/entity/actor/girl/yvonne/models/sk_actor_yvonne_01.fbx##s_actor_yvonne_brow_01_lod0,,,,140700,33659,main/234fe90d2a5aef1b8a289172.ab,,
chr_0017_yvonne,yvonne,Girl,model_asset,,assets/beyond/arts/entity/actor/girl/yvonne/models/sk_actor_yvonne_01.fbx##s_actor_yvonne_brow_01_lod1,,,,136140,33659,main/234fe90d2a5aef1b8a289172.ab,,
chr_0017_yvonne,yvonne,Girl,model_asset,,assets/beyond/arts/entity/actor/girl/yvonne/models/sk_actor_yvonne_01.fbx##s_actor_yvonne_brow_01_lod2,,,,26016,33659,main/234fe90d2a5aef1b8a289172.ab,,
chr_0017_yvonne,yvonne,Girl,model_asset,,assets/beyond/arts/entity/actor/girl/yvonne/models/sk_actor_yvonne_01.fbx##s_actor_yvonne_brow_01_lod3,,,,15512,33659,main/234fe90d2a5aef1b8a289172.ab,,
chr_0017_yvonne,yvonne,Girl,model_asset,,assets/beyond/arts/entity/actor/girl/yvonne/models/sk_actor_yvonne_01.fbx##s_actor_yvonne_cloth_01_lod0,,,,5208553,33659,main/234fe90d2a5aef1b8a289172.ab,,
chr_0017_yvonne,yvonne,Girl,model_asset,,assets/beyond/arts/entity/actor/girl/yvonne/models/sk_actor_yvonne_01.fbx##s_actor_yvonne_cloth_01_lod1,,,,2533361,33659,main/234fe90d2a5aef1b8a289172.ab,,
chr_0017_yvonne,yvonne,Girl,model_asset,,assets/beyond/arts/entity/actor/girl/yvonne/models/sk_actor_yvonne_01.fbx##s_actor_yvonne_cloth_01_lod2,,,,1200777,33659,main/234fe90d2a5aef1b8a289172.ab,,
chr_0017_yvonne,yvonne,Girl,model_asset,,assets/beyond/arts/entity/actor/girl/yvonne/models/sk_actor_yvonne_01.fbx##s_actor_yvonne_cloth_01_lod3,,,,481685,33659,main/234fe90d2a5aef1b8a289172.ab,,
chr_0017_yvonne,yvonne,Girl,model_asset,,assets/beyond/arts/entity/actor/girl/yvonne/models/sk_actor_yvonne_01.fbx##s_actor_yvonne_cloth_02_lod0,,,,800341,33659,main/234fe90d2a5aef1b8a289172.ab,,
chr_0017_yvonne,yvonne,Girl,model_asset,,assets/beyond/arts/entity/actor/girl/yvonne/models/sk_actor_yvonne_01.fbx##s_actor_yvonne_cloth_02_lod1,,,,297853,33659,main/234fe90d2a5aef1b8a289172.ab,,
chr_0017_yvonne,yvonne,Girl,model_asset,,assets/beyond/arts/entity/actor/girl/yvonne/models/sk_actor_yvonne_01.fbx##s_actor_yvonne_cloth_02_lod2,,,,233581,33659,main/234fe90d2a5aef1b8a289172.ab,,
chr_0017_yvonne,yvonne,Girl,model_asset,,assets/beyond/arts/entity/actor/girl/yvonne/models/sk_actor_yvonne_01.fbx##s_actor_yvonne_cloth_02_lod3,,,,83937,33659,main/234fe90d2a5aef1b8a289172.ab,,
chr_0017_yvonne,yvonne,Girl,model_asset,,assets/beyond/arts/entity/actor/girl/yvonne/models/sk_actor_yvonne_01.fbx##s_actor_yvonne_cloth_03_lod0,,,,255901,33659,main/234fe90d2a5aef1b8a289172.ab,,
chr_0017_yvonne,yvonne,Girl,model_asset,,assets/beyond/arts/entity/actor/girl/yvonne/models/sk_actor_yvonne_01.fbx##s_actor_yvonne_cloth_03_lod1,,,,80981,33659,main/234fe90d2a5aef1b8a289172.ab,,
chr_0017_yvonne,yvonne,Girl,model_asset,,assets/beyond/arts/entity/actor/girl/yvonne/models/sk_actor_yvonne_01.fbx##s_actor_yvonne_cloth_03_lod2,,,,30453,33659,main/234fe90d2a5aef1b8a289172.ab,,
chr_0017_yvonne,yvonne,Girl,model_asset,,assets/beyond/arts/entity/actor/girl/yvonne/models/sk_actor_yvonne_01.fbx##s_actor_yvonne_cloth_03_lod3,,,,14877,33659,main/234fe90d2a5aef1b8a289172.ab,,
chr_0017_yvonne,yvonne,Girl,model_asset,,assets/beyond/arts/entity/actor/girl/yvonne/models/sk_actor_yvonne_01.fbx##s_actor_yvonne_cloth_04_lod0,,,,179109,33659,main/234fe90d2a5aef1b8a289172.ab,,
chr_0017_yvonne,yvonne,Girl,model_asset,,assets/beyond/arts/entity/actor/girl/yvonne/models/sk_actor_yvonne_01.fbx##s_actor_yvonne_cloth_04_lod1,,,,128293,33659,main/234fe90d2a5aef1b8a289172.ab,,
chr_0017_yvonne,yvonne,Girl,model_asset,,assets/beyond/arts/entity/actor/girl/yvonne/models/sk_actor_yvonne_01.fbx##s_actor_yvonne_cloth_04_lod2,,,,75769,33659,main/234fe90d2a5aef1b8a289172.ab,,
chr_0017_yvonne,yvonne,Girl,model_asset,,assets/beyond/arts/entity/actor/girl/yvonne/models/sk_actor_yvonne_01.fbx##s_actor_yvonne_cloth_04_lod3,,,,49373,33659,main/234fe90d2a5aef1b8a289172.ab,,
chr_0017_yvonne,yvonne,Girl,model_asset,,assets/beyond/arts/entity/actor/girl/yvonne/models/sk_actor_yvonne_01.fbx##s_actor_yvonne_eyeshadow_01_lod0,,,,8129,33659,main/234fe90d2a5aef1b8a289172.ab,,
chr_0017_yvonne,yvonne,Girl,model_asset,,assets/beyond/arts/entity/actor/girl/yvonne/models/sk_actor_yvonne_01.fbx##s_actor_yvonne_eyeshadow_01_lod1,,,,8129,33659,main/234fe90d2a5aef1b8a289172.ab,,
chr_0017_yvonne,yvonne,Girl,model_asset,,assets/beyond/arts/entity/actor/girl/yvonne/models/sk_actor_yvonne_01.fbx##s_actor_yvonne_face_01_lod0,,,,242104,33659,main/234fe90d2a5aef1b8a289172.ab,,
chr_0017_yvonne,yvonne,Girl,model_asset,,assets/beyond/arts/entity/actor/girl/yvonne/models/sk_actor_yvonne_01.fbx##s_actor_yvonne_face_01_lod1,,,,242104,33659,main/234fe90d2a5aef1b8a289172.ab,,
chr_0017_yvonne,yvonne,Girl,model_asset,,assets/beyond/arts/entity/actor/girl/yvonne/models/sk_actor_yvonne_01.fbx##s_actor_yvonne_face_01_lod2,,,,125472,33659,main/234fe90d2a5aef1b8a289172.ab,,
chr_0017_yvonne,yvonne,Girl,model_asset,,assets/beyond/arts/entity/actor/girl/yvonne/models/sk_actor_yvonne_01.fbx##s_actor_yvonne_face_01_lod3,,,,41372,33659,main/234fe90d2a5aef1b8a289172.ab,,
chr_0017_yvonne,yvonne,Girl,model_asset,,assets/beyond/arts/entity/actor/girl/yvonne/models/sk_actor_yvonne_01.fbx##s_actor_yvonne_hair_01_lod0,,,,2865324,33659,main/234fe90d2a5aef1b8a289172.ab,,
chr_0017_yvonne,yvonne,Girl,model_asset,,assets/beyond/arts/entity/actor/girl/yvonne/models/sk_actor_yvonne_01.fbx##s_actor_yvonne_hair_01_lod1,,,,1496272,33659,main/234fe90d2a5aef1b8a289172.ab,,
chr_0017_yvonne,yvonne,Girl,model_asset,,assets/beyond/arts/entity/actor/girl/yvonne/models/sk_actor_yvonne_01.fbx##s_actor_yvonne_hair_01_lod2,,,,819396,33659,main/234fe90d2a5aef1b8a289172.ab,,
chr_0017_yvonne,yvonne,Girl,model_asset,,assets/beyond/arts/entity/actor/girl/yvonne/models/sk_actor_yvonne_01.fbx##s_actor_yvonne_hair_01_lod3,,,,353748,33659,main/234fe90d2a5aef1b8a289172.ab,,
chr_0017_yvonne,yvonne,Girl,model_asset,,assets/beyond/arts/entity/actor/girl/yvonne/models/sk_actor_yvonne_01.fbx##s_actor_yvonne_hairshadow_01_lod0,,,,42870,33659,main/234fe90d2a5aef1b8a289172.ab,,
chr_0017_yvonne,yvonne,Girl,model_asset,,assets/beyond/arts/entity/actor/girl/yvonne/models/sk_actor_yvonne_01.fbx##s_actor_yvonne_hairshadow_01_lod1,,,,39006,33659,main/234fe90d2a5aef1b8a289172.ab,,
chr_0017_yvonne,yvonne,Girl,model_asset,,assets/beyond/arts/entity/actor/girl/yvonne/models/sk_actor_yvonne_01.fbx##s_actor_yvonne_iris_01_lod0,,,,33212,33659,main/234fe90d2a5aef1b8a289172.ab,,
chr_0017_yvonne,yvonne,Girl,model_asset,,assets/beyond/arts/entity/actor/girl/yvonne/models/sk_actor_yvonne_01.fbx##s_actor_yvonne_iris_01_lod1,,,,33212,33659,main/234fe90d2a5aef1b8a289172.ab,,
chr_0017_yvonne,yvonne,Girl,model_asset,,assets/beyond/arts/entity/actor/girl/yvonne/models/sk_actor_yvonne_01.fbx##s_actor_yvonne_iris_01_lod2,,,,21880,33659,main/234fe90d2a5aef1b8a289172.ab,,
chr_0017_yvonne,yvonne,Girl,model_asset,,assets/beyond/arts/entity/actor/girl/yvonne/models/sk_actor_yvonne_01.fbx##s_actor_yvonne_iris_01_lod3,,,,5552,33659,main/234fe90d2a5aef1b8a289172.ab,,
chr_0017_yvonne,yvonne,Girl,model_asset,,assets/beyond/arts/entity/actor/girl/yvonne/models/sk_actor_yvonne_01.fbx##s_actor_yvonne_vfxpart_01_lod0,,,,154227,33659,main/234fe90d2a5aef1b8a289172.ab,,
chr_0017_yvonne,yvonne,Girl,model_asset,,assets/beyond/arts/entity/actor/girl/yvonne/models/sk_actor_yvonne_01.fbx##s_actor_yvonne_vfxpart_01_lod1,,,,154227,33659,main/234fe90d2a5aef1b8a289172.ab,,
chr_0017_yvonne,yvonne,Girl,model_asset,,assets/beyond/arts/entity/actor/girl/yvonne/models/sk_actor_yvonne_01.fbx##s_actor_yvonne_vfxpart_01_lod2,,,,52011,33659,main/234fe90d2a5aef1b8a289172.ab,,
chr_0017_yvonne,yvonne,Girl,model_asset,,assets/beyond/arts/entity/actor/girl/yvonne/models/sk_actor_yvonne_01.fbx##s_actor_yvonne_vfxpart_01_lod3,,,,12771,33659,main/234fe90d2a5aef1b8a289172.ab,,
chr_0017_yvonne,yvonne,Girl,model_asset,,assets/beyond/arts/entity/actor/girl/yvonne/models/sk_actor_yvonne_01.fbx##sk_actor_yvonne_01avatar,,,,214331,33659,main/234fe90d2a5aef1b8a289172.ab,,
chr_0018_dapan,dapan,Panda,postmodel,chr_0018_dapan_postmodel,assets/beyond/dynamicassets/gameplay/actors/postmodels/characters/chr_0018_dapan_postmodel.prefab,assets/beyond/dynamicassets/gameplay/actors/postmodels/characters/chr_0018_dapan_postmodel.prefab,73710533890335563,0x0105DF570CBCE34B,520,145611,main/9c6bc644e8cdf8da07329190.ab,556427432065897770,0x07B8D3CD2792152A
chr_0018_dapan,dapan,Panda,model_asset,,assets/beyond/arts/entity/actor/panda/dapan/models/s_actor_dapan_body_01_lod0.asset,,,,996523,217985,main/ea80a0faaca6af66dd2f543a.ab,,
chr_0018_dapan,dapan,Panda,model_asset,,assets/beyond/arts/entity/actor/panda/dapan/models/s_actor_dapan_body_02_lod0.asset,,,,841015,32991,main/22982cb74d58a2abddb281fa.ab,,
chr_0018_dapan,dapan,Panda,model_asset,,assets/beyond/arts/entity/actor/panda/dapan/models/s_actor_dapan_cloth_01_lod0.asset,,,,3556244,53451,main/38cbcee74f943bb7f9b07995.ab,,
chr_0018_dapan,dapan,Panda,model_asset,,assets/beyond/arts/entity/actor/panda/dapan/models/s_actor_dapan_cloth_02_lod0.asset,,,,118140,16700,main/1111e1c5ed86ea0cdf074340.ab,,
chr_0018_dapan,dapan,Panda,model_asset,,assets/beyond/arts/entity/actor/panda/dapan/models/s_actor_dapan_cloth_03_lod0.asset,,,,35720,109155,main/74e8ab5e84be73d59d76284f.ab,,
chr_0018_dapan,dapan,Panda,model_asset,,assets/beyond/arts/entity/actor/panda/dapan/models/s_actor_dapan_fur_01_lod0_20.asset,,,,8720717,121420,main/8229be0fb51a0b11daf30117.ab,,
chr_0018_dapan,dapan,Panda,model_asset,,assets/beyond/arts/entity/actor/panda/dapan/models/s_actor_dapan_fur_01_lod1_8.asset,,,,2473852,38764,main/28e8d3d3576c8b286f7abe4f.ab,,
chr_0018_dapan,dapan,Panda,model_asset,,assets/beyond/arts/entity/actor/panda/dapan/models/s_actor_dapan_furcard_01_lod0.asset,,,,11605822,60867,main/40ba8c22b1c13887dda4cdff.ab,,
chr_0018_dapan,dapan,Panda,model_asset,,assets/beyond/arts/entity/actor/panda/dapan/models/sk_actor_dapan_01.fbx,,,,0,5015,main/04655f71e85f3baab3cb54c5.ab,,
chr_0018_dapan,dapan,Panda,model_asset,,assets/beyond/arts/entity/actor/panda/dapan/models/sk_actor_dapan_01.fbx,,,,0,5015,main/04655f71e85f3baab3cb54c5.ab,,
chr_0018_dapan,dapan,Panda,model_asset,,assets/beyond/arts/entity/actor/panda/dapan/models/sk_actor_dapan_01.fbx,,,,0,5015,main/04655f71e85f3baab3cb54c5.ab,,
chr_0018_dapan,dapan,Panda,model_asset,,assets/beyond/arts/entity/actor/panda/dapan/models/sk_actor_dapan_01.fbx,,,,0,5015,main/04655f71e85f3baab3cb54c5.ab,,
chr_0018_dapan,dapan,Panda,model_asset,,assets/beyond/arts/entity/actor/panda/dapan/models/sk_actor_dapan_01.fbx,,,,0,5015,main/04655f71e85f3baab3cb54c5.ab,,
chr_0018_dapan,dapan,Panda,model_asset,,assets/beyond/arts/entity/actor/panda/dapan/models/sk_actor_dapan_01.fbx,,,,0,5015,main/04655f71e85f3baab3cb54c5.ab,,
chr_0018_dapan,dapan,Panda,model_asset,,assets/beyond/arts/entity/actor/panda/dapan/models/sk_actor_dapan_01.fbx,,,,0,5015,main/04655f71e85f3baab3cb54c5.ab,,
chr_0018_dapan,dapan,Panda,model_asset,,assets/beyond/arts/entity/actor/panda/dapan/models/sk_actor_dapan_01.fbx,,,,0,5015,main/04655f71e85f3baab3cb54c5.ab,,
chr_0018_dapan,dapan,Panda,model_asset,,assets/beyond/arts/entity/actor/panda/dapan/models/sk_actor_dapan_01.fbx,,,,0,5015,main/04655f71e85f3baab3cb54c5.ab,,
chr_0018_dapan,dapan,Panda,model_asset,,assets/beyond/arts/entity/actor/panda/dapan/models/sk_actor_dapan_01.fbx,,,,0,5015,main/04655f71e85f3baab3cb54c5.ab,,
chr_0018_dapan,dapan,Panda,model_asset,,assets/beyond/arts/entity/actor/panda/dapan/models/sk_actor_dapan_01.fbx,,,,0,5015,main/04655f71e85f3baab3cb54c5.ab,,
chr_0018_dapan,dapan,Panda,model_asset,,assets/beyond/arts/entity/actor/panda/dapan/models/sk_actor_dapan_01.fbx,,,,0,5015,main/04655f71e85f3baab3cb54c5.ab,,
chr_0018_dapan,dapan,Panda,model_asset,,assets/beyond/arts/entity/actor/panda/dapan/models/sk_actor_dapan_01.fbx,,,,0,5015,main/04655f71e85f3baab3cb54c5.ab,,
chr_0018_dapan,dapan,Panda,model_asset,,assets/beyond/arts/entity/actor/panda/dapan/models/sk_actor_dapan_01.fbx,,,,0,5015,main/04655f71e85f3baab3cb54c5.ab,,
chr_0018_dapan,dapan,Panda,model_asset,,assets/beyond/arts/entity/actor/panda/dapan/models/sk_actor_dapan_01.fbx,,,,0,5015,main/04655f71e85f3baab3cb54c5.ab,,
chr_0018_dapan,dapan,Panda,model_asset,,assets/beyond/arts/entity/actor/panda/dapan/models/sk_actor_dapan_01.fbx,,,,0,5015,main/04655f71e85f3baab3cb54c5.ab,,
chr_0018_dapan,dapan,Panda,model_asset,,assets/beyond/arts/entity/actor/panda/dapan/models/sk_actor_dapan_01.fbx,,,,0,5015,main/04655f71e85f3baab3cb54c5.ab,,
chr_0018_dapan,dapan,Panda,model_asset,,assets/beyond/arts/entity/actor/panda/dapan/models/sk_actor_dapan_01.fbx,,,,0,5015,main/04655f71e85f3baab3cb54c5.ab,,
chr_0018_dapan,dapan,Panda,model_asset,,assets/beyond/arts/entity/actor/panda/dapan/models/sk_actor_dapan_01.fbx,,,,0,5015,main/04655f71e85f3baab3cb54c5.ab,,
chr_0018_dapan,dapan,Panda,model_asset,,assets/beyond/arts/entity/actor/panda/dapan/models/sk_actor_dapan_01.fbx,,,,0,5015,main/04655f71e85f3baab3cb54c5.ab,,
chr_0018_dapan,dapan,Panda,model_asset,,assets/beyond/arts/entity/actor/panda/dapan/models/sk_actor_dapan_01.fbx,,,,0,5015,main/04655f71e85f3baab3cb54c5.ab,,
chr_0018_dapan,dapan,Panda,model_asset,,assets/beyond/arts/entity/actor/panda/dapan/models/sk_actor_dapan_01.fbx,,,,0,5015,main/04655f71e85f3baab3cb54c5.ab,,
chr_0018_dapan,dapan,Panda,model_asset,,assets/beyond/arts/entity/actor/panda/dapan/models/sk_actor_dapan_01.fbx,,,,0,5015,main/04655f71e85f3baab3cb54c5.ab,,
chr_0018_dapan,dapan,Panda,model_asset,,assets/beyond/arts/entity/actor/panda/dapan/models/sk_actor_dapan_01.fbx,,,,0,5015,main/04655f71e85f3baab3cb54c5.ab,,
chr_0018_dapan,dapan,Panda,model_asset,,assets/beyond/arts/entity/actor/panda/dapan/models/sk_actor_dapan_01.fbx,,,,0,5015,main/04655f71e85f3baab3cb54c5.ab,,
chr_0018_dapan,dapan,Panda,model_asset,,assets/beyond/arts/entity/actor/panda/dapan/models/sk_actor_dapan_01.fbx,,,,0,5015,main/04655f71e85f3baab3cb54c5.ab,,
chr_0018_dapan,dapan,Panda,model_asset,,assets/beyond/arts/entity/actor/panda/dapan/models/sk_actor_dapan_01.fbx,,,,0,5015,main/04655f71e85f3baab3cb54c5.ab,,
chr_0018_dapan,dapan,Panda,model_asset,,assets/beyond/arts/entity/actor/panda/dapan/models/sk_actor_dapan_01.fbx,,,,0,5015,main/04655f71e85f3baab3cb54c5.ab,,
chr_0018_dapan,dapan,Panda,model_asset,,assets/beyond/arts/entity/actor/panda/dapan/models/sk_actor_dapan_01.fbx,,,,0,5015,main/04655f71e85f3baab3cb54c5.ab,,
chr_0018_dapan,dapan,Panda,model_asset,,assets/beyond/arts/entity/actor/panda/dapan/models/sk_actor_dapan_01.fbx,,,,0,5015,main/04655f71e85f3baab3cb54c5.ab,,
chr_0018_dapan,dapan,Panda,model_asset,,assets/beyond/arts/entity/actor/panda/dapan/models/sk_actor_dapan_01.fbx,,,,0,5015,main/04655f71e85f3baab3cb54c5.ab,,
chr_0018_dapan,dapan,Panda,model_asset,,assets/beyond/arts/entity/actor/panda/dapan/models/sk_actor_dapan_01.fbx,,,,0,5015,main/04655f71e85f3baab3cb54c5.ab,,
chr_0018_dapan,dapan,Panda,model_asset,,assets/beyond/arts/entity/actor/panda/dapan/models/sk_actor_dapan_01.fbx,,,,0,5015,main/04655f71e85f3baab3cb54c5.ab,,
chr_0018_dapan,dapan,Panda,model_asset,,assets/beyond/arts/entity/actor/panda/dapan/models/sk_actor_dapan_01.fbx,,,,0,5015,main/04655f71e85f3baab3cb54c5.ab,,
chr_0018_dapan,dapan,Panda,model_asset,,assets/beyond/arts/entity/actor/panda/dapan/models/sk_actor_dapan_01.fbx,,,,0,5015,main/04655f71e85f3baab3cb54c5.ab,,
chr_0018_dapan,dapan,Panda,model_asset,,assets/beyond/arts/entity/actor/panda/dapan/models/sk_actor_dapan_01.fbx,,,,0,5015,main/04655f71e85f3baab3cb54c5.ab,,
chr_0018_dapan,dapan,Panda,model_asset,,assets/beyond/arts/entity/actor/panda/dapan/models/sk_actor_dapan_01.fbx,,,,0,5015,main/04655f71e85f3baab3cb54c5.ab,,
chr_0018_dapan,dapan,Panda,model_asset,,assets/beyond/arts/entity/actor/panda/dapan/models/sk_actor_dapan_01.fbx,,,,0,5015,main/04655f71e85f3baab3cb54c5.ab,,
chr_0018_dapan,dapan,Panda,model_asset,,assets/beyond/arts/entity/actor/panda/dapan/models/sk_actor_dapan_01.fbx,,,,0,5015,main/04655f71e85f3baab3cb54c5.ab,,
chr_0018_dapan,dapan,Panda,model_asset,,assets/beyond/arts/entity/actor/panda/dapan/models/sk_actor_dapan_01.fbx##s_actor_dapan_body_01_lod0,,,,916379,5015,main/04655f71e85f3baab3cb54c5.ab,,
chr_0018_dapan,dapan,Panda,model_asset,,assets/beyond/arts/entity/actor/panda/dapan/models/sk_actor_dapan_01.fbx##s_actor_dapan_body_01_lod1,,,,770147,5015,main/04655f71e85f3baab3cb54c5.ab,,
chr_0018_dapan,dapan,Panda,model_asset,,assets/beyond/arts/entity/actor/panda/dapan/models/sk_actor_dapan_01.fbx##s_actor_dapan_body_01_lod2,,,,412387,5015,main/04655f71e85f3baab3cb54c5.ab,,
chr_0018_dapan,dapan,Panda,model_asset,,assets/beyond/arts/entity/actor/panda/dapan/models/sk_actor_dapan_01.fbx##s_actor_dapan_body_01_lod3,,,,302971,5015,main/04655f71e85f3baab3cb54c5.ab,,
chr_0018_dapan,dapan,Panda,model_asset,,assets/beyond/arts/entity/actor/panda/dapan/models/sk_actor_dapan_01.fbx##s_actor_dapan_body_01_lod4,,,,239003,5015,main/04655f71e85f3baab3cb54c5.ab,,
chr_0018_dapan,dapan,Panda,model_asset,,assets/beyond/arts/entity/actor/panda/dapan/models/sk_actor_dapan_01.fbx##s_actor_dapan_body_02_lod0,,,,773543,5015,main/04655f71e85f3baab3cb54c5.ab,,
chr_0018_dapan,dapan,Panda,model_asset,,assets/beyond/arts/entity/actor/panda/dapan/models/sk_actor_dapan_01.fbx##s_actor_dapan_body_02_lod1,,,,430319,5015,main/04655f71e85f3baab3cb54c5.ab,,
chr_0018_dapan,dapan,Panda,model_asset,,assets/beyond/arts/entity/actor/panda/dapan/models/sk_actor_dapan_01.fbx##s_actor_dapan_body_02_lod2,,,,397187,5015,main/04655f71e85f3baab3cb54c5.ab,,
chr_0018_dapan,dapan,Panda,model_asset,,assets/beyond/arts/entity/actor/panda/dapan/models/sk_actor_dapan_01.fbx##s_actor_dapan_cloth_01_lod0,,,,3252948,5015,main/04655f71e85f3baab3cb54c5.ab,,
chr_0018_dapan,dapan,Panda,model_asset,,assets/beyond/arts/entity/actor/panda/dapan/models/sk_actor_dapan_01.fbx##s_actor_dapan_cloth_01_lod1,,,,3252948,5015,main/04655f71e85f3baab3cb54c5.ab,,
chr_0018_dapan,dapan,Panda,model_asset,,assets/beyond/arts/entity/actor/panda/dapan/models/sk_actor_dapan_01.fbx##s_actor_dapan_cloth_01_lod2,,,,916464,5015,main/04655f71e85f3baab3cb54c5.ab,,
chr_0018_dapan,dapan,Panda,model_asset,,assets/beyond/arts/entity/actor/panda/dapan/models/sk_actor_dapan_01.fbx##s_actor_dapan_cloth_01_lod3,,,,375564,5015,main/04655f71e85f3baab3cb54c5.ab,,
chr_0018_dapan,dapan,Panda,model_asset,,assets/beyond/arts/entity/actor/panda/dapan/models/sk_actor_dapan_01.fbx##s_actor_dapan_cloth_01_lod4,,,,244648,5015,main/04655f71e85f3baab3cb54c5.ab,,
chr_0018_dapan,dapan,Panda,model_asset,,assets/beyond/arts/entity/actor/panda/dapan/models/sk_actor_dapan_01.fbx##s_actor_dapan_cloth_02_lod0,,,,105532,5015,main/04655f71e85f3baab3cb54c5.ab,,
chr_0018_dapan,dapan,Panda,model_asset,,assets/beyond/arts/entity/actor/panda/dapan/models/sk_actor_dapan_01.fbx##s_actor_dapan_cloth_02_lod1,,,,105532,5015,main/04655f71e85f3baab3cb54c5.ab,,
chr_0018_dapan,dapan,Panda,model_asset,,assets/beyond/arts/entity/actor/panda/dapan/models/sk_actor_dapan_01.fbx##s_actor_dapan_cloth_02_lod2,,,,32464,5015,main/04655f71e85f3baab3cb54c5.ab,,
chr_0018_dapan,dapan,Panda,model_asset,,assets/beyond/arts/entity/actor/panda/dapan/models/sk_actor_dapan_01.fbx##s_actor_dapan_cloth_02_lod3,,,,18128,5015,main/04655f71e85f3baab3cb54c5.ab,,
chr_0018_dapan,dapan,Panda,model_asset,,assets/beyond/arts/entity/actor/panda/dapan/models/sk_actor_dapan_01.fbx##s_actor_dapan_cloth_02_lod4,,,,18128,5015,main/04655f71e85f3baab3cb54c5.ab,,
chr_0018_dapan,dapan,Panda,model_asset,,assets/beyond/arts/entity/actor/panda/dapan/models/sk_actor_dapan_01.fbx##s_actor_dapan_cloth_03_lod0,,,,32072,5015,main/04655f71e85f3baab3cb54c5.ab,,
chr_0018_dapan,dapan,Panda,model_asset,,assets/beyond/arts/entity/actor/panda/dapan/models/sk_actor_dapan_01.fbx##s_actor_dapan_cloth_03_lod1,,,,32072,5015,main/04655f71e85f3baab3cb54c5.ab,,
chr_0018_dapan,dapan,Panda,model_asset,,assets/beyond/arts/entity/actor/panda/dapan/models/sk_actor_dapan_01.fbx##s_actor_dapan_cloth_03_lod2,,,,32072,5015,main/04655f71e85f3baab3cb54c5.ab,,
chr_0018_dapan,dapan,Panda,model_asset,,assets/beyond/arts/entity/actor/panda/dapan/models/sk_actor_dapan_01.fbx##s_actor_dapan_eyebrow_01_lod0,,,,31838,5015,main/04655f71e85f3baab3cb54c5.ab,,
chr_0018_dapan,dapan,Panda,model_asset,,assets/beyond/arts/entity/actor/panda/dapan/models/sk_actor_dapan_01.fbx##s_actor_dapan_eyebrow_01_lod1,,,,31838,5015,main/04655f71e85f3baab3cb54c5.ab,,
chr_0018_dapan,dapan,Panda,model_asset,,assets/beyond/arts/entity/actor/panda/dapan/models/sk_actor_dapan_01.fbx##s_actor_dapan_eyebrow_01_lod2,,,,31838,5015,main/04655f71e85f3baab3cb54c5.ab,,
chr_0018_dapan,dapan,Panda,model_asset,,assets/beyond/arts/entity/actor/panda/dapan/models/sk_actor_dapan_01.fbx##s_actor_dapan_eyebrow_01_lod3,,,,8522,5015,main/04655f71e85f3baab3cb54c5.ab,,
chr_0018_dapan,dapan,Panda,model_asset,,assets/beyond/arts/entity/actor/panda/dapan/models/sk_actor_dapan_01.fbx##s_actor_dapan_fur_01_lod0,,,,348754,5015,main/04655f71e85f3baab3cb54c5.ab,,
chr_0018_dapan,dapan,Panda,model_asset,,assets/beyond/arts/entity/actor/panda/dapan/models/sk_actor_dapan_01.fbx##s_actor_dapan_fur_01_lod1,,,,249106,5015,main/04655f71e85f3baab3cb54c5.ab,,
chr_0018_dapan,dapan,Panda,model_asset,,assets/beyond/arts/entity/actor/panda/dapan/models/sk_actor_dapan_01.fbx##s_actor_dapan_fur_01_lod2,,,,184770,5015,main/04655f71e85f3baab3cb54c5.ab,,
chr_0018_dapan,dapan,Panda,model_asset,,assets/beyond/arts/entity/actor/panda/dapan/models/sk_actor_dapan_01.fbx##s_actor_dapan_fur_01_lod3,,,,180826,5015,main/04655f71e85f3baab3cb54c5.ab,,
chr_0018_dapan,dapan,Panda,model_asset,,assets/beyond/arts/entity/actor/panda/dapan/models/sk_actor_dapan_01.fbx##s_actor_dapan_fur_01_lod4,,,,106334,5015,main/04655f71e85f3baab3cb54c5.ab,,
chr_0018_dapan,dapan,Panda,model_asset,,assets/beyond/arts/entity/actor/panda/dapan/models/sk_actor_dapan_01.fbx##s_actor_dapan_furcard_01_lod0,,,,10769614,5015,main/04655f71e85f3baab3cb54c5.ab,,
chr_0018_dapan,dapan,Panda,model_asset,,assets/beyond/arts/entity/actor/panda/dapan/models/sk_actor_dapan_01.fbx##s_actor_dapan_furcard_01_lod1,,,,6256322,5015,main/04655f71e85f3baab3cb54c5.ab,,
chr_0018_dapan,dapan,Panda,model_asset,,assets/beyond/arts/entity/actor/panda/dapan/models/sk_actor_dapan_01.fbx##s_actor_dapan_furcard_01_lod2,,,,4305490,5015,main/04655f71e85f3baab3cb54c5.ab,,
chr_0018_dapan,dapan,Panda,model_asset,,assets/beyond/arts/entity/actor/panda/dapan/models/sk_actor_dapan_01.fbx##s_actor_dapan_furcard_01_lod3,,,,2288594,5015,main/04655f71e85f3baab3cb54c5.ab,,
chr_0018_dapan,dapan,Panda,model_asset,,assets/beyond/arts/entity/actor/panda/dapan/models/sk_actor_dapan_01.fbx##s_actor_dapan_iris_01_lod0,,,,58899,5015,main/04655f71e85f3baab3cb54c5.ab,,
chr_0018_dapan,dapan,Panda,model_asset,,assets/beyond/arts/entity/actor/panda/dapan/models/sk_actor_dapan_01.fbx##s_actor_dapan_iris_01_lod1,,,,58899,5015,main/04655f71e85f3baab3cb54c5.ab,,
chr_0018_dapan,dapan,Panda,model_asset,,assets/beyond/arts/entity/actor/panda/dapan/models/sk_actor_dapan_01.fbx##s_actor_dapan_iris_01_lod2,,,,58899,5015,main/04655f71e85f3baab3cb54c5.ab,,
chr_0018_dapan,dapan,Panda,model_asset,,assets/beyond/arts/entity/actor/panda/dapan/models/sk_actor_dapan_01.fbx##s_actor_dapan_iris_01_lod3,,,,10055,5015,main/04655f71e85f3baab3cb54c5.ab,,
chr_0018_dapan,dapan,Panda,model_asset,,assets/beyond/arts/entity/actor/panda/dapan/models/sk_actor_dapan_01.fbx##sk_actor_dapan_01avatar,,,,166229,5015,main/04655f71e85f3baab3cb54c5.ab,,
chr_0019_karin,karin,Girl,postmodel,chr_0019_karin_postmodel,assets/beyond/dynamicassets/gameplay/actors/postmodels/characters/chr_0019_karin_postmodel.prefab,assets/beyond/dynamicassets/gameplay/actors/postmodels/characters/chr_0019_karin_postmodel.prefab,634270053219792775,0x08CD6140BDD57787,520,2294,main/0163a60ae303ab2cf0fc1807.ab,786797007458769749,0x0AEB43B5ABEB9B55
chr_0019_karin,karin,Girl,model_asset,,assets/beyond/arts/entity/actor/girl/karin/models/s_actor_karin_body_01_lod0.asset,,,,416391,193090,main/cf9a2d9c507ac4d3a7f98a17.ab,,
chr_0019_karin,karin,Girl,model_asset,,assets/beyond/arts/entity/actor/girl/karin/models/s_actor_karin_cloth_01_lod0.asset,,,,5045608,46101,main/30c8d81025ddc796ae61d5a4.ab,,
chr_0019_karin,karin,Girl,model_asset,,assets/beyond/arts/entity/actor/girl/karin/models/s_actor_karin_cloth_02_lod0.asset,,,,19268,111284,main/772da14faf85e7cadb1c5161.ab,,
chr_0019_karin,karin,Girl,model_asset,,assets/beyond/arts/entity/actor/girl/karin/models/s_actor_karin_face_01_lod0.asset,,,,304019,165733,main/b21869febac3b5a1adc3c648.ab,,
chr_0019_karin,karin,Girl,model_asset,,assets/beyond/arts/entity/actor/girl/karin/models/s_actor_karin_fur_01_lod0_20.asset,,,,1833333,58704,main/3e6366e5122498a002d8271f.ab,,
chr_0019_karin,karin,Girl,model_asset,,assets/beyond/arts/entity/actor/girl/karin/models/s_actor_karin_fur_01_lod1_8.asset,,,,465428,23887,main/18c0ed3ae67882aaa88d911c.ab,,
chr_0019_karin,karin,Girl,model_asset,,assets/beyond/arts/entity/actor/girl/karin/models/s_actor_karin_hair_01_lod0.asset,,,,1537535,205989,main/dd8e724859d136ba5968e391.ab,,
chr_0019_karin,karin,Girl,model_asset,,assets/beyond/arts/entity/actor/girl/karin/models/sk_actor_karin_01.fbx,,,,0,194099,main/d0ab3ad81134d54bce0dce07.ab,,
chr_0019_karin,karin,Girl,model_asset,,assets/beyond/arts/entity/actor/girl/karin/models/sk_actor_karin_01.fbx,,,,0,194099,main/d0ab3ad81134d54bce0dce07.ab,,
chr_0019_karin,karin,Girl,model_asset,,assets/beyond/arts/entity/actor/girl/karin/models/sk_actor_karin_01.fbx,,,,0,194099,main/d0ab3ad81134d54bce0dce07.ab,,
chr_0019_karin,karin,Girl,model_asset,,assets/beyond/arts/entity/actor/girl/karin/models/sk_actor_karin_01.fbx,,,,0,194099,main/d0ab3ad81134d54bce0dce07.ab,,
chr_0019_karin,karin,Girl,model_asset,,assets/beyond/arts/entity/actor/girl/karin/models/sk_actor_karin_01.fbx,,,,0,194099,main/d0ab3ad81134d54bce0dce07.ab,,
chr_0019_karin,karin,Girl,model_asset,,assets/beyond/arts/entity/actor/girl/karin/models/sk_actor_karin_01.fbx,,,,0,194099,main/d0ab3ad81134d54bce0dce07.ab,,
chr_0019_karin,karin,Girl,model_asset,,assets/beyond/arts/entity/actor/girl/karin/models/sk_actor_karin_01.fbx,,,,0,194099,main/d0ab3ad81134d54bce0dce07.ab,,
chr_0019_karin,karin,Girl,model_asset,,assets/beyond/arts/entity/actor/girl/karin/models/sk_actor_karin_01.fbx,,,,0,194099,main/d0ab3ad81134d54bce0dce07.ab,,
chr_0019_karin,karin,Girl,model_asset,,assets/beyond/arts/entity/actor/girl/karin/models/sk_actor_karin_01.fbx,,,,0,194099,main/d0ab3ad81134d54bce0dce07.ab,,
chr_0019_karin,karin,Girl,model_asset,,assets/beyond/arts/entity/actor/girl/karin/models/sk_actor_karin_01.fbx,,,,0,194099,main/d0ab3ad81134d54bce0dce07.ab,,
chr_0019_karin,karin,Girl,model_asset,,assets/beyond/arts/entity/actor/girl/karin/models/sk_actor_karin_01.fbx,,,,0,194099,main/d0ab3ad81134d54bce0dce07.ab,,
chr_0019_karin,karin,Girl,model_asset,,assets/beyond/arts/entity/actor/girl/karin/models/sk_actor_karin_01.fbx,,,,0,194099,main/d0ab3ad81134d54bce0dce07.ab,,
chr_0019_karin,karin,Girl,model_asset,,assets/beyond/arts/entity/actor/girl/karin/models/sk_actor_karin_01.fbx,,,,0,194099,main/d0ab3ad81134d54bce0dce07.ab,,
chr_0019_karin,karin,Girl,model_asset,,assets/beyond/arts/entity/actor/girl/karin/models/sk_actor_karin_01.fbx,,,,0,194099,main/d0ab3ad81134d54bce0dce07.ab,,
chr_0019_karin,karin,Girl,model_asset,,assets/beyond/arts/entity/actor/girl/karin/models/sk_actor_karin_01.fbx,,,,0,194099,main/d0ab3ad81134d54bce0dce07.ab,,
chr_0019_karin,karin,Girl,model_asset,,assets/beyond/arts/entity/actor/girl/karin/models/sk_actor_karin_01.fbx,,,,0,194099,main/d0ab3ad81134d54bce0dce07.ab,,
chr_0019_karin,karin,Girl,model_asset,,assets/beyond/arts/entity/actor/girl/karin/models/sk_actor_karin_01.fbx,,,,0,194099,main/d0ab3ad81134d54bce0dce07.ab,,
chr_0019_karin,karin,Girl,model_asset,,assets/beyond/arts/entity/actor/girl/karin/models/sk_actor_karin_01.fbx,,,,0,194099,main/d0ab3ad81134d54bce0dce07.ab,,
chr_0019_karin,karin,Girl,model_asset,,assets/beyond/arts/entity/actor/girl/karin/models/sk_actor_karin_01.fbx,,,,0,194099,main/d0ab3ad81134d54bce0dce07.ab,,
chr_0019_karin,karin,Girl,model_asset,,assets/beyond/arts/entity/actor/girl/karin/models/sk_actor_karin_01.fbx,,,,0,194099,main/d0ab3ad81134d54bce0dce07.ab,,
chr_0019_karin,karin,Girl,model_asset,,assets/beyond/arts/entity/actor/girl/karin/models/sk_actor_karin_01.fbx,,,,0,194099,main/d0ab3ad81134d54bce0dce07.ab,,
chr_0019_karin,karin,Girl,model_asset,,assets/beyond/arts/entity/actor/girl/karin/models/sk_actor_karin_01.fbx,,,,0,194099,main/d0ab3ad81134d54bce0dce07.ab,,
chr_0019_karin,karin,Girl,model_asset,,assets/beyond/arts/entity/actor/girl/karin/models/sk_actor_karin_01.fbx,,,,0,194099,main/d0ab3ad81134d54bce0dce07.ab,,
chr_0019_karin,karin,Girl,model_asset,,assets/beyond/arts/entity/actor/girl/karin/models/sk_actor_karin_01.fbx,,,,0,194099,main/d0ab3ad81134d54bce0dce07.ab,,
chr_0019_karin,karin,Girl,model_asset,,assets/beyond/arts/entity/actor/girl/karin/models/sk_actor_karin_01.fbx,,,,0,194099,main/d0ab3ad81134d54bce0dce07.ab,,
chr_0019_karin,karin,Girl,model_asset,,assets/beyond/arts/entity/actor/girl/karin/models/sk_actor_karin_01.fbx,,,,0,194099,main/d0ab3ad81134d54bce0dce07.ab,,
chr_0019_karin,karin,Girl,model_asset,,assets/beyond/arts/entity/actor/girl/karin/models/sk_actor_karin_01.fbx,,,,0,194099,main/d0ab3ad81134d54bce0dce07.ab,,
chr_0019_karin,karin,Girl,model_asset,,assets/beyond/arts/entity/actor/girl/karin/models/sk_actor_karin_01.fbx,,,,0,194099,main/d0ab3ad81134d54bce0dce07.ab,,
chr_0019_karin,karin,Girl,model_asset,,assets/beyond/arts/entity/actor/girl/karin/models/sk_actor_karin_01.fbx,,,,0,194099,main/d0ab3ad81134d54bce0dce07.ab,,
chr_0019_karin,karin,Girl,model_asset,,assets/beyond/arts/entity/actor/girl/karin/models/sk_actor_karin_01.fbx,,,,0,194099,main/d0ab3ad81134d54bce0dce07.ab,,
chr_0019_karin,karin,Girl,model_asset,,assets/beyond/arts/entity/actor/girl/karin/models/sk_actor_karin_01.fbx,,,,0,194099,main/d0ab3ad81134d54bce0dce07.ab,,
chr_0019_karin,karin,Girl,model_asset,,assets/beyond/arts/entity/actor/girl/karin/models/sk_actor_karin_01.fbx,,,,0,194099,main/d0ab3ad81134d54bce0dce07.ab,,
chr_0019_karin,karin,Girl,model_asset,,assets/beyond/arts/entity/actor/girl/karin/models/sk_actor_karin_01.fbx,,,,0,194099,main/d0ab3ad81134d54bce0dce07.ab,,
chr_0019_karin,karin,Girl,model_asset,,assets/beyond/arts/entity/actor/girl/karin/models/sk_actor_karin_01.fbx,,,,0,194099,main/d0ab3ad81134d54bce0dce07.ab,,
chr_0019_karin,karin,Girl,model_asset,,assets/beyond/arts/entity/actor/girl/karin/models/sk_actor_karin_01.fbx,,,,0,194099,main/d0ab3ad81134d54bce0dce07.ab,,
chr_0019_karin,karin,Girl,model_asset,,assets/beyond/arts/entity/actor/girl/karin/models/sk_actor_karin_01.fbx,,,,0,194099,main/d0ab3ad81134d54bce0dce07.ab,,
chr_0019_karin,karin,Girl,model_asset,,assets/beyond/arts/entity/actor/girl/karin/models/sk_actor_karin_01.fbx,,,,0,194099,main/d0ab3ad81134d54bce0dce07.ab,,
chr_0019_karin,karin,Girl,model_asset,,assets/beyond/arts/entity/actor/girl/karin/models/sk_actor_karin_01.fbx,,,,0,194099,main/d0ab3ad81134d54bce0dce07.ab,,
chr_0019_karin,karin,Girl,model_asset,,assets/beyond/arts/entity/actor/girl/karin/models/sk_actor_karin_01.fbx,,,,0,194099,main/d0ab3ad81134d54bce0dce07.ab,,
chr_0019_karin,karin,Girl,model_asset,,assets/beyond/arts/entity/actor/girl/karin/models/sk_actor_karin_01.fbx##s_actor_karin_body_01_lod0,,,,382615,194099,main/d0ab3ad81134d54bce0dce07.ab,,
chr_0019_karin,karin,Girl,model_asset,,assets/beyond/arts/entity/actor/girl/karin/models/sk_actor_karin_01.fbx##s_actor_karin_body_01_lod1,,,,301531,194099,main/d0ab3ad81134d54bce0dce07.ab,,
chr_0019_karin,karin,Girl,model_asset,,assets/beyond/arts/entity/actor/girl/karin/models/sk_actor_karin_01.fbx##s_actor_karin_body_01_lod2,,,,173235,194099,main/d0ab3ad81134d54bce0dce07.ab,,
chr_0019_karin,karin,Girl,model_asset,,assets/beyond/arts/entity/actor/girl/karin/models/sk_actor_karin_01.fbx##s_actor_karin_body_01_lod3,,,,59227,194099,main/d0ab3ad81134d54bce0dce07.ab,,
chr_0019_karin,karin,Girl,model_asset,,assets/beyond/arts/entity/actor/girl/karin/models/sk_actor_karin_01.fbx##s_actor_karin_brow_01_lod0,,,,56123,194099,main/d0ab3ad81134d54bce0dce07.ab,,
chr_0019_karin,karin,Girl,model_asset,,assets/beyond/arts/entity/actor/girl/karin/models/sk_actor_karin_01.fbx##s_actor_karin_brow_01_lod1,,,,56123,194099,main/d0ab3ad81134d54bce0dce07.ab,,
chr_0019_karin,karin,Girl,model_asset,,assets/beyond/arts/entity/actor/girl/karin/models/sk_actor_karin_01.fbx##s_actor_karin_brow_01_lod2,,,,40015,194099,main/d0ab3ad81134d54bce0dce07.ab,,
chr_0019_karin,karin,Girl,model_asset,,assets/beyond/arts/entity/actor/girl/karin/models/sk_actor_karin_01.fbx##s_actor_karin_brow_01_lod3,,,,15615,194099,main/d0ab3ad81134d54bce0dce07.ab,,
chr_0019_karin,karin,Girl,model_asset,,assets/beyond/arts/entity/actor/girl/karin/models/sk_actor_karin_01.fbx##s_actor_karin_cloth_01_lod0,,,,4616424,194099,main/d0ab3ad81134d54bce0dce07.ab,,
chr_0019_karin,karin,Girl,model_asset,,assets/beyond/arts/entity/actor/girl/karin/models/sk_actor_karin_01.fbx##s_actor_karin_cloth_01_lod1,,,,2942188,194099,main/d0ab3ad81134d54bce0dce07.ab,,
chr_0019_karin,karin,Girl,model_asset,,assets/beyond/arts/entity/actor/girl/karin/models/sk_actor_karin_01.fbx##s_actor_karin_cloth_01_lod2,,,,1533564,194099,main/d0ab3ad81134d54bce0dce07.ab,,
chr_0019_karin,karin,Girl,model_asset,,assets/beyond/arts/entity/actor/girl/karin/models/sk_actor_karin_01.fbx##s_actor_karin_cloth_01_lod3,,,,625380,194099,main/d0ab3ad81134d54bce0dce07.ab,,
chr_0019_karin,karin,Girl,model_asset,,assets/beyond/arts/entity/actor/girl/karin/models/sk_actor_karin_01.fbx##s_actor_karin_cloth_02_lod0,,,,17940,194099,main/d0ab3ad81134d54bce0dce07.ab,,
chr_0019_karin,karin,Girl,model_asset,,assets/beyond/arts/entity/actor/girl/karin/models/sk_actor_karin_01.fbx##s_actor_karin_cloth_02_lod1,,,,17940,194099,main/d0ab3ad81134d54bce0dce07.ab,,
chr_0019_karin,karin,Girl,model_asset,,assets/beyond/arts/entity/actor/girl/karin/models/sk_actor_karin_01.fbx##s_actor_karin_cloth_02_lod2,,,,17940,194099,main/d0ab3ad81134d54bce0dce07.ab,,
chr_0019_karin,karin,Girl,model_asset,,assets/beyond/arts/entity/actor/girl/karin/models/sk_actor_karin_01.fbx##s_actor_karin_eyeshadow_01_lod0,,,,7972,194099,main/d0ab3ad81134d54bce0dce07.ab,,
chr_0019_karin,karin,Girl,model_asset,,assets/beyond/arts/entity/actor/girl/karin/models/sk_actor_karin_01.fbx##s_actor_karin_eyeshadow_01_lod1,,,,7972,194099,main/d0ab3ad81134d54bce0dce07.ab,,
chr_0019_karin,karin,Girl,model_asset,,assets/beyond/arts/entity/actor/girl/karin/models/sk_actor_karin_01.fbx##s_actor_karin_eyeshadow_01_lod2,,,,5020,194099,main/d0ab3ad81134d54bce0dce07.ab,,
chr_0019_karin,karin,Girl,model_asset,,assets/beyond/arts/entity/actor/girl/karin/models/sk_actor_karin_01.fbx##s_actor_karin_eyeshadow_01_lod3,,,,3980,194099,main/d0ab3ad81134d54bce0dce07.ab,,
chr_0019_karin,karin,Girl,model_asset,,assets/beyond/arts/entity/actor/girl/karin/models/sk_actor_karin_01.fbx##s_actor_karin_face_01_lod0,,,,279779,194099,main/d0ab3ad81134d54bce0dce07.ab,,
chr_0019_karin,karin,Girl,model_asset,,assets/beyond/arts/entity/actor/girl/karin/models/sk_actor_karin_01.fbx##s_actor_karin_face_01_lod1,,,,276915,194099,main/d0ab3ad81134d54bce0dce07.ab,,
chr_0019_karin,karin,Girl,model_asset,,assets/beyond/arts/entity/actor/girl/karin/models/sk_actor_karin_01.fbx##s_actor_karin_face_01_lod2,,,,92667,194099,main/d0ab3ad81134d54bce0dce07.ab,,
chr_0019_karin,karin,Girl,model_asset,,assets/beyond/arts/entity/actor/girl/karin/models/sk_actor_karin_01.fbx##s_actor_karin_face_01_lod3,,,,28223,194099,main/d0ab3ad81134d54bce0dce07.ab,,
chr_0019_karin,karin,Girl,model_asset,,assets/beyond/arts/entity/actor/girl/karin/models/sk_actor_karin_01.fbx##s_actor_karin_fur_01_lod0,,,,74322,194099,main/d0ab3ad81134d54bce0dce07.ab,,
chr_0019_karin,karin,Girl,model_asset,,assets/beyond/arts/entity/actor/girl/karin/models/sk_actor_karin_01.fbx##s_actor_karin_fur_01_lod1,,,,48082,194099,main/d0ab3ad81134d54bce0dce07.ab,,
chr_0019_karin,karin,Girl,model_asset,,assets/beyond/arts/entity/actor/girl/karin/models/sk_actor_karin_01.fbx##s_actor_karin_fur_01_lod2,,,,43442,194099,main/d0ab3ad81134d54bce0dce07.ab,,
chr_0019_karin,karin,Girl,model_asset,,assets/beyond/arts/entity/actor/girl/karin/models/sk_actor_karin_01.fbx##s_actor_karin_fur_01_lod3,,,,25050,194099,main/d0ab3ad81134d54bce0dce07.ab,,
chr_0019_karin,karin,Girl,model_asset,,assets/beyond/arts/entity/actor/girl/karin/models/sk_actor_karin_01.fbx##s_actor_karin_hair_01_lod0,,,,1409471,194099,main/d0ab3ad81134d54bce0dce07.ab,,
chr_0019_karin,karin,Girl,model_asset,,assets/beyond/arts/entity/actor/girl/karin/models/sk_actor_karin_01.fbx##s_actor_karin_hair_01_lod1,,,,1022515,194099,main/d0ab3ad81134d54bce0dce07.ab,,
chr_0019_karin,karin,Girl,model_asset,,assets/beyond/arts/entity/actor/girl/karin/models/sk_actor_karin_01.fbx##s_actor_karin_hair_01_lod2,,,,546459,194099,main/d0ab3ad81134d54bce0dce07.ab,,
chr_0019_karin,karin,Girl,model_asset,,assets/beyond/arts/entity/actor/girl/karin/models/sk_actor_karin_01.fbx##s_actor_karin_hair_01_lod3,,,,261311,194099,main/d0ab3ad81134d54bce0dce07.ab,,
chr_0019_karin,karin,Girl,model_asset,,assets/beyond/arts/entity/actor/girl/karin/models/sk_actor_karin_01.fbx##s_actor_karin_hairshadow_01_lod0,,,,14125,194099,main/d0ab3ad81134d54bce0dce07.ab,,
chr_0019_karin,karin,Girl,model_asset,,assets/beyond/arts/entity/actor/girl/karin/models/sk_actor_karin_01.fbx##s_actor_karin_hairshadow_01_lod1,,,,14125,194099,main/d0ab3ad81134d54bce0dce07.ab,,
chr_0019_karin,karin,Girl,model_asset,,assets/beyond/arts/entity/actor/girl/karin/models/sk_actor_karin_01.fbx##s_actor_karin_hairshadow_01_lod2,,,,11661,194099,main/d0ab3ad81134d54bce0dce07.ab,,
chr_0019_karin,karin,Girl,model_asset,,assets/beyond/arts/entity/actor/girl/karin/models/sk_actor_karin_01.fbx##s_actor_karin_iris_01_lod0,,,,21035,194099,main/d0ab3ad81134d54bce0dce07.ab,,
chr_0019_karin,karin,Girl,model_asset,,assets/beyond/arts/entity/actor/girl/karin/models/sk_actor_karin_01.fbx##s_actor_karin_iris_01_lod1,,,,21035,194099,main/d0ab3ad81134d54bce0dce07.ab,,
chr_0019_karin,karin,Girl,model_asset,,assets/beyond/arts/entity/actor/girl/karin/models/sk_actor_karin_01.fbx##s_actor_karin_iris_01_lod2,,,,9759,194099,main/d0ab3ad81134d54bce0dce07.ab,,
chr_0019_karin,karin,Girl,model_asset,,assets/beyond/arts/entity/actor/girl/karin/models/sk_actor_karin_01.fbx##s_actor_karin_iris_01_lod3,,,,4127,194099,main/d0ab3ad81134d54bce0dce07.ab,,
chr_0019_karin,karin,Girl,model_asset,,assets/beyond/arts/entity/actor/girl/karin/models/sk_actor_karin_01.fbx##sk_actor_karin_01avatar,,,,160880,194099,main/d0ab3ad81134d54bce0dce07.ab,,
chr_0020_meurs,meurs,Boy,postmodel,chr_0020_meurs_postmodel,assets/beyond/dynamicassets/gameplay/actors/postmodels/characters/chr_0020_meurs_postmodel.prefab,assets/beyond/dynamicassets/gameplay/actors/postmodels/characters/chr_0020_meurs_postmodel.prefab,838461048798110932,0x0BA2CFE1AB9CE4D4,520,128153,main/895dc307638f3c2c6e6dd110.ab,39810673948204397,0x008D6F98D6F39D6D
chr_0020_meurs,meurs,Boy,model_asset,,assets/beyond/arts/entity/actor/boy/meurs/models/s_actor_meurs_body_01_lod0.asset,,,,434563,128774,main/8a119d6ff7ed3e66803691d7.ab,,
chr_0020_meurs,meurs,Boy,model_asset,,assets/beyond/arts/entity/actor/boy/meurs/models/s_actor_meurs_cloth_01_lod0.asset,,,,3347408,143387,main/99f6ca949670d839ed72016c.ab,,
chr_0020_meurs,meurs,Boy,model_asset,,assets/beyond/arts/entity/actor/boy/meurs/models/s_actor_meurs_cloth_02_lod0.asset,,,,2093340,61897,main/41c594cd3301e1e997b90c95.ab,,
chr_0020_meurs,meurs,Boy,model_asset,,assets/beyond/arts/entity/actor/boy/meurs/models/s_actor_meurs_cloth_03_lod0.asset,,,,13920,33076,main/22ac87ce308cd05ed25c4178.ab,,
chr_0020_meurs,meurs,Boy,model_asset,,assets/beyond/arts/entity/actor/boy/meurs/models/s_actor_meurs_cloth_04_lod0.asset,,,,15932,213276,main/e56fcec18d99759e1fbb3c55.ab,,
chr_0020_meurs,meurs,Boy,model_asset,,assets/beyond/arts/entity/actor/boy/meurs/models/s_actor_meurs_face_01_lod0.asset,,,,343063,236629,main/fec53e75a4307f2946a15e2b.ab,,
chr_0020_meurs,meurs,Boy,model_asset,,assets/beyond/arts/entity/actor/boy/meurs/models/s_actor_meurs_hair_01_lod0.asset,,,,1494355,21689,main/16616b92dd88b4a3de726d28.ab,,
chr_0020_meurs,meurs,Boy,model_asset,,assets/beyond/arts/entity/actor/boy/meurs/models/s_actor_meurs_hair_02_lod0.asset,,,,419051,215903,main/e833cd85a5bd26aa580d2f15.ab,,
chr_0020_meurs,meurs,Boy,model_asset,,assets/beyond/arts/entity/actor/boy/meurs/models/sk_actor_meurs_01.fbx,,,,0,144972,main/9bbeffcb56f7897e82ad7e0d.ab,,
chr_0020_meurs,meurs,Boy,model_asset,,assets/beyond/arts/entity/actor/boy/meurs/models/sk_actor_meurs_01.fbx,,,,0,144972,main/9bbeffcb56f7897e82ad7e0d.ab,,
chr_0020_meurs,meurs,Boy,model_asset,,assets/beyond/arts/entity/actor/boy/meurs/models/sk_actor_meurs_01.fbx,,,,0,144972,main/9bbeffcb56f7897e82ad7e0d.ab,,
chr_0020_meurs,meurs,Boy,model_asset,,assets/beyond/arts/entity/actor/boy/meurs/models/sk_actor_meurs_01.fbx,,,,0,144972,main/9bbeffcb56f7897e82ad7e0d.ab,,
chr_0020_meurs,meurs,Boy,model_asset,,assets/beyond/arts/entity/actor/boy/meurs/models/sk_actor_meurs_01.fbx,,,,0,144972,main/9bbeffcb56f7897e82ad7e0d.ab,,
chr_0020_meurs,meurs,Boy,model_asset,,assets/beyond/arts/entity/actor/boy/meurs/models/sk_actor_meurs_01.fbx,,,,0,144972,main/9bbeffcb56f7897e82ad7e0d.ab,,
chr_0020_meurs,meurs,Boy,model_asset,,assets/beyond/arts/entity/actor/boy/meurs/models/sk_actor_meurs_01.fbx,,,,0,144972,main/9bbeffcb56f7897e82ad7e0d.ab,,
chr_0020_meurs,meurs,Boy,model_asset,,assets/beyond/arts/entity/actor/boy/meurs/models/sk_actor_meurs_01.fbx,,,,0,144972,main/9bbeffcb56f7897e82ad7e0d.ab,,
chr_0020_meurs,meurs,Boy,model_asset,,assets/beyond/arts/entity/actor/boy/meurs/models/sk_actor_meurs_01.fbx,,,,0,144972,main/9bbeffcb56f7897e82ad7e0d.ab,,
chr_0020_meurs,meurs,Boy,model_asset,,assets/beyond/arts/entity/actor/boy/meurs/models/sk_actor_meurs_01.fbx,,,,0,144972,main/9bbeffcb56f7897e82ad7e0d.ab,,
chr_0020_meurs,meurs,Boy,model_asset,,assets/beyond/arts/entity/actor/boy/meurs/models/sk_actor_meurs_01.fbx,,,,0,144972,main/9bbeffcb56f7897e82ad7e0d.ab,,
chr_0020_meurs,meurs,Boy,model_asset,,assets/beyond/arts/entity/actor/boy/meurs/models/sk_actor_meurs_01.fbx,,,,0,144972,main/9bbeffcb56f7897e82ad7e0d.ab,,
chr_0020_meurs,meurs,Boy,model_asset,,assets/beyond/arts/entity/actor/boy/meurs/models/sk_actor_meurs_01.fbx,,,,0,144972,main/9bbeffcb56f7897e82ad7e0d.ab,,
chr_0020_meurs,meurs,Boy,model_asset,,assets/beyond/arts/entity/actor/boy/meurs/models/sk_actor_meurs_01.fbx,,,,0,144972,main/9bbeffcb56f7897e82ad7e0d.ab,,
chr_0020_meurs,meurs,Boy,model_asset,,assets/beyond/arts/entity/actor/boy/meurs/models/sk_actor_meurs_01.fbx,,,,0,144972,main/9bbeffcb56f7897e82ad7e0d.ab,,
chr_0020_meurs,meurs,Boy,model_asset,,assets/beyond/arts/entity/actor/boy/meurs/models/sk_actor_meurs_01.fbx,,,,0,144972,main/9bbeffcb56f7897e82ad7e0d.ab,,
chr_0020_meurs,meurs,Boy,model_asset,,assets/beyond/arts/entity/actor/boy/meurs/models/sk_actor_meurs_01.fbx,,,,0,144972,main/9bbeffcb56f7897e82ad7e0d.ab,,
chr_0020_meurs,meurs,Boy,model_asset,,assets/beyond/arts/entity/actor/boy/meurs/models/sk_actor_meurs_01.fbx,,,,0,144972,main/9bbeffcb56f7897e82ad7e0d.ab,,
chr_0020_meurs,meurs,Boy,model_asset,,assets/beyond/arts/entity/actor/boy/meurs/models/sk_actor_meurs_01.fbx,,,,0,144972,main/9bbeffcb56f7897e82ad7e0d.ab,,
chr_0020_meurs,meurs,Boy,model_asset,,assets/beyond/arts/entity/actor/boy/meurs/models/sk_actor_meurs_01.fbx,,,,0,144972,main/9bbeffcb56f7897e82ad7e0d.ab,,
chr_0020_meurs,meurs,Boy,model_asset,,assets/beyond/arts/entity/actor/boy/meurs/models/sk_actor_meurs_01.fbx,,,,0,144972,main/9bbeffcb56f7897e82ad7e0d.ab,,
chr_0020_meurs,meurs,Boy,model_asset,,assets/beyond/arts/entity/actor/boy/meurs/models/sk_actor_meurs_01.fbx,,,,0,144972,main/9bbeffcb56f7897e82ad7e0d.ab,,
chr_0020_meurs,meurs,Boy,model_asset,,assets/beyond/arts/entity/actor/boy/meurs/models/sk_actor_meurs_01.fbx,,,,0,144972,main/9bbeffcb56f7897e82ad7e0d.ab,,
chr_0020_meurs,meurs,Boy,model_asset,,assets/beyond/arts/entity/actor/boy/meurs/models/sk_actor_meurs_01.fbx,,,,0,144972,main/9bbeffcb56f7897e82ad7e0d.ab,,
chr_0020_meurs,meurs,Boy,model_asset,,assets/beyond/arts/entity/actor/boy/meurs/models/sk_actor_meurs_01.fbx,,,,0,144972,main/9bbeffcb56f7897e82ad7e0d.ab,,
chr_0020_meurs,meurs,Boy,model_asset,,assets/beyond/arts/entity/actor/boy/meurs/models/sk_actor_meurs_01.fbx,,,,0,144972,main/9bbeffcb56f7897e82ad7e0d.ab,,
chr_0020_meurs,meurs,Boy,model_asset,,assets/beyond/arts/entity/actor/boy/meurs/models/sk_actor_meurs_01.fbx,,,,0,144972,main/9bbeffcb56f7897e82ad7e0d.ab,,
chr_0020_meurs,meurs,Boy,model_asset,,assets/beyond/arts/entity/actor/boy/meurs/models/sk_actor_meurs_01.fbx,,,,0,144972,main/9bbeffcb56f7897e82ad7e0d.ab,,
chr_0020_meurs,meurs,Boy,model_asset,,assets/beyond/arts/entity/actor/boy/meurs/models/sk_actor_meurs_01.fbx,,,,0,144972,main/9bbeffcb56f7897e82ad7e0d.ab,,
chr_0020_meurs,meurs,Boy,model_asset,,assets/beyond/arts/entity/actor/boy/meurs/models/sk_actor_meurs_01.fbx,,,,0,144972,main/9bbeffcb56f7897e82ad7e0d.ab,,
chr_0020_meurs,meurs,Boy,model_asset,,assets/beyond/arts/entity/actor/boy/meurs/models/sk_actor_meurs_01.fbx,,,,0,144972,main/9bbeffcb56f7897e82ad7e0d.ab,,
chr_0020_meurs,meurs,Boy,model_asset,,assets/beyond/arts/entity/actor/boy/meurs/models/sk_actor_meurs_01.fbx,,,,0,144972,main/9bbeffcb56f7897e82ad7e0d.ab,,
chr_0020_meurs,meurs,Boy,model_asset,,assets/beyond/arts/entity/actor/boy/meurs/models/sk_actor_meurs_01.fbx,,,,0,144972,main/9bbeffcb56f7897e82ad7e0d.ab,,
chr_0020_meurs,meurs,Boy,model_asset,,assets/beyond/arts/entity/actor/boy/meurs/models/sk_actor_meurs_01.fbx,,,,0,144972,main/9bbeffcb56f7897e82ad7e0d.ab,,
chr_0020_meurs,meurs,Boy,model_asset,,assets/beyond/arts/entity/actor/boy/meurs/models/sk_actor_meurs_01.fbx,,,,0,144972,main/9bbeffcb56f7897e82ad7e0d.ab,,
chr_0020_meurs,meurs,Boy,model_asset,,assets/beyond/arts/entity/actor/boy/meurs/models/sk_actor_meurs_01.fbx,,,,0,144972,main/9bbeffcb56f7897e82ad7e0d.ab,,
chr_0020_meurs,meurs,Boy,model_asset,,assets/beyond/arts/entity/actor/boy/meurs/models/sk_actor_meurs_01.fbx,,,,0,144972,main/9bbeffcb56f7897e82ad7e0d.ab,,
chr_0020_meurs,meurs,Boy,model_asset,,assets/beyond/arts/entity/actor/boy/meurs/models/sk_actor_meurs_01.fbx,,,,0,144972,main/9bbeffcb56f7897e82ad7e0d.ab,,
chr_0020_meurs,meurs,Boy,model_asset,,assets/beyond/arts/entity/actor/boy/meurs/models/sk_actor_meurs_01.fbx,,,,0,144972,main/9bbeffcb56f7897e82ad7e0d.ab,,
chr_0020_meurs,meurs,Boy,model_asset,,assets/beyond/arts/entity/actor/boy/meurs/models/sk_actor_meurs_01.fbx,,,,0,144972,main/9bbeffcb56f7897e82ad7e0d.ab,,
chr_0020_meurs,meurs,Boy,model_asset,,assets/beyond/arts/entity/actor/boy/meurs/models/sk_actor_meurs_01.fbx,,,,0,144972,main/9bbeffcb56f7897e82ad7e0d.ab,,
chr_0020_meurs,meurs,Boy,model_asset,,assets/beyond/arts/entity/actor/boy/meurs/models/sk_actor_meurs_01.fbx,,,,0,144972,main/9bbeffcb56f7897e82ad7e0d.ab,,
chr_0020_meurs,meurs,Boy,model_asset,,assets/beyond/arts/entity/actor/boy/meurs/models/sk_actor_meurs_01.fbx,,,,0,144972,main/9bbeffcb56f7897e82ad7e0d.ab,,
chr_0020_meurs,meurs,Boy,model_asset,,assets/beyond/arts/entity/actor/boy/meurs/models/sk_actor_meurs_01.fbx,,,,0,144972,main/9bbeffcb56f7897e82ad7e0d.ab,,
chr_0020_meurs,meurs,Boy,model_asset,,assets/beyond/arts/entity/actor/boy/meurs/models/sk_actor_meurs_01.fbx,,,,0,144972,main/9bbeffcb56f7897e82ad7e0d.ab,,
chr_0020_meurs,meurs,Boy,model_asset,,assets/beyond/arts/entity/actor/boy/meurs/models/sk_actor_meurs_01.fbx##s_actor_meurs_body_01_lod0,,,,399203,144972,main/9bbeffcb56f7897e82ad7e0d.ab,,
chr_0020_meurs,meurs,Boy,model_asset,,assets/beyond/arts/entity/actor/boy/meurs/models/sk_actor_meurs_01.fbx##s_actor_meurs_body_01_lod1,,,,365847,144972,main/9bbeffcb56f7897e82ad7e0d.ab,,
chr_0020_meurs,meurs,Boy,model_asset,,assets/beyond/arts/entity/actor/boy/meurs/models/sk_actor_meurs_01.fbx##s_actor_meurs_body_01_lod2,,,,203351,144972,main/9bbeffcb56f7897e82ad7e0d.ab,,
chr_0020_meurs,meurs,Boy,model_asset,,assets/beyond/arts/entity/actor/boy/meurs/models/sk_actor_meurs_01.fbx##s_actor_meurs_body_01_lod3,,,,64295,144972,main/9bbeffcb56f7897e82ad7e0d.ab,,
chr_0020_meurs,meurs,Boy,model_asset,,assets/beyond/arts/entity/actor/boy/meurs/models/sk_actor_meurs_01.fbx##s_actor_meurs_cloth_01_lod0,,,,3064272,144972,main/9bbeffcb56f7897e82ad7e0d.ab,,
chr_0020_meurs,meurs,Boy,model_asset,,assets/beyond/arts/entity/actor/boy/meurs/models/sk_actor_meurs_01.fbx##s_actor_meurs_cloth_01_lod1,,,,1982216,144972,main/9bbeffcb56f7897e82ad7e0d.ab,,
chr_0020_meurs,meurs,Boy,model_asset,,assets/beyond/arts/entity/actor/boy/meurs/models/sk_actor_meurs_01.fbx##s_actor_meurs_cloth_01_lod2,,,,983748,144972,main/9bbeffcb56f7897e82ad7e0d.ab,,
chr_0020_meurs,meurs,Boy,model_asset,,assets/beyond/arts/entity/actor/boy/meurs/models/sk_actor_meurs_01.fbx##s_actor_meurs_cloth_01_lod3,,,,492196,144972,main/9bbeffcb56f7897e82ad7e0d.ab,,
chr_0020_meurs,meurs,Boy,model_asset,,assets/beyond/arts/entity/actor/boy/meurs/models/sk_actor_meurs_01.fbx##s_actor_meurs_cloth_02_lod0,,,,1931100,144972,main/9bbeffcb56f7897e82ad7e0d.ab,,
chr_0020_meurs,meurs,Boy,model_asset,,assets/beyond/arts/entity/actor/boy/meurs/models/sk_actor_meurs_01.fbx##s_actor_meurs_cloth_02_lod1,,,,1317192,144972,main/9bbeffcb56f7897e82ad7e0d.ab,,
chr_0020_meurs,meurs,Boy,model_asset,,assets/beyond/arts/entity/actor/boy/meurs/models/sk_actor_meurs_01.fbx##s_actor_meurs_cloth_02_lod2,,,,707368,144972,main/9bbeffcb56f7897e82ad7e0d.ab,,
chr_0020_meurs,meurs,Boy,model_asset,,assets/beyond/arts/entity/actor/boy/meurs/models/sk_actor_meurs_01.fbx##s_actor_meurs_cloth_02_lod3,,,,153932,144972,main/9bbeffcb56f7897e82ad7e0d.ab,,
chr_0020_meurs,meurs,Boy,model_asset,,assets/beyond/arts/entity/actor/boy/meurs/models/sk_actor_meurs_01.fbx##s_actor_meurs_cloth_03_lod0,,,,12912,144972,main/9bbeffcb56f7897e82ad7e0d.ab,,
chr_0020_meurs,meurs,Boy,model_asset,,assets/beyond/arts/entity/actor/boy/meurs/models/sk_actor_meurs_01.fbx##s_actor_meurs_cloth_03_lod1,,,,9840,144972,main/9bbeffcb56f7897e82ad7e0d.ab,,
chr_0020_meurs,meurs,Boy,model_asset,,assets/beyond/arts/entity/actor/boy/meurs/models/sk_actor_meurs_01.fbx##s_actor_meurs_cloth_03_lod2,,,,9752,144972,main/9bbeffcb56f7897e82ad7e0d.ab,,
chr_0020_meurs,meurs,Boy,model_asset,,assets/beyond/arts/entity/actor/boy/meurs/models/sk_actor_meurs_01.fbx##s_actor_meurs_cloth_04_lod0,,,,14828,144972,main/9bbeffcb56f7897e82ad7e0d.ab,,
chr_0020_meurs,meurs,Boy,model_asset,,assets/beyond/arts/entity/actor/boy/meurs/models/sk_actor_meurs_01.fbx##s_actor_meurs_cloth_04_lod1,,,,11564,144972,main/9bbeffcb56f7897e82ad7e0d.ab,,
chr_0020_meurs,meurs,Boy,model_asset,,assets/beyond/arts/entity/actor/boy/meurs/models/sk_actor_meurs_01.fbx##s_actor_meurs_cloth_04_lod2,,,,11352,144972,main/9bbeffcb56f7897e82ad7e0d.ab,,
chr_0020_meurs,meurs,Boy,model_asset,,assets/beyond/arts/entity/actor/boy/meurs/models/sk_actor_meurs_01.fbx##s_actor_meurs_eyebrow_01_lod0,,,,66934,144972,main/9bbeffcb56f7897e82ad7e0d.ab,,
chr_0020_meurs,meurs,Boy,model_asset,,assets/beyond/arts/entity/actor/boy/meurs/models/sk_actor_meurs_01.fbx##s_actor_meurs_eyebrow_01_lod1,,,,89874,144972,main/9bbeffcb56f7897e82ad7e0d.ab,,
chr_0020_meurs,meurs,Boy,model_asset,,assets/beyond/arts/entity/actor/boy/meurs/models/sk_actor_meurs_01.fbx##s_actor_meurs_eyebrow_01_lod2,,,,57354,144972,main/9bbeffcb56f7897e82ad7e0d.ab,,
chr_0020_meurs,meurs,Boy,model_asset,,assets/beyond/arts/entity/actor/boy/meurs/models/sk_actor_meurs_01.fbx##s_actor_meurs_eyebrow_01_lod3,,,,17850,144972,main/9bbeffcb56f7897e82ad7e0d.ab,,
chr_0020_meurs,meurs,Boy,model_asset,,assets/beyond/arts/entity/actor/boy/meurs/models/sk_actor_meurs_01.fbx##s_actor_meurs_eyeshadow_01_lod0,,,,9816,144972,main/9bbeffcb56f7897e82ad7e0d.ab,,
chr_0020_meurs,meurs,Boy,model_asset,,assets/beyond/arts/entity/actor/boy/meurs/models/sk_actor_meurs_01.fbx##s_actor_meurs_eyeshadow_01_lod1,,,,10456,144972,main/9bbeffcb56f7897e82ad7e0d.ab,,
chr_0020_meurs,meurs,Boy,model_asset,,assets/beyond/arts/entity/actor/boy/meurs/models/sk_actor_meurs_01.fbx##s_actor_meurs_eyeshadow_01_lod2,,,,7476,144972,main/9bbeffcb56f7897e82ad7e0d.ab,,
chr_0020_meurs,meurs,Boy,model_asset,,assets/beyond/arts/entity/actor/boy/meurs/models/sk_actor_meurs_01.fbx##s_actor_meurs_face_01_lod0,,,,318263,144972,main/9bbeffcb56f7897e82ad7e0d.ab,,
chr_0020_meurs,meurs,Boy,model_asset,,assets/beyond/arts/entity/actor/boy/meurs/models/sk_actor_meurs_01.fbx##s_actor_meurs_face_01_lod1,,,,318263,144972,main/9bbeffcb56f7897e82ad7e0d.ab,,
chr_0020_meurs,meurs,Boy,model_asset,,assets/beyond/arts/entity/actor/boy/meurs/models/sk_actor_meurs_01.fbx##s_actor_meurs_face_01_lod2,,,,207683,144972,main/9bbeffcb56f7897e82ad7e0d.ab,,
chr_0020_meurs,meurs,Boy,model_asset,,assets/beyond/arts/entity/actor/boy/meurs/models/sk_actor_meurs_01.fbx##s_actor_meurs_face_01_lod3,,,,26455,144972,main/9bbeffcb56f7897e82ad7e0d.ab,,
chr_0020_meurs,meurs,Boy,model_asset,,assets/beyond/arts/entity/actor/boy/meurs/models/sk_actor_meurs_01.fbx##s_actor_meurs_hair_01_lod0,,,,1381363,144972,main/9bbeffcb56f7897e82ad7e0d.ab,,
chr_0020_meurs,meurs,Boy,model_asset,,assets/beyond/arts/entity/actor/boy/meurs/models/sk_actor_meurs_01.fbx##s_actor_meurs_hair_01_lod1,,,,894951,144972,main/9bbeffcb56f7897e82ad7e0d.ab,,
chr_0020_meurs,meurs,Boy,model_asset,,assets/beyond/arts/entity/actor/boy/meurs/models/sk_actor_meurs_01.fbx##s_actor_meurs_hair_01_lod2,,,,426551,144972,main/9bbeffcb56f7897e82ad7e0d.ab,,
chr_0020_meurs,meurs,Boy,model_asset,,assets/beyond/arts/entity/actor/boy/meurs/models/sk_actor_meurs_01.fbx##s_actor_meurs_hair_01_lod3,,,,221959,144972,main/9bbeffcb56f7897e82ad7e0d.ab,,
chr_0020_meurs,meurs,Boy,model_asset,,assets/beyond/arts/entity/actor/boy/meurs/models/sk_actor_meurs_01.fbx##s_actor_meurs_hair_02_lod0,,,,387387,144972,main/9bbeffcb56f7897e82ad7e0d.ab,,
chr_0020_meurs,meurs,Boy,model_asset,,assets/beyond/arts/entity/actor/boy/meurs/models/sk_actor_meurs_01.fbx##s_actor_meurs_hair_02_lod1,,,,216043,144972,main/9bbeffcb56f7897e82ad7e0d.ab,,
chr_0020_meurs,meurs,Boy,model_asset,,assets/beyond/arts/entity/actor/boy/meurs/models/sk_actor_meurs_01.fbx##s_actor_meurs_hair_02_lod2,,,,161403,144972,main/9bbeffcb56f7897e82ad7e0d.ab,,
chr_0020_meurs,meurs,Boy,model_asset,,assets/beyond/arts/entity/actor/boy/meurs/models/sk_actor_meurs_01.fbx##s_actor_meurs_hair_02_lod3,,,,132043,144972,main/9bbeffcb56f7897e82ad7e0d.ab,,
chr_0020_meurs,meurs,Boy,model_asset,,assets/beyond/arts/entity/actor/boy/meurs/models/sk_actor_meurs_01.fbx##s_actor_meurs_hairshadow_01_lod0,,,,29161,144972,main/9bbeffcb56f7897e82ad7e0d.ab,,
chr_0020_meurs,meurs,Boy,model_asset,,assets/beyond/arts/entity/actor/boy/meurs/models/sk_actor_meurs_01.fbx##s_actor_meurs_hairshadow_01_lod1,,,,23893,144972,main/9bbeffcb56f7897e82ad7e0d.ab,,
chr_0020_meurs,meurs,Boy,model_asset,,assets/beyond/arts/entity/actor/boy/meurs/models/sk_actor_meurs_01.fbx##s_actor_meurs_hairshadow_01_lod2,,,,23893,144972,main/9bbeffcb56f7897e82ad7e0d.ab,,
chr_0020_meurs,meurs,Boy,model_asset,,assets/beyond/arts/entity/actor/boy/meurs/models/sk_actor_meurs_01.fbx##s_actor_meurs_iris_01_lod0,,,,19867,144972,main/9bbeffcb56f7897e82ad7e0d.ab,,
chr_0020_meurs,meurs,Boy,model_asset,,assets/beyond/arts/entity/actor/boy/meurs/models/sk_actor_meurs_01.fbx##s_actor_meurs_iris_01_lod1,,,,14611,144972,main/9bbeffcb56f7897e82ad7e0d.ab,,
chr_0020_meurs,meurs,Boy,model_asset,,assets/beyond/arts/entity/actor/boy/meurs/models/sk_actor_meurs_01.fbx##s_actor_meurs_iris_01_lod2,,,,9399,144972,main/9bbeffcb56f7897e82ad7e0d.ab,,
chr_0020_meurs,meurs,Boy,model_asset,,assets/beyond/arts/entity/actor/boy/meurs/models/sk_actor_meurs_01.fbx##s_actor_meurs_iris_01_lod3,,,,4319,144972,main/9bbeffcb56f7897e82ad7e0d.ab,,
chr_0020_meurs,meurs,Boy,model_asset,,assets/beyond/arts/entity/actor/boy/meurs/models/sk_actor_meurs_01.fbx##sk_actor_meurs_01avatar,,,,147386,144972,main/9bbeffcb56f7897e82ad7e0d.ab,,
chr_0021_whiten,whiten,Girl,postmodel,chr_0021_whiten_postmodel,assets/beyond/dynamicassets/gameplay/actors/postmodels/characters/chr_0021_whiten_postmodel.prefab,assets/beyond/dynamicassets/gameplay/actors/postmodels/characters/chr_0021_whiten_postmodel.prefab,585470980052113226,0x082002C1204E574A,520,137179,main/933238cefedcf69687ae8fc4.ab,583919786500515716,0x081A7FF3BBAF6784
chr_0021_whiten,whiten,Girl,model_asset,,assets/beyond/arts/entity/actor/girl/whiten/models/s_actor_whiten_body_01_lod0.asset,,,,525972,207649,main/df6b9e879a564a9ac4d6ca71.ab,,
chr_0021_whiten,whiten,Girl,model_asset,,assets/beyond/arts/entity/actor/girl/whiten/models/s_actor_whiten_cloth_01_lod0.asset,,,,4726965,96664,main/678d2018e2ca7e2ee480f14d.ab,,
chr_0021_whiten,whiten,Girl,model_asset,,assets/beyond/arts/entity/actor/girl/whiten/models/s_actor_whiten_cloth_02_lod0.asset,,,,35705,34165,main/23d8a554109b18e87cc3855c.ab,,
chr_0021_whiten,whiten,Girl,model_asset,,assets/beyond/arts/entity/actor/girl/whiten/models/s_actor_whiten_face_01_lod0.asset,,,,334864,17970,main/126786ddf274050811be1397.ab,,
chr_0021_whiten,whiten,Girl,model_asset,,assets/beyond/arts/entity/actor/girl/whiten/models/s_actor_whiten_fur_01_lod0_20.asset,,,,998458,33582,main/233ab094f97a93c208f913b1.ab,,
chr_0021_whiten,whiten,Girl,model_asset,,assets/beyond/arts/entity/actor/girl/whiten/models/s_actor_whiten_fur_01_lod1_8.asset,,,,305145,43362,main/2dcb6a5e949b84b176f7d550.ab,,
chr_0021_whiten,whiten,Girl,model_asset,,assets/beyond/arts/entity/actor/girl/whiten/models/s_actor_whiten_hair_01_lod0.asset,,,,1237940,113869,main/79f416613950d0f4491d3cd1.ab,,
chr_0021_whiten,whiten,Girl,model_asset,,assets/beyond/arts/entity/actor/girl/whiten/models/sk_actor_whiten_01.fbx,,,,0,21399,main/160a275bd429cddddc0cff27.ab,,
chr_0021_whiten,whiten,Girl,model_asset,,assets/beyond/arts/entity/actor/girl/whiten/models/sk_actor_whiten_01.fbx,,,,0,21399,main/160a275bd429cddddc0cff27.ab,,
chr_0021_whiten,whiten,Girl,model_asset,,assets/beyond/arts/entity/actor/girl/whiten/models/sk_actor_whiten_01.fbx,,,,0,21399,main/160a275bd429cddddc0cff27.ab,,
chr_0021_whiten,whiten,Girl,model_asset,,assets/beyond/arts/entity/actor/girl/whiten/models/sk_actor_whiten_01.fbx,,,,0,21399,main/160a275bd429cddddc0cff27.ab,,
chr_0021_whiten,whiten,Girl,model_asset,,assets/beyond/arts/entity/actor/girl/whiten/models/sk_actor_whiten_01.fbx,,,,0,21399,main/160a275bd429cddddc0cff27.ab,,
chr_0021_whiten,whiten,Girl,model_asset,,assets/beyond/arts/entity/actor/girl/whiten/models/sk_actor_whiten_01.fbx,,,,0,21399,main/160a275bd429cddddc0cff27.ab,,
chr_0021_whiten,whiten,Girl,model_asset,,assets/beyond/arts/entity/actor/girl/whiten/models/sk_actor_whiten_01.fbx,,,,0,21399,main/160a275bd429cddddc0cff27.ab,,
chr_0021_whiten,whiten,Girl,model_asset,,assets/beyond/arts/entity/actor/girl/whiten/models/sk_actor_whiten_01.fbx,,,,0,21399,main/160a275bd429cddddc0cff27.ab,,
chr_0021_whiten,whiten,Girl,model_asset,,assets/beyond/arts/entity/actor/girl/whiten/models/sk_actor_whiten_01.fbx,,,,0,21399,main/160a275bd429cddddc0cff27.ab,,
chr_0021_whiten,whiten,Girl,model_asset,,assets/beyond/arts/entity/actor/girl/whiten/models/sk_actor_whiten_01.fbx,,,,0,21399,main/160a275bd429cddddc0cff27.ab,,
chr_0021_whiten,whiten,Girl,model_asset,,assets/beyond/arts/entity/actor/girl/whiten/models/sk_actor_whiten_01.fbx,,,,0,21399,main/160a275bd429cddddc0cff27.ab,,
chr_0021_whiten,whiten,Girl,model_asset,,assets/beyond/arts/entity/actor/girl/whiten/models/sk_actor_whiten_01.fbx,,,,0,21399,main/160a275bd429cddddc0cff27.ab,,
chr_0021_whiten,whiten,Girl,model_asset,,assets/beyond/arts/entity/actor/girl/whiten/models/sk_actor_whiten_01.fbx,,,,0,21399,main/160a275bd429cddddc0cff27.ab,,
chr_0021_whiten,whiten,Girl,model_asset,,assets/beyond/arts/entity/actor/girl/whiten/models/sk_actor_whiten_01.fbx,,,,0,21399,main/160a275bd429cddddc0cff27.ab,,
chr_0021_whiten,whiten,Girl,model_asset,,assets/beyond/arts/entity/actor/girl/whiten/models/sk_actor_whiten_01.fbx,,,,0,21399,main/160a275bd429cddddc0cff27.ab,,
chr_0021_whiten,whiten,Girl,model_asset,,assets/beyond/arts/entity/actor/girl/whiten/models/sk_actor_whiten_01.fbx,,,,0,21399,main/160a275bd429cddddc0cff27.ab,,
chr_0021_whiten,whiten,Girl,model_asset,,assets/beyond/arts/entity/actor/girl/whiten/models/sk_actor_whiten_01.fbx,,,,0,21399,main/160a275bd429cddddc0cff27.ab,,
chr_0021_whiten,whiten,Girl,model_asset,,assets/beyond/arts/entity/actor/girl/whiten/models/sk_actor_whiten_01.fbx,,,,0,21399,main/160a275bd429cddddc0cff27.ab,,
chr_0021_whiten,whiten,Girl,model_asset,,assets/beyond/arts/entity/actor/girl/whiten/models/sk_actor_whiten_01.fbx,,,,0,21399,main/160a275bd429cddddc0cff27.ab,,
chr_0021_whiten,whiten,Girl,model_asset,,assets/beyond/arts/entity/actor/girl/whiten/models/sk_actor_whiten_01.fbx,,,,0,21399,main/160a275bd429cddddc0cff27.ab,,
chr_0021_whiten,whiten,Girl,model_asset,,assets/beyond/arts/entity/actor/girl/whiten/models/sk_actor_whiten_01.fbx,,,,0,21399,main/160a275bd429cddddc0cff27.ab,,
chr_0021_whiten,whiten,Girl,model_asset,,assets/beyond/arts/entity/actor/girl/whiten/models/sk_actor_whiten_01.fbx,,,,0,21399,main/160a275bd429cddddc0cff27.ab,,
chr_0021_whiten,whiten,Girl,model_asset,,assets/beyond/arts/entity/actor/girl/whiten/models/sk_actor_whiten_01.fbx,,,,0,21399,main/160a275bd429cddddc0cff27.ab,,
chr_0021_whiten,whiten,Girl,model_asset,,assets/beyond/arts/entity/actor/girl/whiten/models/sk_actor_whiten_01.fbx,,,,0,21399,main/160a275bd429cddddc0cff27.ab,,
chr_0021_whiten,whiten,Girl,model_asset,,assets/beyond/arts/entity/actor/girl/whiten/models/sk_actor_whiten_01.fbx,,,,0,21399,main/160a275bd429cddddc0cff27.ab,,
chr_0021_whiten,whiten,Girl,model_asset,,assets/beyond/arts/entity/actor/girl/whiten/models/sk_actor_whiten_01.fbx,,,,0,21399,main/160a275bd429cddddc0cff27.ab,,
chr_0021_whiten,whiten,Girl,model_asset,,assets/beyond/arts/entity/actor/girl/whiten/models/sk_actor_whiten_01.fbx,,,,0,21399,main/160a275bd429cddddc0cff27.ab,,
chr_0021_whiten,whiten,Girl,model_asset,,assets/beyond/arts/entity/actor/girl/whiten/models/sk_actor_whiten_01.fbx,,,,0,21399,main/160a275bd429cddddc0cff27.ab,,
chr_0021_whiten,whiten,Girl,model_asset,,assets/beyond/arts/entity/actor/girl/whiten/models/sk_actor_whiten_01.fbx,,,,0,21399,main/160a275bd429cddddc0cff27.ab,,
chr_0021_whiten,whiten,Girl,model_asset,,assets/beyond/arts/entity/actor/girl/whiten/models/sk_actor_whiten_01.fbx,,,,0,21399,main/160a275bd429cddddc0cff27.ab,,
chr_0021_whiten,whiten,Girl,model_asset,,assets/beyond/arts/entity/actor/girl/whiten/models/sk_actor_whiten_01.fbx,,,,0,21399,main/160a275bd429cddddc0cff27.ab,,
chr_0021_whiten,whiten,Girl,model_asset,,assets/beyond/arts/entity/actor/girl/whiten/models/sk_actor_whiten_01.fbx,,,,0,21399,main/160a275bd429cddddc0cff27.ab,,
chr_0021_whiten,whiten,Girl,model_asset,,assets/beyond/arts/entity/actor/girl/whiten/models/sk_actor_whiten_01.fbx,,,,0,21399,main/160a275bd429cddddc0cff27.ab,,
chr_0021_whiten,whiten,Girl,model_asset,,assets/beyond/arts/entity/actor/girl/whiten/models/sk_actor_whiten_01.fbx,,,,0,21399,main/160a275bd429cddddc0cff27.ab,,
chr_0021_whiten,whiten,Girl,model_asset,,assets/beyond/arts/entity/actor/girl/whiten/models/sk_actor_whiten_01.fbx,,,,0,21399,main/160a275bd429cddddc0cff27.ab,,
chr_0021_whiten,whiten,Girl,model_asset,,assets/beyond/arts/entity/actor/girl/whiten/models/sk_actor_whiten_01.fbx,,,,0,21399,main/160a275bd429cddddc0cff27.ab,,
chr_0021_whiten,whiten,Girl,model_asset,,assets/beyond/arts/entity/actor/girl/whiten/models/sk_actor_whiten_01.fbx,,,,0,21399,main/160a275bd429cddddc0cff27.ab,,
chr_0021_whiten,whiten,Girl,model_asset,,assets/beyond/arts/entity/actor/girl/whiten/models/sk_actor_whiten_01.fbx,,,,0,21399,main/160a275bd429cddddc0cff27.ab,,
chr_0021_whiten,whiten,Girl,model_asset,,assets/beyond/arts/entity/actor/girl/whiten/models/sk_actor_whiten_01.fbx,,,,0,21399,main/160a275bd429cddddc0cff27.ab,,
chr_0021_whiten,whiten,Girl,model_asset,,assets/beyond/arts/entity/actor/girl/whiten/models/sk_actor_whiten_01.fbx##s_actor_whiten_body_01_lod0,,,,483412,21399,main/160a275bd429cddddc0cff27.ab,,
chr_0021_whiten,whiten,Girl,model_asset,,assets/beyond/arts/entity/actor/girl/whiten/models/sk_actor_whiten_01.fbx##s_actor_whiten_body_01_lod1,,,,365780,21399,main/160a275bd429cddddc0cff27.ab,,
chr_0021_whiten,whiten,Girl,model_asset,,assets/beyond/arts/entity/actor/girl/whiten/models/sk_actor_whiten_01.fbx##s_actor_whiten_body_01_lod2,,,,226964,21399,main/160a275bd429cddddc0cff27.ab,,
chr_0021_whiten,whiten,Girl,model_asset,,assets/beyond/arts/entity/actor/girl/whiten/models/sk_actor_whiten_01.fbx##s_actor_whiten_body_01_lod3,,,,74992,21399,main/160a275bd429cddddc0cff27.ab,,
chr_0021_whiten,whiten,Girl,model_asset,,assets/beyond/arts/entity/actor/girl/whiten/models/sk_actor_whiten_01.fbx##s_actor_whiten_cloth_01_lod0,,,,4326453,21399,main/160a275bd429cddddc0cff27.ab,,
chr_0021_whiten,whiten,Girl,model_asset,,assets/beyond/arts/entity/actor/girl/whiten/models/sk_actor_whiten_01.fbx##s_actor_whiten_cloth_01_lod1,,,,3012641,21399,main/160a275bd429cddddc0cff27.ab,,
chr_0021_whiten,whiten,Girl,model_asset,,assets/beyond/arts/entity/actor/girl/whiten/models/sk_actor_whiten_01.fbx##s_actor_whiten_cloth_01_lod2,,,,1364213,21399,main/160a275bd429cddddc0cff27.ab,,
chr_0021_whiten,whiten,Girl,model_asset,,assets/beyond/arts/entity/actor/girl/whiten/models/sk_actor_whiten_01.fbx##s_actor_whiten_cloth_01_lod3,,,,612981,21399,main/160a275bd429cddddc0cff27.ab,,
chr_0021_whiten,whiten,Girl,model_asset,,assets/beyond/arts/entity/actor/girl/whiten/models/sk_actor_whiten_01.fbx##s_actor_whiten_cloth_02_lod0,,,,32937,21399,main/160a275bd429cddddc0cff27.ab,,
chr_0021_whiten,whiten,Girl,model_asset,,assets/beyond/arts/entity/actor/girl/whiten/models/sk_actor_whiten_01.fbx##s_actor_whiten_cloth_02_lod1,,,,24881,21399,main/160a275bd429cddddc0cff27.ab,,
chr_0021_whiten,whiten,Girl,model_asset,,assets/beyond/arts/entity/actor/girl/whiten/models/sk_actor_whiten_01.fbx##s_actor_whiten_cloth_02_lod2,,,,20725,21399,main/160a275bd429cddddc0cff27.ab,,
chr_0021_whiten,whiten,Girl,model_asset,,assets/beyond/arts/entity/actor/girl/whiten/models/sk_actor_whiten_01.fbx##s_actor_whiten_cloth_02_lod3,,,,4461,21399,main/160a275bd429cddddc0cff27.ab,,
chr_0021_whiten,whiten,Girl,model_asset,,assets/beyond/arts/entity/actor/girl/whiten/models/sk_actor_whiten_01.fbx##s_actor_whiten_eyebrow_01_lod0,,,,69127,21399,main/160a275bd429cddddc0cff27.ab,,
chr_0021_whiten,whiten,Girl,model_asset,,assets/beyond/arts/entity/actor/girl/whiten/models/sk_actor_whiten_01.fbx##s_actor_whiten_eyebrow_01_lod1,,,,69127,21399,main/160a275bd429cddddc0cff27.ab,,
chr_0021_whiten,whiten,Girl,model_asset,,assets/beyond/arts/entity/actor/girl/whiten/models/sk_actor_whiten_01.fbx##s_actor_whiten_eyebrow_01_lod2,,,,30779,21399,main/160a275bd429cddddc0cff27.ab,,
chr_0021_whiten,whiten,Girl,model_asset,,assets/beyond/arts/entity/actor/girl/whiten/models/sk_actor_whiten_01.fbx##s_actor_whiten_eyebrow_01_lod3,,,,15323,21399,main/160a275bd429cddddc0cff27.ab,,
chr_0021_whiten,whiten,Girl,model_asset,,assets/beyond/arts/entity/actor/girl/whiten/models/sk_actor_whiten_01.fbx##s_actor_whiten_eyeshadow_01_lod0,,,,8185,21399,main/160a275bd429cddddc0cff27.ab,,
chr_0021_whiten,whiten,Girl,model_asset,,assets/beyond/arts/entity/actor/girl/whiten/models/sk_actor_whiten_01.fbx##s_actor_whiten_eyeshadow_01_lod1,,,,8185,21399,main/160a275bd429cddddc0cff27.ab,,
chr_0021_whiten,whiten,Girl,model_asset,,assets/beyond/arts/entity/actor/girl/whiten/models/sk_actor_whiten_01.fbx##s_actor_whiten_eyeshadow_01_lod2,,,,6197,21399,main/160a275bd429cddddc0cff27.ab,,
chr_0021_whiten,whiten,Girl,model_asset,,assets/beyond/arts/entity/actor/girl/whiten/models/sk_actor_whiten_01.fbx##s_actor_whiten_face_01_lod0,,,,308256,21399,main/160a275bd429cddddc0cff27.ab,,
chr_0021_whiten,whiten,Girl,model_asset,,assets/beyond/arts/entity/actor/girl/whiten/models/sk_actor_whiten_01.fbx##s_actor_whiten_face_01_lod1,,,,308256,21399,main/160a275bd429cddddc0cff27.ab,,
chr_0021_whiten,whiten,Girl,model_asset,,assets/beyond/arts/entity/actor/girl/whiten/models/sk_actor_whiten_01.fbx##s_actor_whiten_face_01_lod2,,,,106164,21399,main/160a275bd429cddddc0cff27.ab,,
chr_0021_whiten,whiten,Girl,model_asset,,assets/beyond/arts/entity/actor/girl/whiten/models/sk_actor_whiten_01.fbx##s_actor_whiten_face_01_lod3,,,,22092,21399,main/160a275bd429cddddc0cff27.ab,,
chr_0021_whiten,whiten,Girl,model_asset,,assets/beyond/arts/entity/actor/girl/whiten/models/sk_actor_whiten_01.fbx##s_actor_whiten_fur_01_lod0,,,,40751,21399,main/160a275bd429cddddc0cff27.ab,,
chr_0021_whiten,whiten,Girl,model_asset,,assets/beyond/arts/entity/actor/girl/whiten/models/sk_actor_whiten_01.fbx##s_actor_whiten_fur_01_lod1,,,,31611,21399,main/160a275bd429cddddc0cff27.ab,,
chr_0021_whiten,whiten,Girl,model_asset,,assets/beyond/arts/entity/actor/girl/whiten/models/sk_actor_whiten_01.fbx##s_actor_whiten_fur_01_lod2,,,,26843,21399,main/160a275bd429cddddc0cff27.ab,,
chr_0021_whiten,whiten,Girl,model_asset,,assets/beyond/arts/entity/actor/girl/whiten/models/sk_actor_whiten_01.fbx##s_actor_whiten_fur_01_lod3,,,,15855,21399,main/160a275bd429cddddc0cff27.ab,,
chr_0021_whiten,whiten,Girl,model_asset,,assets/beyond/arts/entity/actor/girl/whiten/models/sk_actor_whiten_01.fbx##s_actor_whiten_hair_01_lod0,,,,1134404,21399,main/160a275bd429cddddc0cff27.ab,,
chr_0021_whiten,whiten,Girl,model_asset,,assets/beyond/arts/entity/actor/girl/whiten/models/sk_actor_whiten_01.fbx##s_actor_whiten_hair_01_lod1,,,,742944,21399,main/160a275bd429cddddc0cff27.ab,,
chr_0021_whiten,whiten,Girl,model_asset,,assets/beyond/arts/entity/actor/girl/whiten/models/sk_actor_whiten_01.fbx##s_actor_whiten_hair_01_lod2,,,,571536,21399,main/160a275bd429cddddc0cff27.ab,,
chr_0021_whiten,whiten,Girl,model_asset,,assets/beyond/arts/entity/actor/girl/whiten/models/sk_actor_whiten_01.fbx##s_actor_whiten_hair_01_lod3,,,,302400,21399,main/160a275bd429cddddc0cff27.ab,,
chr_0021_whiten,whiten,Girl,model_asset,,assets/beyond/arts/entity/actor/girl/whiten/models/sk_actor_whiten_01.fbx##s_actor_whiten_hairshadow_01_lod0,,,,19506,21399,main/160a275bd429cddddc0cff27.ab,,
chr_0021_whiten,whiten,Girl,model_asset,,assets/beyond/arts/entity/actor/girl/whiten/models/sk_actor_whiten_01.fbx##s_actor_whiten_hairshadow_01_lod1,,,,18970,21399,main/160a275bd429cddddc0cff27.ab,,
chr_0021_whiten,whiten,Girl,model_asset,,assets/beyond/arts/entity/actor/girl/whiten/models/sk_actor_whiten_01.fbx##s_actor_whiten_hairshadow_01_lod2,,,,18970,21399,main/160a275bd429cddddc0cff27.ab,,
chr_0021_whiten,whiten,Girl,model_asset,,assets/beyond/arts/entity/actor/girl/whiten/models/sk_actor_whiten_01.fbx##s_actor_whiten_iris_01_lod0,,,,27948,21399,main/160a275bd429cddddc0cff27.ab,,
chr_0021_whiten,whiten,Girl,model_asset,,assets/beyond/arts/entity/actor/girl/whiten/models/sk_actor_whiten_01.fbx##s_actor_whiten_iris_01_lod1,,,,27948,21399,main/160a275bd429cddddc0cff27.ab,,
chr_0021_whiten,whiten,Girl,model_asset,,assets/beyond/arts/entity/actor/girl/whiten/models/sk_actor_whiten_01.fbx##s_actor_whiten_iris_01_lod2,,,,19736,21399,main/160a275bd429cddddc0cff27.ab,,
chr_0021_whiten,whiten,Girl,model_asset,,assets/beyond/arts/entity/actor/girl/whiten/models/sk_actor_whiten_01.fbx##s_actor_whiten_iris_01_lod3,,,,7664,21399,main/160a275bd429cddddc0cff27.ab,,
chr_0021_whiten,whiten,Girl,model_asset,,assets/beyond/arts/entity/actor/girl/whiten/models/sk_actor_whiten_01.fbx##sk_actor_whiten_01avatar,,,,151096,21399,main/160a275bd429cddddc0cff27.ab,,
chr_0022_bounda,bounda,Girl,postmodel,chr_0022_bounda_postmodel,assets/beyond/dynamicassets/gameplay/actors/postmodels/characters/chr_0022_bounda_postmodel.prefab,assets/beyond/dynamicassets/gameplay/actors/postmodels/characters/chr_0022_bounda_postmodel.prefab,1080069516446719839,0x0EFD2D80B488DF5F,496,169388,main/b628cfed24403f5d245ce0c1.ab,926422224139139592,0x0CDB501ABDD73A08
chr_0022_bounda,bounda,Girl,model_asset,,assets/beyond/arts/entity/actor/girl/bounda/models/s_actor_bounda_body_01_lod0.asset,,,,397504,19139,main/139e36ff1f4c7455fa7190b8.ab,,
chr_0022_bounda,bounda,Girl,model_asset,,assets/beyond/arts/entity/actor/girl/bounda/models/s_actor_bounda_cloth_01_lod0.asset,,,,4324893,198181,main/d51bb9a71c1d707578d881fb.ab,,
chr_0022_bounda,bounda,Girl,model_asset,,assets/beyond/arts/entity/actor/girl/bounda/models/s_actor_bounda_cloth_02_lod0.asset,,,,1399297,207699,main/df785c6171035e98e844a492.ab,,
chr_0022_bounda,bounda,Girl,model_asset,,assets/beyond/arts/entity/actor/girl/bounda/models/s_actor_bounda_cloth_04_lod0.asset,,,,12817,42659,main/2d1138aad626da189ee4cae9.ab,,
chr_0022_bounda,bounda,Girl,model_asset,,assets/beyond/arts/entity/actor/girl/bounda/models/s_actor_bounda_cloth_05_lod0.asset,,,,6141,52754,main/37fd454d1adb7ac8c553668b.ab,,
chr_0022_bounda,bounda,Girl,model_asset,,assets/beyond/arts/entity/actor/girl/bounda/models/s_actor_bounda_clothshadowless_01_lod0.asset,,,,46675,75359,main/506e8067b952cc111bfb0ce5.ab,,
chr_0022_bounda,bounda,Girl,model_asset,,assets/beyond/arts/entity/actor/girl/bounda/models/s_actor_bounda_face_01_lod0.asset,,,,287180,65570,main/45d02fd94b178e596dbdb868.ab,,
chr_0022_bounda,bounda,Girl,model_asset,,assets/beyond/arts/entity/actor/girl/bounda/models/s_actor_bounda_hair_01_lod0.asset,,,,1067592,14715,main/0ee63310a7b82230cf95bda3.ab,,
chr_0022_bounda,bounda,Girl,model_asset,,assets/beyond/arts/entity/actor/girl/bounda/models/sk_actor_bounda_01.fbx,,,,0,163000,main/af1e6072b9efd3d1853ec5a0.ab,,
chr_0022_bounda,bounda,Girl,model_asset,,assets/beyond/arts/entity/actor/girl/bounda/models/sk_actor_bounda_01.fbx,,,,0,163000,main/af1e6072b9efd3d1853ec5a0.ab,,
chr_0022_bounda,bounda,Girl,model_asset,,assets/beyond/arts/entity/actor/girl/bounda/models/sk_actor_bounda_01.fbx,,,,0,163000,main/af1e6072b9efd3d1853ec5a0.ab,,
chr_0022_bounda,bounda,Girl,model_asset,,assets/beyond/arts/entity/actor/girl/bounda/models/sk_actor_bounda_01.fbx,,,,0,163000,main/af1e6072b9efd3d1853ec5a0.ab,,
chr_0022_bounda,bounda,Girl,model_asset,,assets/beyond/arts/entity/actor/girl/bounda/models/sk_actor_bounda_01.fbx,,,,0,163000,main/af1e6072b9efd3d1853ec5a0.ab,,
chr_0022_bounda,bounda,Girl,model_asset,,assets/beyond/arts/entity/actor/girl/bounda/models/sk_actor_bounda_01.fbx,,,,0,163000,main/af1e6072b9efd3d1853ec5a0.ab,,
chr_0022_bounda,bounda,Girl,model_asset,,assets/beyond/arts/entity/actor/girl/bounda/models/sk_actor_bounda_01.fbx,,,,0,163000,main/af1e6072b9efd3d1853ec5a0.ab,,
chr_0022_bounda,bounda,Girl,model_asset,,assets/beyond/arts/entity/actor/girl/bounda/models/sk_actor_bounda_01.fbx,,,,0,163000,main/af1e6072b9efd3d1853ec5a0.ab,,
chr_0022_bounda,bounda,Girl,model_asset,,assets/beyond/arts/entity/actor/girl/bounda/models/sk_actor_bounda_01.fbx,,,,0,163000,main/af1e6072b9efd3d1853ec5a0.ab,,
chr_0022_bounda,bounda,Girl,model_asset,,assets/beyond/arts/entity/actor/girl/bounda/models/sk_actor_bounda_01.fbx,,,,0,163000,main/af1e6072b9efd3d1853ec5a0.ab,,
chr_0022_bounda,bounda,Girl,model_asset,,assets/beyond/arts/entity/actor/girl/bounda/models/sk_actor_bounda_01.fbx,,,,0,163000,main/af1e6072b9efd3d1853ec5a0.ab,,
chr_0022_bounda,bounda,Girl,model_asset,,assets/beyond/arts/entity/actor/girl/bounda/models/sk_actor_bounda_01.fbx,,,,0,163000,main/af1e6072b9efd3d1853ec5a0.ab,,
chr_0022_bounda,bounda,Girl,model_asset,,assets/beyond/arts/entity/actor/girl/bounda/models/sk_actor_bounda_01.fbx,,,,0,163000,main/af1e6072b9efd3d1853ec5a0.ab,,
chr_0022_bounda,bounda,Girl,model_asset,,assets/beyond/arts/entity/actor/girl/bounda/models/sk_actor_bounda_01.fbx,,,,0,163000,main/af1e6072b9efd3d1853ec5a0.ab,,
chr_0022_bounda,bounda,Girl,model_asset,,assets/beyond/arts/entity/actor/girl/bounda/models/sk_actor_bounda_01.fbx,,,,0,163000,main/af1e6072b9efd3d1853ec5a0.ab,,
chr_0022_bounda,bounda,Girl,model_asset,,assets/beyond/arts/entity/actor/girl/bounda/models/sk_actor_bounda_01.fbx,,,,0,163000,main/af1e6072b9efd3d1853ec5a0.ab,,
chr_0022_bounda,bounda,Girl,model_asset,,assets/beyond/arts/entity/actor/girl/bounda/models/sk_actor_bounda_01.fbx,,,,0,163000,main/af1e6072b9efd3d1853ec5a0.ab,,
chr_0022_bounda,bounda,Girl,model_asset,,assets/beyond/arts/entity/actor/girl/bounda/models/sk_actor_bounda_01.fbx,,,,0,163000,main/af1e6072b9efd3d1853ec5a0.ab,,
chr_0022_bounda,bounda,Girl,model_asset,,assets/beyond/arts/entity/actor/girl/bounda/models/sk_actor_bounda_01.fbx,,,,0,163000,main/af1e6072b9efd3d1853ec5a0.ab,,
chr_0022_bounda,bounda,Girl,model_asset,,assets/beyond/arts/entity/actor/girl/bounda/models/sk_actor_bounda_01.fbx,,,,0,163000,main/af1e6072b9efd3d1853ec5a0.ab,,
chr_0022_bounda,bounda,Girl,model_asset,,assets/beyond/arts/entity/actor/girl/bounda/models/sk_actor_bounda_01.fbx,,,,0,163000,main/af1e6072b9efd3d1853ec5a0.ab,,
chr_0022_bounda,bounda,Girl,model_asset,,assets/beyond/arts/entity/actor/girl/bounda/models/sk_actor_bounda_01.fbx,,,,0,163000,main/af1e6072b9efd3d1853ec5a0.ab,,
chr_0022_bounda,bounda,Girl,model_asset,,assets/beyond/arts/entity/actor/girl/bounda/models/sk_actor_bounda_01.fbx,,,,0,163000,main/af1e6072b9efd3d1853ec5a0.ab,,
chr_0022_bounda,bounda,Girl,model_asset,,assets/beyond/arts/entity/actor/girl/bounda/models/sk_actor_bounda_01.fbx,,,,0,163000,main/af1e6072b9efd3d1853ec5a0.ab,,
chr_0022_bounda,bounda,Girl,model_asset,,assets/beyond/arts/entity/actor/girl/bounda/models/sk_actor_bounda_01.fbx,,,,0,163000,main/af1e6072b9efd3d1853ec5a0.ab,,
chr_0022_bounda,bounda,Girl,model_asset,,assets/beyond/arts/entity/actor/girl/bounda/models/sk_actor_bounda_01.fbx,,,,0,163000,main/af1e6072b9efd3d1853ec5a0.ab,,
chr_0022_bounda,bounda,Girl,model_asset,,assets/beyond/arts/entity/actor/girl/bounda/models/sk_actor_bounda_01.fbx,,,,0,163000,main/af1e6072b9efd3d1853ec5a0.ab,,
chr_0022_bounda,bounda,Girl,model_asset,,assets/beyond/arts/entity/actor/girl/bounda/models/sk_actor_bounda_01.fbx,,,,0,163000,main/af1e6072b9efd3d1853ec5a0.ab,,
chr_0022_bounda,bounda,Girl,model_asset,,assets/beyond/arts/entity/actor/girl/bounda/models/sk_actor_bounda_01.fbx,,,,0,163000,main/af1e6072b9efd3d1853ec5a0.ab,,
chr_0022_bounda,bounda,Girl,model_asset,,assets/beyond/arts/entity/actor/girl/bounda/models/sk_actor_bounda_01.fbx,,,,0,163000,main/af1e6072b9efd3d1853ec5a0.ab,,
chr_0022_bounda,bounda,Girl,model_asset,,assets/beyond/arts/entity/actor/girl/bounda/models/sk_actor_bounda_01.fbx,,,,0,163000,main/af1e6072b9efd3d1853ec5a0.ab,,
chr_0022_bounda,bounda,Girl,model_asset,,assets/beyond/arts/entity/actor/girl/bounda/models/sk_actor_bounda_01.fbx,,,,0,163000,main/af1e6072b9efd3d1853ec5a0.ab,,
chr_0022_bounda,bounda,Girl,model_asset,,assets/beyond/arts/entity/actor/girl/bounda/models/sk_actor_bounda_01.fbx,,,,0,163000,main/af1e6072b9efd3d1853ec5a0.ab,,
chr_0022_bounda,bounda,Girl,model_asset,,assets/beyond/arts/entity/actor/girl/bounda/models/sk_actor_bounda_01.fbx,,,,0,163000,main/af1e6072b9efd3d1853ec5a0.ab,,
chr_0022_bounda,bounda,Girl,model_asset,,assets/beyond/arts/entity/actor/girl/bounda/models/sk_actor_bounda_01.fbx,,,,0,163000,main/af1e6072b9efd3d1853ec5a0.ab,,
chr_0022_bounda,bounda,Girl,model_asset,,assets/beyond/arts/entity/actor/girl/bounda/models/sk_actor_bounda_01.fbx,,,,0,163000,main/af1e6072b9efd3d1853ec5a0.ab,,
chr_0022_bounda,bounda,Girl,model_asset,,assets/beyond/arts/entity/actor/girl/bounda/models/sk_actor_bounda_01.fbx,,,,0,163000,main/af1e6072b9efd3d1853ec5a0.ab,,
chr_0022_bounda,bounda,Girl,model_asset,,assets/beyond/arts/entity/actor/girl/bounda/models/sk_actor_bounda_01.fbx,,,,0,163000,main/af1e6072b9efd3d1853ec5a0.ab,,
chr_0022_bounda,bounda,Girl,model_asset,,assets/beyond/arts/entity/actor/girl/bounda/models/sk_actor_bounda_01.fbx,,,,0,163000,main/af1e6072b9efd3d1853ec5a0.ab,,
chr_0022_bounda,bounda,Girl,model_asset,,assets/beyond/arts/entity/actor/girl/bounda/models/sk_actor_bounda_01.fbx,,,,0,163000,main/af1e6072b9efd3d1853ec5a0.ab,,
chr_0022_bounda,bounda,Girl,model_asset,,assets/beyond/arts/entity/actor/girl/bounda/models/sk_actor_bounda_01.fbx,,,,0,163000,main/af1e6072b9efd3d1853ec5a0.ab,,
chr_0022_bounda,bounda,Girl,model_asset,,assets/beyond/arts/entity/actor/girl/bounda/models/sk_actor_bounda_01.fbx,,,,0,163000,main/af1e6072b9efd3d1853ec5a0.ab,,
chr_0022_bounda,bounda,Girl,model_asset,,assets/beyond/arts/entity/actor/girl/bounda/models/sk_actor_bounda_01.fbx,,,,0,163000,main/af1e6072b9efd3d1853ec5a0.ab,,
chr_0022_bounda,bounda,Girl,model_asset,,assets/beyond/arts/entity/actor/girl/bounda/models/sk_actor_bounda_01.fbx,,,,0,163000,main/af1e6072b9efd3d1853ec5a0.ab,,
chr_0022_bounda,bounda,Girl,model_asset,,assets/beyond/arts/entity/actor/girl/bounda/models/sk_actor_bounda_01.fbx##s_actor_bounda_body_01_lod0,,,,365264,163000,main/af1e6072b9efd3d1853ec5a0.ab,,
chr_0022_bounda,bounda,Girl,model_asset,,assets/beyond/arts/entity/actor/girl/bounda/models/sk_actor_bounda_01.fbx##s_actor_bounda_body_01_lod1,,,,354560,163000,main/af1e6072b9efd3d1853ec5a0.ab,,
chr_0022_bounda,bounda,Girl,model_asset,,assets/beyond/arts/entity/actor/girl/bounda/models/sk_actor_bounda_01.fbx##s_actor_bounda_body_01_lod2,,,,192032,163000,main/af1e6072b9efd3d1853ec5a0.ab,,
chr_0022_bounda,bounda,Girl,model_asset,,assets/beyond/arts/entity/actor/girl/bounda/models/sk_actor_bounda_01.fbx##s_actor_bounda_body_01_lod3,,,,71232,163000,main/af1e6072b9efd3d1853ec5a0.ab,,
chr_0022_bounda,bounda,Girl,model_asset,,assets/beyond/arts/entity/actor/girl/bounda/models/sk_actor_bounda_01.fbx##s_actor_bounda_brow_01_lod0,,,,68168,163000,main/af1e6072b9efd3d1853ec5a0.ab,,
chr_0022_bounda,bounda,Girl,model_asset,,assets/beyond/arts/entity/actor/girl/bounda/models/sk_actor_bounda_01.fbx##s_actor_bounda_brow_01_lod1,,,,68168,163000,main/af1e6072b9efd3d1853ec5a0.ab,,
chr_0022_bounda,bounda,Girl,model_asset,,assets/beyond/arts/entity/actor/girl/bounda/models/sk_actor_bounda_01.fbx##s_actor_bounda_brow_01_lod2,,,,43336,163000,main/af1e6072b9efd3d1853ec5a0.ab,,
chr_0022_bounda,bounda,Girl,model_asset,,assets/beyond/arts/entity/actor/girl/bounda/models/sk_actor_bounda_01.fbx##s_actor_bounda_brow_01_lod3,,,,20352,163000,main/af1e6072b9efd3d1853ec5a0.ab,,
chr_0022_bounda,bounda,Girl,model_asset,,assets/beyond/arts/entity/actor/girl/bounda/models/sk_actor_bounda_01.fbx##s_actor_bounda_cloth_01_lod0,,,,3960957,163000,main/af1e6072b9efd3d1853ec5a0.ab,,
chr_0022_bounda,bounda,Girl,model_asset,,assets/beyond/arts/entity/actor/girl/bounda/models/sk_actor_bounda_01.fbx##s_actor_bounda_cloth_01_lod1,,,,2389221,163000,main/af1e6072b9efd3d1853ec5a0.ab,,
chr_0022_bounda,bounda,Girl,model_asset,,assets/beyond/arts/entity/actor/girl/bounda/models/sk_actor_bounda_01.fbx##s_actor_bounda_cloth_01_lod2,,,,1227793,163000,main/af1e6072b9efd3d1853ec5a0.ab,,
chr_0022_bounda,bounda,Girl,model_asset,,assets/beyond/arts/entity/actor/girl/bounda/models/sk_actor_bounda_01.fbx##s_actor_bounda_cloth_01_lod3,,,,449825,163000,main/af1e6072b9efd3d1853ec5a0.ab,,
chr_0022_bounda,bounda,Girl,model_asset,,assets/beyond/arts/entity/actor/girl/bounda/models/sk_actor_bounda_01.fbx##s_actor_bounda_cloth_02_lod0,,,,1280273,163000,main/af1e6072b9efd3d1853ec5a0.ab,,
chr_0022_bounda,bounda,Girl,model_asset,,assets/beyond/arts/entity/actor/girl/bounda/models/sk_actor_bounda_01.fbx##s_actor_bounda_cloth_02_lod1,,,,848601,163000,main/af1e6072b9efd3d1853ec5a0.ab,,
chr_0022_bounda,bounda,Girl,model_asset,,assets/beyond/arts/entity/actor/girl/bounda/models/sk_actor_bounda_01.fbx##s_actor_bounda_cloth_02_lod2,,,,441521,163000,main/af1e6072b9efd3d1853ec5a0.ab,,
chr_0022_bounda,bounda,Girl,model_asset,,assets/beyond/arts/entity/actor/girl/bounda/models/sk_actor_bounda_01.fbx##s_actor_bounda_cloth_02_lod3,,,,180689,163000,main/af1e6072b9efd3d1853ec5a0.ab,,
chr_0022_bounda,bounda,Girl,model_asset,,assets/beyond/arts/entity/actor/girl/bounda/models/sk_actor_bounda_01.fbx##s_actor_bounda_cloth_04_lod0,,,,11969,163000,main/af1e6072b9efd3d1853ec5a0.ab,,
chr_0022_bounda,bounda,Girl,model_asset,,assets/beyond/arts/entity/actor/girl/bounda/models/sk_actor_bounda_01.fbx##s_actor_bounda_cloth_04_lod1,,,,11969,163000,main/af1e6072b9efd3d1853ec5a0.ab,,
chr_0022_bounda,bounda,Girl,model_asset,,assets/beyond/arts/entity/actor/girl/bounda/models/sk_actor_bounda_01.fbx##s_actor_bounda_cloth_04_lod2,,,,12125,163000,main/af1e6072b9efd3d1853ec5a0.ab,,
chr_0022_bounda,bounda,Girl,model_asset,,assets/beyond/arts/entity/actor/girl/bounda/models/sk_actor_bounda_01.fbx##s_actor_bounda_cloth_04_lod3,,,,4025,163000,main/af1e6072b9efd3d1853ec5a0.ab,,
chr_0022_bounda,bounda,Girl,model_asset,,assets/beyond/arts/entity/actor/girl/bounda/models/sk_actor_bounda_01.fbx##s_actor_bounda_cloth_05_lod0,,,,5821,163000,main/af1e6072b9efd3d1853ec5a0.ab,,
chr_0022_bounda,bounda,Girl,model_asset,,assets/beyond/arts/entity/actor/girl/bounda/models/sk_actor_bounda_01.fbx##s_actor_bounda_cloth_05_lod1,,,,4797,163000,main/af1e6072b9efd3d1853ec5a0.ab,,
chr_0022_bounda,bounda,Girl,model_asset,,assets/beyond/arts/entity/actor/girl/bounda/models/sk_actor_bounda_01.fbx##s_actor_bounda_cloth_05_lod2,,,,4933,163000,main/af1e6072b9efd3d1853ec5a0.ab,,
chr_0022_bounda,bounda,Girl,model_asset,,assets/beyond/arts/entity/actor/girl/bounda/models/sk_actor_bounda_01.fbx##s_actor_bounda_clothshadowless_01_lod0,,,,43043,163000,main/af1e6072b9efd3d1853ec5a0.ab,,
chr_0022_bounda,bounda,Girl,model_asset,,assets/beyond/arts/entity/actor/girl/bounda/models/sk_actor_bounda_01.fbx##s_actor_bounda_clothshadowless_01_lod1,,,,31779,163000,main/af1e6072b9efd3d1853ec5a0.ab,,
chr_0022_bounda,bounda,Girl,model_asset,,assets/beyond/arts/entity/actor/girl/bounda/models/sk_actor_bounda_01.fbx##s_actor_bounda_clothshadowless_01_lod2,,,,13563,163000,main/af1e6072b9efd3d1853ec5a0.ab,,
chr_0022_bounda,bounda,Girl,model_asset,,assets/beyond/arts/entity/actor/girl/bounda/models/sk_actor_bounda_01.fbx##s_actor_bounda_clothshadowless_01_lod3,,,,6323,163000,main/af1e6072b9efd3d1853ec5a0.ab,,
chr_0022_bounda,bounda,Girl,model_asset,,assets/beyond/arts/entity/actor/girl/bounda/models/sk_actor_bounda_01.fbx##s_actor_bounda_eyeshadow_01_lod0,,,,7801,163000,main/af1e6072b9efd3d1853ec5a0.ab,,
chr_0022_bounda,bounda,Girl,model_asset,,assets/beyond/arts/entity/actor/girl/bounda/models/sk_actor_bounda_01.fbx##s_actor_bounda_eyeshadow_01_lod1,,,,7801,163000,main/af1e6072b9efd3d1853ec5a0.ab,,
chr_0022_bounda,bounda,Girl,model_asset,,assets/beyond/arts/entity/actor/girl/bounda/models/sk_actor_bounda_01.fbx##s_actor_bounda_face_01_lod0,,,,264476,163000,main/af1e6072b9efd3d1853ec5a0.ab,,
chr_0022_bounda,bounda,Girl,model_asset,,assets/beyond/arts/entity/actor/girl/bounda/models/sk_actor_bounda_01.fbx##s_actor_bounda_face_01_lod1,,,,264476,163000,main/af1e6072b9efd3d1853ec5a0.ab,,
chr_0022_bounda,bounda,Girl,model_asset,,assets/beyond/arts/entity/actor/girl/bounda/models/sk_actor_bounda_01.fbx##s_actor_bounda_face_01_lod2,,,,134288,163000,main/af1e6072b9efd3d1853ec5a0.ab,,
chr_0022_bounda,bounda,Girl,model_asset,,assets/beyond/arts/entity/actor/girl/bounda/models/sk_actor_bounda_01.fbx##s_actor_bounda_face_01_lod3,,,,40708,163000,main/af1e6072b9efd3d1853ec5a0.ab,,
chr_0022_bounda,bounda,Girl,model_asset,,assets/beyond/arts/entity/actor/girl/bounda/models/sk_actor_bounda_01.fbx##s_actor_bounda_hair_01_lod0,,,,978136,163000,main/af1e6072b9efd3d1853ec5a0.ab,,
chr_0022_bounda,bounda,Girl,model_asset,,assets/beyond/arts/entity/actor/girl/bounda/models/sk_actor_bounda_01.fbx##s_actor_bounda_hair_01_lod1,,,,508620,163000,main/af1e6072b9efd3d1853ec5a0.ab,,
chr_0022_bounda,bounda,Girl,model_asset,,assets/beyond/arts/entity/actor/girl/bounda/models/sk_actor_bounda_01.fbx##s_actor_bounda_hair_01_lod2,,,,263192,163000,main/af1e6072b9efd3d1853ec5a0.ab,,
chr_0022_bounda,bounda,Girl,model_asset,,assets/beyond/arts/entity/actor/girl/bounda/models/sk_actor_bounda_01.fbx##s_actor_bounda_hair_01_lod3,,,,176360,163000,main/af1e6072b9efd3d1853ec5a0.ab,,
chr_0022_bounda,bounda,Girl,model_asset,,assets/beyond/arts/entity/actor/girl/bounda/models/sk_actor_bounda_01.fbx##s_actor_bounda_hairshadow_01_lod0,,,,38158,163000,main/af1e6072b9efd3d1853ec5a0.ab,,
chr_0022_bounda,bounda,Girl,model_asset,,assets/beyond/arts/entity/actor/girl/bounda/models/sk_actor_bounda_01.fbx##s_actor_bounda_hairshadow_01_lod1,,,,30150,163000,main/af1e6072b9efd3d1853ec5a0.ab,,
chr_0022_bounda,bounda,Girl,model_asset,,assets/beyond/arts/entity/actor/girl/bounda/models/sk_actor_bounda_01.fbx##s_actor_bounda_iris_01_lod0,,,,30012,163000,main/af1e6072b9efd3d1853ec5a0.ab,,
chr_0022_bounda,bounda,Girl,model_asset,,assets/beyond/arts/entity/actor/girl/bounda/models/sk_actor_bounda_01.fbx##s_actor_bounda_iris_01_lod1,,,,30012,163000,main/af1e6072b9efd3d1853ec5a0.ab,,
chr_0022_bounda,bounda,Girl,model_asset,,assets/beyond/arts/entity/actor/girl/bounda/models/sk_actor_bounda_01.fbx##s_actor_bounda_iris_01_lod2,,,,6548,163000,main/af1e6072b9efd3d1853ec5a0.ab,,
chr_0022_bounda,bounda,Girl,model_asset,,assets/beyond/arts/entity/actor/girl/bounda/models/sk_actor_bounda_01.fbx##s_actor_bounda_iris_01_lod3,,,,5328,163000,main/af1e6072b9efd3d1853ec5a0.ab,,
chr_0022_bounda,bounda,Girl,model_asset,,assets/beyond/arts/entity/actor/girl/bounda/models/sk_actor_bounda_01.fbx##sk_actor_bounda_01avatar,,,,159802,163000,main/af1e6072b9efd3d1853ec5a0.ab,,
chr_0023_antal,antal,Boy,postmodel,chr_0023_antal_postmodel,assets/beyond/dynamicassets/gameplay/actors/postmodels/characters/chr_0023_antal_postmodel.prefab,assets/beyond/dynamicassets/gameplay/actors/postmodels/characters/chr_0023_antal_postmodel.prefab,1148499849934587799,0x0FF04A874BF0C797,520,121305,main/820a924a0d0845b71c7733c0.ab,842789199054456757,0x0BB2304FAE2D47B5
chr_0023_antal,antal,Boy,model_asset,,assets/beyond/arts/entity/actor/boy/antal/models/s_actor_antal_body_01_lod0.asset,,,,251355,49242,main/342703e4496d602068150b33.ab,,
chr_0023_antal,antal,Boy,model_asset,,assets/beyond/arts/entity/actor/boy/antal/models/s_actor_antal_cloth_01_lod0.asset,,,,3191528,98508,main/698ba0fd0eaa567b2aad731c.ab,,
chr_0023_antal,antal,Boy,model_asset,,assets/beyond/arts/entity/actor/boy/antal/models/s_actor_antal_cloth_02_lod0.asset,,,,1630164,136685,main/92b087b4b842673e046eb303.ab,,
chr_0023_antal,antal,Boy,model_asset,,assets/beyond/arts/entity/actor/boy/antal/models/s_actor_antal_face_01_lod0.asset,,,,390603,138597,main/94bef048cb4944e3b9846178.ab,,
chr_0023_antal,antal,Boy,model_asset,,assets/beyond/arts/entity/actor/boy/antal/models/sk_actor_antal_01.fbx,,,,0,178449,main/bfcefda98a30a380d1f1854b.ab,,
chr_0023_antal,antal,Boy,model_asset,,assets/beyond/arts/entity/actor/boy/antal/models/sk_actor_antal_01.fbx,,,,0,178449,main/bfcefda98a30a380d1f1854b.ab,,
chr_0023_antal,antal,Boy,model_asset,,assets/beyond/arts/entity/actor/boy/antal/models/sk_actor_antal_01.fbx,,,,0,178449,main/bfcefda98a30a380d1f1854b.ab,,
chr_0023_antal,antal,Boy,model_asset,,assets/beyond/arts/entity/actor/boy/antal/models/sk_actor_antal_01.fbx,,,,0,178449,main/bfcefda98a30a380d1f1854b.ab,,
chr_0023_antal,antal,Boy,model_asset,,assets/beyond/arts/entity/actor/boy/antal/models/sk_actor_antal_01.fbx,,,,0,178449,main/bfcefda98a30a380d1f1854b.ab,,
chr_0023_antal,antal,Boy,model_asset,,assets/beyond/arts/entity/actor/boy/antal/models/sk_actor_antal_01.fbx,,,,0,178449,main/bfcefda98a30a380d1f1854b.ab,,
chr_0023_antal,antal,Boy,model_asset,,assets/beyond/arts/entity/actor/boy/antal/models/sk_actor_antal_01.fbx,,,,0,178449,main/bfcefda98a30a380d1f1854b.ab,,
chr_0023_antal,antal,Boy,model_asset,,assets/beyond/arts/entity/actor/boy/antal/models/sk_actor_antal_01.fbx,,,,0,178449,main/bfcefda98a30a380d1f1854b.ab,,
chr_0023_antal,antal,Boy,model_asset,,assets/beyond/arts/entity/actor/boy/antal/models/sk_actor_antal_01.fbx,,,,0,178449,main/bfcefda98a30a380d1f1854b.ab,,
chr_0023_antal,antal,Boy,model_asset,,assets/beyond/arts/entity/actor/boy/antal/models/sk_actor_antal_01.fbx,,,,0,178449,main/bfcefda98a30a380d1f1854b.ab,,
chr_0023_antal,antal,Boy,model_asset,,assets/beyond/arts/entity/actor/boy/antal/models/sk_actor_antal_01.fbx,,,,0,178449,main/bfcefda98a30a380d1f1854b.ab,,
chr_0023_antal,antal,Boy,model_asset,,assets/beyond/arts/entity/actor/boy/antal/models/sk_actor_antal_01.fbx,,,,0,178449,main/bfcefda98a30a380d1f1854b.ab,,
chr_0023_antal,antal,Boy,model_asset,,assets/beyond/arts/entity/actor/boy/antal/models/sk_actor_antal_01.fbx,,,,0,178449,main/bfcefda98a30a380d1f1854b.ab,,
chr_0023_antal,antal,Boy,model_asset,,assets/beyond/arts/entity/actor/boy/antal/models/sk_actor_antal_01.fbx,,,,0,178449,main/bfcefda98a30a380d1f1854b.ab,,
chr_0023_antal,antal,Boy,model_asset,,assets/beyond/arts/entity/actor/boy/antal/models/sk_actor_antal_01.fbx,,,,0,178449,main/bfcefda98a30a380d1f1854b.ab,,
chr_0023_antal,antal,Boy,model_asset,,assets/beyond/arts/entity/actor/boy/antal/models/sk_actor_antal_01.fbx,,,,0,178449,main/bfcefda98a30a380d1f1854b.ab,,
chr_0023_antal,antal,Boy,model_asset,,assets/beyond/arts/entity/actor/boy/antal/models/sk_actor_antal_01.fbx,,,,0,178449,main/bfcefda98a30a380d1f1854b.ab,,
chr_0023_antal,antal,Boy,model_asset,,assets/beyond/arts/entity/actor/boy/antal/models/sk_actor_antal_01.fbx,,,,0,178449,main/bfcefda98a30a380d1f1854b.ab,,
chr_0023_antal,antal,Boy,model_asset,,assets/beyond/arts/entity/actor/boy/antal/models/sk_actor_antal_01.fbx,,,,0,178449,main/bfcefda98a30a380d1f1854b.ab,,
chr_0023_antal,antal,Boy,model_asset,,assets/beyond/arts/entity/actor/boy/antal/models/sk_actor_antal_01.fbx,,,,0,178449,main/bfcefda98a30a380d1f1854b.ab,,
chr_0023_antal,antal,Boy,model_asset,,assets/beyond/arts/entity/actor/boy/antal/models/sk_actor_antal_01.fbx,,,,0,178449,main/bfcefda98a30a380d1f1854b.ab,,
chr_0023_antal,antal,Boy,model_asset,,assets/beyond/arts/entity/actor/boy/antal/models/sk_actor_antal_01.fbx,,,,0,178449,main/bfcefda98a30a380d1f1854b.ab,,
chr_0023_antal,antal,Boy,model_asset,,assets/beyond/arts/entity/actor/boy/antal/models/sk_actor_antal_01.fbx,,,,0,178449,main/bfcefda98a30a380d1f1854b.ab,,
chr_0023_antal,antal,Boy,model_asset,,assets/beyond/arts/entity/actor/boy/antal/models/sk_actor_antal_01.fbx,,,,0,178449,main/bfcefda98a30a380d1f1854b.ab,,
chr_0023_antal,antal,Boy,model_asset,,assets/beyond/arts/entity/actor/boy/antal/models/sk_actor_antal_01.fbx##s_actor_antal_body_01_lod0,,,,231067,178449,main/bfcefda98a30a380d1f1854b.ab,,
chr_0023_antal,antal,Boy,model_asset,,assets/beyond/arts/entity/actor/boy/antal/models/sk_actor_antal_01.fbx##s_actor_antal_body_01_lod1,,,,199507,178449,main/bfcefda98a30a380d1f1854b.ab,,
chr_0023_antal,antal,Boy,model_asset,,assets/beyond/arts/entity/actor/boy/antal/models/sk_actor_antal_01.fbx##s_actor_antal_body_01_lod2,,,,172451,178449,main/bfcefda98a30a380d1f1854b.ab,,
chr_0023_antal,antal,Boy,model_asset,,assets/beyond/arts/entity/actor/boy/antal/models/sk_actor_antal_01.fbx##s_actor_antal_body_01_lod3,,,,95471,178449,main/bfcefda98a30a380d1f1854b.ab,,
chr_0023_antal,antal,Boy,model_asset,,assets/beyond/arts/entity/actor/boy/antal/models/sk_actor_antal_01.fbx##s_actor_antal_cloth_01_lod0,,,,2923592,178449,main/bfcefda98a30a380d1f1854b.ab,,
chr_0023_antal,antal,Boy,model_asset,,assets/beyond/arts/entity/actor/boy/antal/models/sk_actor_antal_01.fbx##s_actor_antal_cloth_01_lod1,,,,2656420,178449,main/bfcefda98a30a380d1f1854b.ab,,
chr_0023_antal,antal,Boy,model_asset,,assets/beyond/arts/entity/actor/boy/antal/models/sk_actor_antal_01.fbx##s_actor_antal_cloth_01_lod2,,,,1248472,178449,main/bfcefda98a30a380d1f1854b.ab,,
chr_0023_antal,antal,Boy,model_asset,,assets/beyond/arts/entity/actor/boy/antal/models/sk_actor_antal_01.fbx##s_actor_antal_cloth_01_lod3,,,,595824,178449,main/bfcefda98a30a380d1f1854b.ab,,
chr_0023_antal,antal,Boy,model_asset,,assets/beyond/arts/entity/actor/boy/antal/models/sk_actor_antal_01.fbx##s_actor_antal_cloth_02_lod0,,,,1489540,178449,main/bfcefda98a30a380d1f1854b.ab,,
chr_0023_antal,antal,Boy,model_asset,,assets/beyond/arts/entity/actor/boy/antal/models/sk_actor_antal_01.fbx##s_actor_antal_cloth_02_lod1,,,,1421744,178449,main/bfcefda98a30a380d1f1854b.ab,,
chr_0023_antal,antal,Boy,model_asset,,assets/beyond/arts/entity/actor/boy/antal/models/sk_actor_antal_01.fbx##s_actor_antal_cloth_02_lod2,,,,729524,178449,main/bfcefda98a30a380d1f1854b.ab,,
chr_0023_antal,antal,Boy,model_asset,,assets/beyond/arts/entity/actor/boy/antal/models/sk_actor_antal_01.fbx##s_actor_antal_cloth_02_lod3,,,,241108,178449,main/bfcefda98a30a380d1f1854b.ab,,
chr_0023_antal,antal,Boy,model_asset,,assets/beyond/arts/entity/actor/boy/antal/models/sk_actor_antal_01.fbx##s_actor_antal_eyelid_01_lod0,,,,21437,178449,main/bfcefda98a30a380d1f1854b.ab,,
chr_0023_antal,antal,Boy,model_asset,,assets/beyond/arts/entity/actor/boy/antal/models/sk_actor_antal_01.fbx##s_actor_antal_eyelid_01_lod1,,,,20189,178449,main/bfcefda98a30a380d1f1854b.ab,,
chr_0023_antal,antal,Boy,model_asset,,assets/beyond/arts/entity/actor/boy/antal/models/sk_actor_antal_01.fbx##s_actor_antal_eyelid_01_lod2,,,,20189,178449,main/bfcefda98a30a380d1f1854b.ab,,
chr_0023_antal,antal,Boy,model_asset,,assets/beyond/arts/entity/actor/boy/antal/models/sk_actor_antal_01.fbx##s_actor_antal_face_01_lod0,,,,357979,178449,main/bfcefda98a30a380d1f1854b.ab,,
chr_0023_antal,antal,Boy,model_asset,,assets/beyond/arts/entity/actor/boy/antal/models/sk_actor_antal_01.fbx##s_actor_antal_face_01_lod1,,,,338499,178449,main/bfcefda98a30a380d1f1854b.ab,,
chr_0023_antal,antal,Boy,model_asset,,assets/beyond/arts/entity/actor/boy/antal/models/sk_actor_antal_01.fbx##s_actor_antal_face_01_lod2,,,,273663,178449,main/bfcefda98a30a380d1f1854b.ab,,
chr_0023_antal,antal,Boy,model_asset,,assets/beyond/arts/entity/actor/boy/antal/models/sk_actor_antal_01.fbx##s_actor_antal_face_01_lod3,,,,165363,178449,main/bfcefda98a30a380d1f1854b.ab,,
chr_0023_antal,antal,Boy,model_asset,,assets/beyond/arts/entity/actor/boy/antal/models/sk_actor_antal_01.fbx##s_actor_antal_iris_01_lod0,,,,47147,178449,main/bfcefda98a30a380d1f1854b.ab,,
chr_0023_antal,antal,Boy,model_asset,,assets/beyond/arts/entity/actor/boy/antal/models/sk_actor_antal_01.fbx##s_actor_antal_iris_01_lod1,,,,25139,178449,main/bfcefda98a30a380d1f1854b.ab,,
chr_0023_antal,antal,Boy,model_asset,,assets/beyond/arts/entity/actor/boy/antal/models/sk_actor_antal_01.fbx##s_actor_antal_iris_01_lod2,,,,25071,178449,main/bfcefda98a30a380d1f1854b.ab,,
chr_0023_antal,antal,Boy,model_asset,,assets/beyond/arts/entity/actor/boy/antal/models/sk_actor_antal_01.fbx##s_actor_antal_iris_01_lod3,,,,5687,178449,main/bfcefda98a30a380d1f1854b.ab,,
chr_0023_antal,antal,Boy,model_asset,,assets/beyond/arts/entity/actor/boy/antal/models/sk_actor_antal_01.fbx##sk_actor_antal_01avatar,,,,105949,178449,main/bfcefda98a30a380d1f1854b.ab,,
chr_0024_deepfin,deepfin,Gentleman,postmodel,chr_0024_deepfin_postmodel,assets/beyond/dynamicassets/gameplay/actors/postmodels/characters/chr_0024_deepfin_postmodel.prefab,assets/beyond/dynamicassets/gameplay/actors/postmodels/characters/chr_0024_deepfin_postmodel.prefab,272373000554869103,0x03C7A9CD087AF16F,520,81934,main/57b0a22ba9f05942cfd0d98d.ab,178072986934990924,0x0278A4702A5A584C
chr_0024_deepfin,deepfin,Gentleman,model_asset,,assets/beyond/arts/entity/actor/gentleman/deepfin/models/s_actor_deepfin_body_01_lod0.asset,,,,61965,129785,main/8b32c1c8f2a21c6a577ad36d.ab,,
chr_0024_deepfin,deepfin,Gentleman,model_asset,,assets/beyond/arts/entity/actor/gentleman/deepfin/models/s_actor_deepfin_cloth_01_lod0.asset,,,,4895238,174823,main/bbf656865345bfcbafddb163.ab,,
chr_0024_deepfin,deepfin,Gentleman,model_asset,,assets/beyond/arts/entity/actor/gentleman/deepfin/models/s_actor_deepfin_face_01_lod0.asset,,,,360181,47536,main/324a3558d5cc01af3ebf17cb.ab,,
chr_0024_deepfin,deepfin,Gentleman,model_asset,,assets/beyond/arts/entity/actor/gentleman/deepfin/models/s_actor_deepfin_fur_01_lod0_20.asset,,,,819303,123536,main/846cf47500410ee411e85753.ab,,
chr_0024_deepfin,deepfin,Gentleman,model_asset,,assets/beyond/arts/entity/actor/gentleman/deepfin/models/s_actor_deepfin_fur_01_lod1_8.asset,,,,329126,44296,main/2ed23bd83e4cb5bf753961f7.ab,,
chr_0024_deepfin,deepfin,Gentleman,model_asset,,assets/beyond/arts/entity/actor/gentleman/deepfin/models/s_actor_deepfin_hair_01_lod0.asset,,,,1612521,64941,main/451c5948122f2b15836f43d8.ab,,
chr_0024_deepfin,deepfin,Gentleman,model_asset,,assets/beyond/arts/entity/actor/gentleman/deepfin/models/sk_actor_deepfin_01.fbx,,,,0,101305,main/6c7eab74253810e0de1d30ff.ab,,
chr_0024_deepfin,deepfin,Gentleman,model_asset,,assets/beyond/arts/entity/actor/gentleman/deepfin/models/sk_actor_deepfin_01.fbx,,,,0,101305,main/6c7eab74253810e0de1d30ff.ab,,
chr_0024_deepfin,deepfin,Gentleman,model_asset,,assets/beyond/arts/entity/actor/gentleman/deepfin/models/sk_actor_deepfin_01.fbx,,,,0,101305,main/6c7eab74253810e0de1d30ff.ab,,
chr_0024_deepfin,deepfin,Gentleman,model_asset,,assets/beyond/arts/entity/actor/gentleman/deepfin/models/sk_actor_deepfin_01.fbx,,,,0,101305,main/6c7eab74253810e0de1d30ff.ab,,
chr_0024_deepfin,deepfin,Gentleman,model_asset,,assets/beyond/arts/entity/actor/gentleman/deepfin/models/sk_actor_deepfin_01.fbx,,,,0,101305,main/6c7eab74253810e0de1d30ff.ab,,
chr_0024_deepfin,deepfin,Gentleman,model_asset,,assets/beyond/arts/entity/actor/gentleman/deepfin/models/sk_actor_deepfin_01.fbx,,,,0,101305,main/6c7eab74253810e0de1d30ff.ab,,
chr_0024_deepfin,deepfin,Gentleman,model_asset,,assets/beyond/arts/entity/actor/gentleman/deepfin/models/sk_actor_deepfin_01.fbx,,,,0,101305,main/6c7eab74253810e0de1d30ff.ab,,
chr_0024_deepfin,deepfin,Gentleman,model_asset,,assets/beyond/arts/entity/actor/gentleman/deepfin/models/sk_actor_deepfin_01.fbx,,,,0,101305,main/6c7eab74253810e0de1d30ff.ab,,
chr_0024_deepfin,deepfin,Gentleman,model_asset,,assets/beyond/arts/entity/actor/gentleman/deepfin/models/sk_actor_deepfin_01.fbx,,,,0,101305,main/6c7eab74253810e0de1d30ff.ab,,
chr_0024_deepfin,deepfin,Gentleman,model_asset,,assets/beyond/arts/entity/actor/gentleman/deepfin/models/sk_actor_deepfin_01.fbx,,,,0,101305,main/6c7eab74253810e0de1d30ff.ab,,
chr_0024_deepfin,deepfin,Gentleman,model_asset,,assets/beyond/arts/entity/actor/gentleman/deepfin/models/sk_actor_deepfin_01.fbx,,,,0,101305,main/6c7eab74253810e0de1d30ff.ab,,
chr_0024_deepfin,deepfin,Gentleman,model_asset,,assets/beyond/arts/entity/actor/gentleman/deepfin/models/sk_actor_deepfin_01.fbx,,,,0,101305,main/6c7eab74253810e0de1d30ff.ab,,
chr_0024_deepfin,deepfin,Gentleman,model_asset,,assets/beyond/arts/entity/actor/gentleman/deepfin/models/sk_actor_deepfin_01.fbx,,,,0,101305,main/6c7eab74253810e0de1d30ff.ab,,
chr_0024_deepfin,deepfin,Gentleman,model_asset,,assets/beyond/arts/entity/actor/gentleman/deepfin/models/sk_actor_deepfin_01.fbx,,,,0,101305,main/6c7eab74253810e0de1d30ff.ab,,
chr_0024_deepfin,deepfin,Gentleman,model_asset,,assets/beyond/arts/entity/actor/gentleman/deepfin/models/sk_actor_deepfin_01.fbx,,,,0,101305,main/6c7eab74253810e0de1d30ff.ab,,
chr_0024_deepfin,deepfin,Gentleman,model_asset,,assets/beyond/arts/entity/actor/gentleman/deepfin/models/sk_actor_deepfin_01.fbx,,,,0,101305,main/6c7eab74253810e0de1d30ff.ab,,
chr_0024_deepfin,deepfin,Gentleman,model_asset,,assets/beyond/arts/entity/actor/gentleman/deepfin/models/sk_actor_deepfin_01.fbx,,,,0,101305,main/6c7eab74253810e0de1d30ff.ab,,
chr_0024_deepfin,deepfin,Gentleman,model_asset,,assets/beyond/arts/entity/actor/gentleman/deepfin/models/sk_actor_deepfin_01.fbx,,,,0,101305,main/6c7eab74253810e0de1d30ff.ab,,
chr_0024_deepfin,deepfin,Gentleman,model_asset,,assets/beyond/arts/entity/actor/gentleman/deepfin/models/sk_actor_deepfin_01.fbx,,,,0,101305,main/6c7eab74253810e0de1d30ff.ab,,
chr_0024_deepfin,deepfin,Gentleman,model_asset,,assets/beyond/arts/entity/actor/gentleman/deepfin/models/sk_actor_deepfin_01.fbx,,,,0,101305,main/6c7eab74253810e0de1d30ff.ab,,
chr_0024_deepfin,deepfin,Gentleman,model_asset,,assets/beyond/arts/entity/actor/gentleman/deepfin/models/sk_actor_deepfin_01.fbx,,,,0,101305,main/6c7eab74253810e0de1d30ff.ab,,
chr_0024_deepfin,deepfin,Gentleman,model_asset,,assets/beyond/arts/entity/actor/gentleman/deepfin/models/sk_actor_deepfin_01.fbx,,,,0,101305,main/6c7eab74253810e0de1d30ff.ab,,
chr_0024_deepfin,deepfin,Gentleman,model_asset,,assets/beyond/arts/entity/actor/gentleman/deepfin/models/sk_actor_deepfin_01.fbx,,,,0,101305,main/6c7eab74253810e0de1d30ff.ab,,
chr_0024_deepfin,deepfin,Gentleman,model_asset,,assets/beyond/arts/entity/actor/gentleman/deepfin/models/sk_actor_deepfin_01.fbx,,,,0,101305,main/6c7eab74253810e0de1d30ff.ab,,
chr_0024_deepfin,deepfin,Gentleman,model_asset,,assets/beyond/arts/entity/actor/gentleman/deepfin/models/sk_actor_deepfin_01.fbx,,,,0,101305,main/6c7eab74253810e0de1d30ff.ab,,
chr_0024_deepfin,deepfin,Gentleman,model_asset,,assets/beyond/arts/entity/actor/gentleman/deepfin/models/sk_actor_deepfin_01.fbx,,,,0,101305,main/6c7eab74253810e0de1d30ff.ab,,
chr_0024_deepfin,deepfin,Gentleman,model_asset,,assets/beyond/arts/entity/actor/gentleman/deepfin/models/sk_actor_deepfin_01.fbx,,,,0,101305,main/6c7eab74253810e0de1d30ff.ab,,
chr_0024_deepfin,deepfin,Gentleman,model_asset,,assets/beyond/arts/entity/actor/gentleman/deepfin/models/sk_actor_deepfin_01.fbx,,,,0,101305,main/6c7eab74253810e0de1d30ff.ab,,
chr_0024_deepfin,deepfin,Gentleman,model_asset,,assets/beyond/arts/entity/actor/gentleman/deepfin/models/sk_actor_deepfin_01.fbx,,,,0,101305,main/6c7eab74253810e0de1d30ff.ab,,
chr_0024_deepfin,deepfin,Gentleman,model_asset,,assets/beyond/arts/entity/actor/gentleman/deepfin/models/sk_actor_deepfin_01.fbx,,,,0,101305,main/6c7eab74253810e0de1d30ff.ab,,
chr_0024_deepfin,deepfin,Gentleman,model_asset,,assets/beyond/arts/entity/actor/gentleman/deepfin/models/sk_actor_deepfin_01.fbx,,,,0,101305,main/6c7eab74253810e0de1d30ff.ab,,
chr_0024_deepfin,deepfin,Gentleman,model_asset,,assets/beyond/arts/entity/actor/gentleman/deepfin/models/sk_actor_deepfin_01.fbx,,,,0,101305,main/6c7eab74253810e0de1d30ff.ab,,
chr_0024_deepfin,deepfin,Gentleman,model_asset,,assets/beyond/arts/entity/actor/gentleman/deepfin/models/sk_actor_deepfin_01.fbx,,,,0,101305,main/6c7eab74253810e0de1d30ff.ab,,
chr_0024_deepfin,deepfin,Gentleman,model_asset,,assets/beyond/arts/entity/actor/gentleman/deepfin/models/sk_actor_deepfin_01.fbx,,,,0,101305,main/6c7eab74253810e0de1d30ff.ab,,
chr_0024_deepfin,deepfin,Gentleman,model_asset,,assets/beyond/arts/entity/actor/gentleman/deepfin/models/sk_actor_deepfin_01.fbx,,,,0,101305,main/6c7eab74253810e0de1d30ff.ab,,
chr_0024_deepfin,deepfin,Gentleman,model_asset,,assets/beyond/arts/entity/actor/gentleman/deepfin/models/sk_actor_deepfin_01.fbx,,,,0,101305,main/6c7eab74253810e0de1d30ff.ab,,
chr_0024_deepfin,deepfin,Gentleman,model_asset,,assets/beyond/arts/entity/actor/gentleman/deepfin/models/sk_actor_deepfin_01.fbx,,,,0,101305,main/6c7eab74253810e0de1d30ff.ab,,
chr_0024_deepfin,deepfin,Gentleman,model_asset,,assets/beyond/arts/entity/actor/gentleman/deepfin/models/sk_actor_deepfin_01.fbx##s_actor_deepfin_body_01_lod0,,,,57133,101305,main/6c7eab74253810e0de1d30ff.ab,,
chr_0024_deepfin,deepfin,Gentleman,model_asset,,assets/beyond/arts/entity/actor/gentleman/deepfin/models/sk_actor_deepfin_01.fbx##s_actor_deepfin_body_01_lod1,,,,54985,101305,main/6c7eab74253810e0de1d30ff.ab,,
chr_0024_deepfin,deepfin,Gentleman,model_asset,,assets/beyond/arts/entity/actor/gentleman/deepfin/models/sk_actor_deepfin_01.fbx##s_actor_deepfin_body_01_lod2,,,,30641,101305,main/6c7eab74253810e0de1d30ff.ab,,
chr_0024_deepfin,deepfin,Gentleman,model_asset,,assets/beyond/arts/entity/actor/gentleman/deepfin/models/sk_actor_deepfin_01.fbx##s_actor_deepfin_body_01_lod3,,,,19545,101305,main/6c7eab74253810e0de1d30ff.ab,,
chr_0024_deepfin,deepfin,Gentleman,model_asset,,assets/beyond/arts/entity/actor/gentleman/deepfin/models/sk_actor_deepfin_01.fbx##s_actor_deepfin_brow_01_lod0,,,,62873,101305,main/6c7eab74253810e0de1d30ff.ab,,
chr_0024_deepfin,deepfin,Gentleman,model_asset,,assets/beyond/arts/entity/actor/gentleman/deepfin/models/sk_actor_deepfin_01.fbx##s_actor_deepfin_brow_01_lod1,,,,62873,101305,main/6c7eab74253810e0de1d30ff.ab,,
chr_0024_deepfin,deepfin,Gentleman,model_asset,,assets/beyond/arts/entity/actor/gentleman/deepfin/models/sk_actor_deepfin_01.fbx##s_actor_deepfin_brow_01_lod2,,,,34557,101305,main/6c7eab74253810e0de1d30ff.ab,,
chr_0024_deepfin,deepfin,Gentleman,model_asset,,assets/beyond/arts/entity/actor/gentleman/deepfin/models/sk_actor_deepfin_01.fbx##s_actor_deepfin_brow_01_lod3,,,,13161,101305,main/6c7eab74253810e0de1d30ff.ab,,
chr_0024_deepfin,deepfin,Gentleman,model_asset,,assets/beyond/arts/entity/actor/gentleman/deepfin/models/sk_actor_deepfin_01.fbx##s_actor_deepfin_cloth_01_lod0,,,,4484470,101305,main/6c7eab74253810e0de1d30ff.ab,,
chr_0024_deepfin,deepfin,Gentleman,model_asset,,assets/beyond/arts/entity/actor/gentleman/deepfin/models/sk_actor_deepfin_01.fbx##s_actor_deepfin_cloth_01_lod1,,,,2698042,101305,main/6c7eab74253810e0de1d30ff.ab,,
chr_0024_deepfin,deepfin,Gentleman,model_asset,,assets/beyond/arts/entity/actor/gentleman/deepfin/models/sk_actor_deepfin_01.fbx##s_actor_deepfin_cloth_01_lod2,,,,1545418,101305,main/6c7eab74253810e0de1d30ff.ab,,
chr_0024_deepfin,deepfin,Gentleman,model_asset,,assets/beyond/arts/entity/actor/gentleman/deepfin/models/sk_actor_deepfin_01.fbx##s_actor_deepfin_cloth_01_lod3,,,,717758,101305,main/6c7eab74253810e0de1d30ff.ab,,
chr_0024_deepfin,deepfin,Gentleman,model_asset,,assets/beyond/arts/entity/actor/gentleman/deepfin/models/sk_actor_deepfin_01.fbx##s_actor_deepfin_eyeshadow_01_lod0,,,,7722,101305,main/6c7eab74253810e0de1d30ff.ab,,
chr_0024_deepfin,deepfin,Gentleman,model_asset,,assets/beyond/arts/entity/actor/gentleman/deepfin/models/sk_actor_deepfin_01.fbx##s_actor_deepfin_eyeshadow_01_lod1,,,,7722,101305,main/6c7eab74253810e0de1d30ff.ab,,
chr_0024_deepfin,deepfin,Gentleman,model_asset,,assets/beyond/arts/entity/actor/gentleman/deepfin/models/sk_actor_deepfin_01.fbx##s_actor_deepfin_face_01_lod0,,,,331589,101305,main/6c7eab74253810e0de1d30ff.ab,,
chr_0024_deepfin,deepfin,Gentleman,model_asset,,assets/beyond/arts/entity/actor/gentleman/deepfin/models/sk_actor_deepfin_01.fbx##s_actor_deepfin_face_01_lod1,,,,331589,101305,main/6c7eab74253810e0de1d30ff.ab,,
chr_0024_deepfin,deepfin,Gentleman,model_asset,,assets/beyond/arts/entity/actor/gentleman/deepfin/models/sk_actor_deepfin_01.fbx##s_actor_deepfin_face_01_lod2,,,,121405,101305,main/6c7eab74253810e0de1d30ff.ab,,
chr_0024_deepfin,deepfin,Gentleman,model_asset,,assets/beyond/arts/entity/actor/gentleman/deepfin/models/sk_actor_deepfin_01.fbx##s_actor_deepfin_face_01_lod3,,,,42485,101305,main/6c7eab74253810e0de1d30ff.ab,,
chr_0024_deepfin,deepfin,Gentleman,model_asset,,assets/beyond/arts/entity/actor/gentleman/deepfin/models/sk_actor_deepfin_01.fbx##s_actor_deepfin_fur_01_lod0,,,,34908,101305,main/6c7eab74253810e0de1d30ff.ab,,
chr_0024_deepfin,deepfin,Gentleman,model_asset,,assets/beyond/arts/entity/actor/gentleman/deepfin/models/sk_actor_deepfin_01.fbx##s_actor_deepfin_fur_01_lod1,,,,34908,101305,main/6c7eab74253810e0de1d30ff.ab,,
chr_0024_deepfin,deepfin,Gentleman,model_asset,,assets/beyond/arts/entity/actor/gentleman/deepfin/models/sk_actor_deepfin_01.fbx##s_actor_deepfin_fur_01_lod2,,,,34908,101305,main/6c7eab74253810e0de1d30ff.ab,,
chr_0024_deepfin,deepfin,Gentleman,model_asset,,assets/beyond/arts/entity/actor/gentleman/deepfin/models/sk_actor_deepfin_01.fbx##s_actor_deepfin_fur_01_lod3,,,,18060,101305,main/6c7eab74253810e0de1d30ff.ab,,
chr_0024_deepfin,deepfin,Gentleman,model_asset,,assets/beyond/arts/entity/actor/gentleman/deepfin/models/sk_actor_deepfin_01.fbx##s_actor_deepfin_gouweicao_01_lod0,,,,99534,101305,main/6c7eab74253810e0de1d30ff.ab,,
chr_0024_deepfin,deepfin,Gentleman,model_asset,,assets/beyond/arts/entity/actor/gentleman/deepfin/models/sk_actor_deepfin_01.fbx##s_actor_deepfin_gouweicao_01_lod1,,,,60718,101305,main/6c7eab74253810e0de1d30ff.ab,,
chr_0024_deepfin,deepfin,Gentleman,model_asset,,assets/beyond/arts/entity/actor/gentleman/deepfin/models/sk_actor_deepfin_01.fbx##s_actor_deepfin_gouweicao_01_lod2,,,,42718,101305,main/6c7eab74253810e0de1d30ff.ab,,
chr_0024_deepfin,deepfin,Gentleman,model_asset,,assets/beyond/arts/entity/actor/gentleman/deepfin/models/sk_actor_deepfin_01.fbx##s_actor_deepfin_gouweicao_01_lod3,,,,42718,101305,main/6c7eab74253810e0de1d30ff.ab,,
chr_0024_deepfin,deepfin,Gentleman,model_asset,,assets/beyond/arts/entity/actor/gentleman/deepfin/models/sk_actor_deepfin_01.fbx##s_actor_deepfin_hair_01_lod0,,,,1476153,101305,main/6c7eab74253810e0de1d30ff.ab,,
chr_0024_deepfin,deepfin,Gentleman,model_asset,,assets/beyond/arts/entity/actor/gentleman/deepfin/models/sk_actor_deepfin_01.fbx##s_actor_deepfin_hair_01_lod1,,,,771397,101305,main/6c7eab74253810e0de1d30ff.ab,,
chr_0024_deepfin,deepfin,Gentleman,model_asset,,assets/beyond/arts/entity/actor/gentleman/deepfin/models/sk_actor_deepfin_01.fbx##s_actor_deepfin_hair_01_lod2,,,,410861,101305,main/6c7eab74253810e0de1d30ff.ab,,
chr_0024_deepfin,deepfin,Gentleman,model_asset,,assets/beyond/arts/entity/actor/gentleman/deepfin/models/sk_actor_deepfin_01.fbx##s_actor_deepfin_hair_01_lod3,,,,201121,101305,main/6c7eab74253810e0de1d30ff.ab,,
chr_0024_deepfin,deepfin,Gentleman,model_asset,,assets/beyond/arts/entity/actor/gentleman/deepfin/models/sk_actor_deepfin_01.fbx##s_actor_deepfin_hairshadow_01_lod0,,,,19479,101305,main/6c7eab74253810e0de1d30ff.ab,,
chr_0024_deepfin,deepfin,Gentleman,model_asset,,assets/beyond/arts/entity/actor/gentleman/deepfin/models/sk_actor_deepfin_01.fbx##s_actor_deepfin_hairshadow_01_lod1,,,,19479,101305,main/6c7eab74253810e0de1d30ff.ab,,
chr_0024_deepfin,deepfin,Gentleman,model_asset,,assets/beyond/arts/entity/actor/gentleman/deepfin/models/sk_actor_deepfin_01.fbx##s_actor_deepfin_iris_01_lod0,,,,19949,101305,main/6c7eab74253810e0de1d30ff.ab,,
chr_0024_deepfin,deepfin,Gentleman,model_asset,,assets/beyond/arts/entity/actor/gentleman/deepfin/models/sk_actor_deepfin_01.fbx##s_actor_deepfin_iris_01_lod1,,,,19949,101305,main/6c7eab74253810e0de1d30ff.ab,,
chr_0024_deepfin,deepfin,Gentleman,model_asset,,assets/beyond/arts/entity/actor/gentleman/deepfin/models/sk_actor_deepfin_01.fbx##s_actor_deepfin_iris_01_lod2,,,,5945,101305,main/6c7eab74253810e0de1d30ff.ab,,
chr_0024_deepfin,deepfin,Gentleman,model_asset,,assets/beyond/arts/entity/actor/gentleman/deepfin/models/sk_actor_deepfin_01.fbx##s_actor_deepfin_iris_01_lod3,,,,3917,101305,main/6c7eab74253810e0de1d30ff.ab,,
chr_0024_deepfin,deepfin,Gentleman,model_asset,,assets/beyond/arts/entity/actor/gentleman/deepfin/models/sk_actor_deepfin_01.fbx##sk_actor_deepfin_01avatar,,,,203542,101305,main/6c7eab74253810e0de1d30ff.ab,,
chr_0025_ardelia,ardelia,Girl,postmodel,chr_0025_ardelia_postmodel,assets/beyond/dynamicassets/gameplay/actors/postmodels/characters/chr_0025_ardelia_postmodel.prefab,assets/beyond/dynamicassets/gameplay/actors/postmodels/characters/chr_0025_ardelia_postmodel.prefab,251572888744078705,0x037DC4359CB5AD71,520,104209,main/6f9fb38bb417b91f9b1b4e86.ab,347214391715702852,0x04D18DA64F1E2844
chr_0025_ardelia,ardelia,Girl,model_asset,,assets/beyond/arts/entity/actor/girl/ardelia/models/s_actor_ardelia_body_01_lod0.asset,,,,469125,133742,main/8f86831d5fe3f266434c4f1d.ab,,
chr_0025_ardelia,ardelia,Girl,model_asset,,assets/beyond/arts/entity/actor/girl/ardelia/models/s_actor_ardelia_cloth_01_lod0.asset,,,,1946050,202149,main/d96dd2c89eb4f9b5392e18e9.ab,,
chr_0025_ardelia,ardelia,Girl,model_asset,,assets/beyond/arts/entity/actor/girl/ardelia/models/s_actor_ardelia_cloth_02_lod0.asset,,,,3773906,231227,main/f8cb81146bd145edea3cd9e6.ab,,
chr_0025_ardelia,ardelia,Girl,model_asset,,assets/beyond/arts/entity/actor/girl/ardelia/models/s_actor_ardelia_cloth_03_lod0.asset,,,,387938,137643,main/93b5c7bfc54ce9cd63e70e14.ab,,
chr_0025_ardelia,ardelia,Girl,model_asset,,assets/beyond/arts/entity/actor/girl/ardelia/models/s_actor_ardelia_cloth_05_lod0.asset,,,,124342,236419,main/fe8e289df1eb154c0c164b3f.ab,,
chr_0025_ardelia,ardelia,Girl,model_asset,,assets/beyond/arts/entity/actor/girl/ardelia/models/s_actor_ardelia_cloth_06_lod0.asset,,,,111278,138255,main/945fe583ec9323cc96ae5b78.ab,,
chr_0025_ardelia,ardelia,Girl,model_asset,,assets/beyond/arts/entity/actor/girl/ardelia/models/s_actor_ardelia_face_01_lod0.asset,,,,273929,144982,main/9bc25789409ed9ce17abdd33.ab,,
chr_0025_ardelia,ardelia,Girl,model_asset,,assets/beyond/arts/entity/actor/girl/ardelia/models/s_actor_ardelia_fur_01_lod0_20.asset,,,,1669995,94255,main/64f1310e66da6f10a8469868.ab,,
chr_0025_ardelia,ardelia,Girl,model_asset,,assets/beyond/arts/entity/actor/girl/ardelia/models/s_actor_ardelia_hair_01_lod0.asset,,,,1931305,106176,main/71bdbe03f81b1027a3c07046.ab,,
chr_0025_ardelia,ardelia,Girl,model_asset,,assets/beyond/arts/entity/actor/girl/ardelia/models/s_actor_ardelia_hair_02_lod0.asset,,,,99633,45743,main/3068cac4618d3f1471200b9f.ab,,
chr_0025_ardelia,ardelia,Girl,model_asset,,assets/beyond/arts/entity/actor/girl/ardelia/models/sk_actor_ardelia_01.fbx,,,,0,229306,main/f6b8c18f24bdbd4874d22596.ab,,
chr_0025_ardelia,ardelia,Girl,model_asset,,assets/beyond/arts/entity/actor/girl/ardelia/models/sk_actor_ardelia_01.fbx,,,,0,229306,main/f6b8c18f24bdbd4874d22596.ab,,
chr_0025_ardelia,ardelia,Girl,model_asset,,assets/beyond/arts/entity/actor/girl/ardelia/models/sk_actor_ardelia_01.fbx,,,,0,229306,main/f6b8c18f24bdbd4874d22596.ab,,
chr_0025_ardelia,ardelia,Girl,model_asset,,assets/beyond/arts/entity/actor/girl/ardelia/models/sk_actor_ardelia_01.fbx,,,,0,229306,main/f6b8c18f24bdbd4874d22596.ab,,
chr_0025_ardelia,ardelia,Girl,model_asset,,assets/beyond/arts/entity/actor/girl/ardelia/models/sk_actor_ardelia_01.fbx,,,,0,229306,main/f6b8c18f24bdbd4874d22596.ab,,
chr_0025_ardelia,ardelia,Girl,model_asset,,assets/beyond/arts/entity/actor/girl/ardelia/models/sk_actor_ardelia_01.fbx,,,,0,229306,main/f6b8c18f24bdbd4874d22596.ab,,
chr_0025_ardelia,ardelia,Girl,model_asset,,assets/beyond/arts/entity/actor/girl/ardelia/models/sk_actor_ardelia_01.fbx,,,,0,229306,main/f6b8c18f24bdbd4874d22596.ab,,
chr_0025_ardelia,ardelia,Girl,model_asset,,assets/beyond/arts/entity/actor/girl/ardelia/models/sk_actor_ardelia_01.fbx,,,,0,229306,main/f6b8c18f24bdbd4874d22596.ab,,
chr_0025_ardelia,ardelia,Girl,model_asset,,assets/beyond/arts/entity/actor/girl/ardelia/models/sk_actor_ardelia_01.fbx,,,,0,229306,main/f6b8c18f24bdbd4874d22596.ab,,
chr_0025_ardelia,ardelia,Girl,model_asset,,assets/beyond/arts/entity/actor/girl/ardelia/models/sk_actor_ardelia_01.fbx,,,,0,229306,main/f6b8c18f24bdbd4874d22596.ab,,
chr_0025_ardelia,ardelia,Girl,model_asset,,assets/beyond/arts/entity/actor/girl/ardelia/models/sk_actor_ardelia_01.fbx,,,,0,229306,main/f6b8c18f24bdbd4874d22596.ab,,
chr_0025_ardelia,ardelia,Girl,model_asset,,assets/beyond/arts/entity/actor/girl/ardelia/models/sk_actor_ardelia_01.fbx,,,,0,229306,main/f6b8c18f24bdbd4874d22596.ab,,
chr_0025_ardelia,ardelia,Girl,model_asset,,assets/beyond/arts/entity/actor/girl/ardelia/models/sk_actor_ardelia_01.fbx,,,,0,229306,main/f6b8c18f24bdbd4874d22596.ab,,
chr_0025_ardelia,ardelia,Girl,model_asset,,assets/beyond/arts/entity/actor/girl/ardelia/models/sk_actor_ardelia_01.fbx,,,,0,229306,main/f6b8c18f24bdbd4874d22596.ab,,
chr_0025_ardelia,ardelia,Girl,model_asset,,assets/beyond/arts/entity/actor/girl/ardelia/models/sk_actor_ardelia_01.fbx,,,,0,229306,main/f6b8c18f24bdbd4874d22596.ab,,
chr_0025_ardelia,ardelia,Girl,model_asset,,assets/beyond/arts/entity/actor/girl/ardelia/models/sk_actor_ardelia_01.fbx,,,,0,229306,main/f6b8c18f24bdbd4874d22596.ab,,
chr_0025_ardelia,ardelia,Girl,model_asset,,assets/beyond/arts/entity/actor/girl/ardelia/models/sk_actor_ardelia_01.fbx,,,,0,229306,main/f6b8c18f24bdbd4874d22596.ab,,
chr_0025_ardelia,ardelia,Girl,model_asset,,assets/beyond/arts/entity/actor/girl/ardelia/models/sk_actor_ardelia_01.fbx,,,,0,229306,main/f6b8c18f24bdbd4874d22596.ab,,
chr_0025_ardelia,ardelia,Girl,model_asset,,assets/beyond/arts/entity/actor/girl/ardelia/models/sk_actor_ardelia_01.fbx,,,,0,229306,main/f6b8c18f24bdbd4874d22596.ab,,
chr_0025_ardelia,ardelia,Girl,model_asset,,assets/beyond/arts/entity/actor/girl/ardelia/models/sk_actor_ardelia_01.fbx,,,,0,229306,main/f6b8c18f24bdbd4874d22596.ab,,
chr_0025_ardelia,ardelia,Girl,model_asset,,assets/beyond/arts/entity/actor/girl/ardelia/models/sk_actor_ardelia_01.fbx,,,,0,229306,main/f6b8c18f24bdbd4874d22596.ab,,
chr_0025_ardelia,ardelia,Girl,model_asset,,assets/beyond/arts/entity/actor/girl/ardelia/models/sk_actor_ardelia_01.fbx,,,,0,229306,main/f6b8c18f24bdbd4874d22596.ab,,
chr_0025_ardelia,ardelia,Girl,model_asset,,assets/beyond/arts/entity/actor/girl/ardelia/models/sk_actor_ardelia_01.fbx,,,,0,229306,main/f6b8c18f24bdbd4874d22596.ab,,
chr_0025_ardelia,ardelia,Girl,model_asset,,assets/beyond/arts/entity/actor/girl/ardelia/models/sk_actor_ardelia_01.fbx,,,,0,229306,main/f6b8c18f24bdbd4874d22596.ab,,
chr_0025_ardelia,ardelia,Girl,model_asset,,assets/beyond/arts/entity/actor/girl/ardelia/models/sk_actor_ardelia_01.fbx,,,,0,229306,main/f6b8c18f24bdbd4874d22596.ab,,
chr_0025_ardelia,ardelia,Girl,model_asset,,assets/beyond/arts/entity/actor/girl/ardelia/models/sk_actor_ardelia_01.fbx,,,,0,229306,main/f6b8c18f24bdbd4874d22596.ab,,
chr_0025_ardelia,ardelia,Girl,model_asset,,assets/beyond/arts/entity/actor/girl/ardelia/models/sk_actor_ardelia_01.fbx,,,,0,229306,main/f6b8c18f24bdbd4874d22596.ab,,
chr_0025_ardelia,ardelia,Girl,model_asset,,assets/beyond/arts/entity/actor/girl/ardelia/models/sk_actor_ardelia_01.fbx,,,,0,229306,main/f6b8c18f24bdbd4874d22596.ab,,
chr_0025_ardelia,ardelia,Girl,model_asset,,assets/beyond/arts/entity/actor/girl/ardelia/models/sk_actor_ardelia_01.fbx,,,,0,229306,main/f6b8c18f24bdbd4874d22596.ab,,
chr_0025_ardelia,ardelia,Girl,model_asset,,assets/beyond/arts/entity/actor/girl/ardelia/models/sk_actor_ardelia_01.fbx,,,,0,229306,main/f6b8c18f24bdbd4874d22596.ab,,
chr_0025_ardelia,ardelia,Girl,model_asset,,assets/beyond/arts/entity/actor/girl/ardelia/models/sk_actor_ardelia_01.fbx,,,,0,229306,main/f6b8c18f24bdbd4874d22596.ab,,
chr_0025_ardelia,ardelia,Girl,model_asset,,assets/beyond/arts/entity/actor/girl/ardelia/models/sk_actor_ardelia_01.fbx,,,,0,229306,main/f6b8c18f24bdbd4874d22596.ab,,
chr_0025_ardelia,ardelia,Girl,model_asset,,assets/beyond/arts/entity/actor/girl/ardelia/models/sk_actor_ardelia_01.fbx,,,,0,229306,main/f6b8c18f24bdbd4874d22596.ab,,
chr_0025_ardelia,ardelia,Girl,model_asset,,assets/beyond/arts/entity/actor/girl/ardelia/models/sk_actor_ardelia_01.fbx,,,,0,229306,main/f6b8c18f24bdbd4874d22596.ab,,
chr_0025_ardelia,ardelia,Girl,model_asset,,assets/beyond/arts/entity/actor/girl/ardelia/models/sk_actor_ardelia_01.fbx,,,,0,229306,main/f6b8c18f24bdbd4874d22596.ab,,
chr_0025_ardelia,ardelia,Girl,model_asset,,assets/beyond/arts/entity/actor/girl/ardelia/models/sk_actor_ardelia_01.fbx,,,,0,229306,main/f6b8c18f24bdbd4874d22596.ab,,
chr_0025_ardelia,ardelia,Girl,model_asset,,assets/beyond/arts/entity/actor/girl/ardelia/models/sk_actor_ardelia_01.fbx,,,,0,229306,main/f6b8c18f24bdbd4874d22596.ab,,
chr_0025_ardelia,ardelia,Girl,model_asset,,assets/beyond/arts/entity/actor/girl/ardelia/models/sk_actor_ardelia_01.fbx,,,,0,229306,main/f6b8c18f24bdbd4874d22596.ab,,
chr_0025_ardelia,ardelia,Girl,model_asset,,assets/beyond/arts/entity/actor/girl/ardelia/models/sk_actor_ardelia_01.fbx,,,,0,229306,main/f6b8c18f24bdbd4874d22596.ab,,
chr_0025_ardelia,ardelia,Girl,model_asset,,assets/beyond/arts/entity/actor/girl/ardelia/models/sk_actor_ardelia_01.fbx,,,,0,229306,main/f6b8c18f24bdbd4874d22596.ab,,
chr_0025_ardelia,ardelia,Girl,model_asset,,assets/beyond/arts/entity/actor/girl/ardelia/models/sk_actor_ardelia_01.fbx,,,,0,229306,main/f6b8c18f24bdbd4874d22596.ab,,
chr_0025_ardelia,ardelia,Girl,model_asset,,assets/beyond/arts/entity/actor/girl/ardelia/models/sk_actor_ardelia_01.fbx,,,,0,229306,main/f6b8c18f24bdbd4874d22596.ab,,
chr_0025_ardelia,ardelia,Girl,model_asset,,assets/beyond/arts/entity/actor/girl/ardelia/models/sk_actor_ardelia_01.fbx,,,,0,229306,main/f6b8c18f24bdbd4874d22596.ab,,
chr_0025_ardelia,ardelia,Girl,model_asset,,assets/beyond/arts/entity/actor/girl/ardelia/models/sk_actor_ardelia_01.fbx,,,,0,229306,main/f6b8c18f24bdbd4874d22596.ab,,
chr_0025_ardelia,ardelia,Girl,model_asset,,assets/beyond/arts/entity/actor/girl/ardelia/models/sk_actor_ardelia_01.fbx,,,,0,229306,main/f6b8c18f24bdbd4874d22596.ab,,
chr_0025_ardelia,ardelia,Girl,model_asset,,assets/beyond/arts/entity/actor/girl/ardelia/models/sk_actor_ardelia_01.fbx,,,,0,229306,main/f6b8c18f24bdbd4874d22596.ab,,
chr_0025_ardelia,ardelia,Girl,model_asset,,assets/beyond/arts/entity/actor/girl/ardelia/models/sk_actor_ardelia_01.fbx,,,,0,229306,main/f6b8c18f24bdbd4874d22596.ab,,
chr_0025_ardelia,ardelia,Girl,model_asset,,assets/beyond/arts/entity/actor/girl/ardelia/models/sk_actor_ardelia_01.fbx,,,,0,229306,main/f6b8c18f24bdbd4874d22596.ab,,
chr_0025_ardelia,ardelia,Girl,model_asset,,assets/beyond/arts/entity/actor/girl/ardelia/models/sk_actor_ardelia_01.fbx,,,,0,229306,main/f6b8c18f24bdbd4874d22596.ab,,
chr_0025_ardelia,ardelia,Girl,model_asset,,assets/beyond/arts/entity/actor/girl/ardelia/models/sk_actor_ardelia_01.fbx,,,,0,229306,main/f6b8c18f24bdbd4874d22596.ab,,
chr_0025_ardelia,ardelia,Girl,model_asset,,assets/beyond/arts/entity/actor/girl/ardelia/models/sk_actor_ardelia_01.fbx,,,,0,229306,main/f6b8c18f24bdbd4874d22596.ab,,
chr_0025_ardelia,ardelia,Girl,model_asset,,assets/beyond/arts/entity/actor/girl/ardelia/models/sk_actor_ardelia_01.fbx,,,,0,229306,main/f6b8c18f24bdbd4874d22596.ab,,
chr_0025_ardelia,ardelia,Girl,model_asset,,assets/beyond/arts/entity/actor/girl/ardelia/models/sk_actor_ardelia_01.fbx,,,,0,229306,main/f6b8c18f24bdbd4874d22596.ab,,
chr_0025_ardelia,ardelia,Girl,model_asset,,assets/beyond/arts/entity/actor/girl/ardelia/models/sk_actor_ardelia_01.fbx,,,,0,229306,main/f6b8c18f24bdbd4874d22596.ab,,
chr_0025_ardelia,ardelia,Girl,model_asset,,assets/beyond/arts/entity/actor/girl/ardelia/models/sk_actor_ardelia_01.fbx,,,,0,229306,main/f6b8c18f24bdbd4874d22596.ab,,
chr_0025_ardelia,ardelia,Girl,model_asset,,assets/beyond/arts/entity/actor/girl/ardelia/models/sk_actor_ardelia_01.fbx##s_actor_ardelia_body_01_lod0,,,,431253,229306,main/f6b8c18f24bdbd4874d22596.ab,,
chr_0025_ardelia,ardelia,Girl,model_asset,,assets/beyond/arts/entity/actor/girl/ardelia/models/sk_actor_ardelia_01.fbx##s_actor_ardelia_body_01_lod1,,,,244997,229306,main/f6b8c18f24bdbd4874d22596.ab,,
chr_0025_ardelia,ardelia,Girl,model_asset,,assets/beyond/arts/entity/actor/girl/ardelia/models/sk_actor_ardelia_01.fbx##s_actor_ardelia_body_01_lod2,,,,152613,229306,main/f6b8c18f24bdbd4874d22596.ab,,
chr_0025_ardelia,ardelia,Girl,model_asset,,assets/beyond/arts/entity/actor/girl/ardelia/models/sk_actor_ardelia_01.fbx##s_actor_ardelia_body_01_lod3,,,,63557,229306,main/f6b8c18f24bdbd4874d22596.ab,,
chr_0025_ardelia,ardelia,Girl,model_asset,,assets/beyond/arts/entity/actor/girl/ardelia/models/sk_actor_ardelia_01.fbx##s_actor_ardelia_brow_01_lod0,,,,111217,229306,main/f6b8c18f24bdbd4874d22596.ab,,
chr_0025_ardelia,ardelia,Girl,model_asset,,assets/beyond/arts/entity/actor/girl/ardelia/models/sk_actor_ardelia_01.fbx##s_actor_ardelia_brow_01_lod1,,,,110753,229306,main/f6b8c18f24bdbd4874d22596.ab,,
chr_0025_ardelia,ardelia,Girl,model_asset,,assets/beyond/arts/entity/actor/girl/ardelia/models/sk_actor_ardelia_01.fbx##s_actor_ardelia_brow_01_lod2,,,,45317,229306,main/f6b8c18f24bdbd4874d22596.ab,,
chr_0025_ardelia,ardelia,Girl,model_asset,,assets/beyond/arts/entity/actor/girl/ardelia/models/sk_actor_ardelia_01.fbx##s_actor_ardelia_brow_01_lod3,,,,6729,229306,main/f6b8c18f24bdbd4874d22596.ab,,
chr_0025_ardelia,ardelia,Girl,model_asset,,assets/beyond/arts/entity/actor/girl/ardelia/models/sk_actor_ardelia_01.fbx##s_actor_ardelia_cloth_01_lod0,,,,1784450,229306,main/f6b8c18f24bdbd4874d22596.ab,,
chr_0025_ardelia,ardelia,Girl,model_asset,,assets/beyond/arts/entity/actor/girl/ardelia/models/sk_actor_ardelia_01.fbx##s_actor_ardelia_cloth_01_lod1,,,,902706,229306,main/f6b8c18f24bdbd4874d22596.ab,,
chr_0025_ardelia,ardelia,Girl,model_asset,,assets/beyond/arts/entity/actor/girl/ardelia/models/sk_actor_ardelia_01.fbx##s_actor_ardelia_cloth_01_lod2,,,,481770,229306,main/f6b8c18f24bdbd4874d22596.ab,,
chr_0025_ardelia,ardelia,Girl,model_asset,,assets/beyond/arts/entity/actor/girl/ardelia/models/sk_actor_ardelia_01.fbx##s_actor_ardelia_cloth_01_lod3,,,,288078,229306,main/f6b8c18f24bdbd4874d22596.ab,,
chr_0025_ardelia,ardelia,Girl,model_asset,,assets/beyond/arts/entity/actor/girl/ardelia/models/sk_actor_ardelia_01.fbx##s_actor_ardelia_cloth_02_lod0,,,,3452546,229306,main/f6b8c18f24bdbd4874d22596.ab,,
chr_0025_ardelia,ardelia,Girl,model_asset,,assets/beyond/arts/entity/actor/girl/ardelia/models/sk_actor_ardelia_01.fbx##s_actor_ardelia_cloth_02_lod1,,,,1914350,229306,main/f6b8c18f24bdbd4874d22596.ab,,
chr_0025_ardelia,ardelia,Girl,model_asset,,assets/beyond/arts/entity/actor/girl/ardelia/models/sk_actor_ardelia_01.fbx##s_actor_ardelia_cloth_02_lod2,,,,971630,229306,main/f6b8c18f24bdbd4874d22596.ab,,
chr_0025_ardelia,ardelia,Girl,model_asset,,assets/beyond/arts/entity/actor/girl/ardelia/models/sk_actor_ardelia_01.fbx##s_actor_ardelia_cloth_02_lod3,,,,300814,229306,main/f6b8c18f24bdbd4874d22596.ab,,
chr_0025_ardelia,ardelia,Girl,model_asset,,assets/beyond/arts/entity/actor/girl/ardelia/models/sk_actor_ardelia_01.fbx##s_actor_ardelia_cloth_03_lod0,,,,356194,229306,main/f6b8c18f24bdbd4874d22596.ab,,
chr_0025_ardelia,ardelia,Girl,model_asset,,assets/beyond/arts/entity/actor/girl/ardelia/models/sk_actor_ardelia_01.fbx##s_actor_ardelia_cloth_03_lod1,,,,174166,229306,main/f6b8c18f24bdbd4874d22596.ab,,
chr_0025_ardelia,ardelia,Girl,model_asset,,assets/beyond/arts/entity/actor/girl/ardelia/models/sk_actor_ardelia_01.fbx##s_actor_ardelia_cloth_03_lod2,,,,124710,229306,main/f6b8c18f24bdbd4874d22596.ab,,
chr_0025_ardelia,ardelia,Girl,model_asset,,assets/beyond/arts/entity/actor/girl/ardelia/models/sk_actor_ardelia_01.fbx##s_actor_ardelia_cloth_03_lod3,,,,67118,229306,main/f6b8c18f24bdbd4874d22596.ab,,
chr_0025_ardelia,ardelia,Girl,model_asset,,assets/beyond/arts/entity/actor/girl/ardelia/models/sk_actor_ardelia_01.fbx##s_actor_ardelia_cloth_05_lod0,,,,114406,229306,main/f6b8c18f24bdbd4874d22596.ab,,
chr_0025_ardelia,ardelia,Girl,model_asset,,assets/beyond/arts/entity/actor/girl/ardelia/models/sk_actor_ardelia_01.fbx##s_actor_ardelia_cloth_05_lod1,,,,53830,229306,main/f6b8c18f24bdbd4874d22596.ab,,
chr_0025_ardelia,ardelia,Girl,model_asset,,assets/beyond/arts/entity/actor/girl/ardelia/models/sk_actor_ardelia_01.fbx##s_actor_ardelia_cloth_05_lod2,,,,25870,229306,main/f6b8c18f24bdbd4874d22596.ab,,
chr_0025_ardelia,ardelia,Girl,model_asset,,assets/beyond/arts/entity/actor/girl/ardelia/models/sk_actor_ardelia_01.fbx##s_actor_ardelia_cloth_05_lod3,,,,15654,229306,main/f6b8c18f24bdbd4874d22596.ab,,
chr_0025_ardelia,ardelia,Girl,model_asset,,assets/beyond/arts/entity/actor/girl/ardelia/models/sk_actor_ardelia_01.fbx##s_actor_ardelia_cloth_06_lod0,,,,102606,229306,main/f6b8c18f24bdbd4874d22596.ab,,
chr_0025_ardelia,ardelia,Girl,model_asset,,assets/beyond/arts/entity/actor/girl/ardelia/models/sk_actor_ardelia_01.fbx##s_actor_ardelia_cloth_06_lod1,,,,50894,229306,main/f6b8c18f24bdbd4874d22596.ab,,
chr_0025_ardelia,ardelia,Girl,model_asset,,assets/beyond/arts/entity/actor/girl/ardelia/models/sk_actor_ardelia_01.fbx##s_actor_ardelia_cloth_06_lod2,,,,30782,229306,main/f6b8c18f24bdbd4874d22596.ab,,
chr_0025_ardelia,ardelia,Girl,model_asset,,assets/beyond/arts/entity/actor/girl/ardelia/models/sk_actor_ardelia_01.fbx##s_actor_ardelia_cloth_06_lod3,,,,13430,229306,main/f6b8c18f24bdbd4874d22596.ab,,
chr_0025_ardelia,ardelia,Girl,model_asset,,assets/beyond/arts/entity/actor/girl/ardelia/models/sk_actor_ardelia_01.fbx##s_actor_ardelia_eyeshadow_01_lod0,,,,7770,229306,main/f6b8c18f24bdbd4874d22596.ab,,
chr_0025_ardelia,ardelia,Girl,model_asset,,assets/beyond/arts/entity/actor/girl/ardelia/models/sk_actor_ardelia_01.fbx##s_actor_ardelia_eyeshadow_01_lod1,,,,7770,229306,main/f6b8c18f24bdbd4874d22596.ab,,
chr_0025_ardelia,ardelia,Girl,model_asset,,assets/beyond/arts/entity/actor/girl/ardelia/models/sk_actor_ardelia_01.fbx##s_actor_ardelia_face_01_lod0,,,,252281,229306,main/f6b8c18f24bdbd4874d22596.ab,,
chr_0025_ardelia,ardelia,Girl,model_asset,,assets/beyond/arts/entity/actor/girl/ardelia/models/sk_actor_ardelia_01.fbx##s_actor_ardelia_face_01_lod1,,,,252281,229306,main/f6b8c18f24bdbd4874d22596.ab,,
chr_0025_ardelia,ardelia,Girl,model_asset,,assets/beyond/arts/entity/actor/girl/ardelia/models/sk_actor_ardelia_01.fbx##s_actor_ardelia_face_01_lod2,,,,65897,229306,main/f6b8c18f24bdbd4874d22596.ab,,
chr_0025_ardelia,ardelia,Girl,model_asset,,assets/beyond/arts/entity/actor/girl/ardelia/models/sk_actor_ardelia_01.fbx##s_actor_ardelia_face_01_lod3,,,,14309,229306,main/f6b8c18f24bdbd4874d22596.ab,,
chr_0025_ardelia,ardelia,Girl,model_asset,,assets/beyond/arts/entity/actor/girl/ardelia/models/sk_actor_ardelia_01.fbx##s_actor_ardelia_fur_01_lod0,,,,68372,229306,main/f6b8c18f24bdbd4874d22596.ab,,
chr_0025_ardelia,ardelia,Girl,model_asset,,assets/beyond/arts/entity/actor/girl/ardelia/models/sk_actor_ardelia_01.fbx##s_actor_ardelia_fur_01_lod1,,,,29272,229306,main/f6b8c18f24bdbd4874d22596.ab,,
chr_0025_ardelia,ardelia,Girl,model_asset,,assets/beyond/arts/entity/actor/girl/ardelia/models/sk_actor_ardelia_01.fbx##s_actor_ardelia_fur_01_lod2,,,,18560,229306,main/f6b8c18f24bdbd4874d22596.ab,,
chr_0025_ardelia,ardelia,Girl,model_asset,,assets/beyond/arts/entity/actor/girl/ardelia/models/sk_actor_ardelia_01.fbx##s_actor_ardelia_fur_01_lod3,,,,9604,229306,main/f6b8c18f24bdbd4874d22596.ab,,
chr_0025_ardelia,ardelia,Girl,model_asset,,assets/beyond/arts/entity/actor/girl/ardelia/models/sk_actor_ardelia_01.fbx##s_actor_ardelia_hair_01_lod0,,,,1770105,229306,main/f6b8c18f24bdbd4874d22596.ab,,
chr_0025_ardelia,ardelia,Girl,model_asset,,assets/beyond/arts/entity/actor/girl/ardelia/models/sk_actor_ardelia_01.fbx##s_actor_ardelia_hair_01_lod1,,,,769345,229306,main/f6b8c18f24bdbd4874d22596.ab,,
chr_0025_ardelia,ardelia,Girl,model_asset,,assets/beyond/arts/entity/actor/girl/ardelia/models/sk_actor_ardelia_01.fbx##s_actor_ardelia_hair_01_lod2,,,,479313,229306,main/f6b8c18f24bdbd4874d22596.ab,,
chr_0025_ardelia,ardelia,Girl,model_asset,,assets/beyond/arts/entity/actor/girl/ardelia/models/sk_actor_ardelia_01.fbx##s_actor_ardelia_hair_01_lod3,,,,233421,229306,main/f6b8c18f24bdbd4874d22596.ab,,
chr_0025_ardelia,ardelia,Girl,model_asset,,assets/beyond/arts/entity/actor/girl/ardelia/models/sk_actor_ardelia_01.fbx##s_actor_ardelia_hair_02_lod0,,,,91105,229306,main/f6b8c18f24bdbd4874d22596.ab,,
chr_0025_ardelia,ardelia,Girl,model_asset,,assets/beyond/arts/entity/actor/girl/ardelia/models/sk_actor_ardelia_01.fbx##s_actor_ardelia_hair_02_lod1,,,,46137,229306,main/f6b8c18f24bdbd4874d22596.ab,,
chr_0025_ardelia,ardelia,Girl,model_asset,,assets/beyond/arts/entity/actor/girl/ardelia/models/sk_actor_ardelia_01.fbx##s_actor_ardelia_hairshadow_01_lod0,,,,29907,229306,main/f6b8c18f24bdbd4874d22596.ab,,
chr_0025_ardelia,ardelia,Girl,model_asset,,assets/beyond/arts/entity/actor/girl/ardelia/models/sk_actor_ardelia_01.fbx##s_actor_ardelia_hairshadow_01_lod1,,,,22019,229306,main/f6b8c18f24bdbd4874d22596.ab,,
chr_0025_ardelia,ardelia,Girl,model_asset,,assets/beyond/arts/entity/actor/girl/ardelia/models/sk_actor_ardelia_01.fbx##s_actor_ardelia_iris_01_lod0,,,,26061,229306,main/f6b8c18f24bdbd4874d22596.ab,,
chr_0025_ardelia,ardelia,Girl,model_asset,,assets/beyond/arts/entity/actor/girl/ardelia/models/sk_actor_ardelia_01.fbx##s_actor_ardelia_iris_01_lod1,,,,26061,229306,main/f6b8c18f24bdbd4874d22596.ab,,
chr_0025_ardelia,ardelia,Girl,model_asset,,assets/beyond/arts/entity/actor/girl/ardelia/models/sk_actor_ardelia_01.fbx##s_actor_ardelia_iris_01_lod2,,,,10649,229306,main/f6b8c18f24bdbd4874d22596.ab,,
chr_0025_ardelia,ardelia,Girl,model_asset,,assets/beyond/arts/entity/actor/girl/ardelia/models/sk_actor_ardelia_01.fbx##s_actor_ardelia_iris_01_lod3,,,,3369,229306,main/f6b8c18f24bdbd4874d22596.ab,,
chr_0025_ardelia,ardelia,Girl,model_asset,,assets/beyond/arts/entity/actor/girl/ardelia/models/sk_actor_ardelia_01.fbx##s_actor_ardelia_vfxpart_01_lod0,,,,27052,229306,main/f6b8c18f24bdbd4874d22596.ab,,
chr_0025_ardelia,ardelia,Girl,model_asset,,assets/beyond/arts/entity/actor/girl/ardelia/models/sk_actor_ardelia_01.fbx##s_actor_ardelia_vfxpart_01_lod1,,,,18348,229306,main/f6b8c18f24bdbd4874d22596.ab,,
chr_0025_ardelia,ardelia,Girl,model_asset,,assets/beyond/arts/entity/actor/girl/ardelia/models/sk_actor_ardelia_01.fbx##s_actor_ardelia_vfxpart_01_lod2,,,,18348,229306,main/f6b8c18f24bdbd4874d22596.ab,,
chr_0025_ardelia,ardelia,Girl,model_asset,,assets/beyond/arts/entity/actor/girl/ardelia/models/sk_actor_ardelia_01.fbx##s_actor_ardelia_vfxpart_01_lod3,,,,11692,229306,main/f6b8c18f24bdbd4874d22596.ab,,
chr_0025_ardelia,ardelia,Girl,model_asset,,assets/beyond/arts/entity/actor/girl/ardelia/models/sk_actor_ardelia_01.fbx##sk_actor_ardelia_01avatar,,,,256124,229306,main/f6b8c18f24bdbd4874d22596.ab,,
chr_0026_lastrite,lastrite,Girl,postmodel,chr_0026_lastrite_postmodel,assets/beyond/dynamicassets/gameplay/actors/postmodels/characters/chr_0026_lastrite_postmodel.prefab,assets/beyond/dynamicassets/gameplay/actors/postmodels/characters/chr_0026_lastrite_postmodel.prefab,426222435961126954,0x05EA3F0C1AC3C02A,544,146299,main/9d24d5f93a28690c736cedb7.ab,1087270932117641657,0x0F16C326F37AD9B9
chr_0026_lastrite,lastrite,Girl,model_asset,,assets/beyond/arts/entity/actor/girl/lastrite/models/s_actor_lastrite_body_01_lod0.asset,,,,132350,78759,main/54239551383f2d4c7d5b55dd.ab,,
chr_0026_lastrite,lastrite,Girl,model_asset,,assets/beyond/arts/entity/actor/girl/lastrite/models/s_actor_lastrite_cloth_01_lod0.asset,,,,5246835,141240,main/97953d3f55dd5a62a14d05ec.ab,,
chr_0026_lastrite,lastrite,Girl,model_asset,,assets/beyond/arts/entity/actor/girl/lastrite/models/s_actor_lastrite_cloth_02_lod0.asset,,,,137187,46990,main/31bee2fbf47d9c6d8f07852a.ab,,
chr_0026_lastrite,lastrite,Girl,model_asset,,assets/beyond/arts/entity/actor/girl/lastrite/models/s_actor_lastrite_cloth_03_lod0.asset,,,,66039,169383,main/b627a9b899b2eb6797645994.ab,,
chr_0026_lastrite,lastrite,Girl,model_asset,,assets/beyond/arts/entity/actor/girl/lastrite/models/s_actor_lastrite_cloth_04_lod0.asset,,,,2435395,134128,main/8ff1e7c428b527eadcb849d0.ab,,
chr_0026_lastrite,lastrite,Girl,model_asset,,assets/beyond/arts/entity/actor/girl/lastrite/models/s_actor_lastrite_cloth_05_lod0.asset,,,,69179,141688,main/981bceb9e2f1e453918b3337.ab,,
chr_0026_lastrite,lastrite,Girl,model_asset,,assets/beyond/arts/entity/actor/girl/lastrite/models/s_actor_lastrite_face_01_lod0.asset,,,,311038,73228,main/4e1a511f1b200a622537118c.ab,,
chr_0026_lastrite,lastrite,Girl,model_asset,,assets/beyond/arts/entity/actor/girl/lastrite/models/s_actor_lastrite_hair_01_lod0.asset,,,,1842698,83797,main/59a46ebecf09eb52038a81ea.ab,,
chr_0026_lastrite,lastrite,Girl,model_asset,,assets/beyond/arts/entity/actor/girl/lastrite/models/sk_actor_lastrite_01.fbx,,,,0,2587,main/01b1ac3fc95afdd5eab1c469.ab,,
chr_0026_lastrite,lastrite,Girl,model_asset,,assets/beyond/arts/entity/actor/girl/lastrite/models/sk_actor_lastrite_01.fbx,,,,0,2587,main/01b1ac3fc95afdd5eab1c469.ab,,
chr_0026_lastrite,lastrite,Girl,model_asset,,assets/beyond/arts/entity/actor/girl/lastrite/models/sk_actor_lastrite_01.fbx,,,,0,2587,main/01b1ac3fc95afdd5eab1c469.ab,,
chr_0026_lastrite,lastrite,Girl,model_asset,,assets/beyond/arts/entity/actor/girl/lastrite/models/sk_actor_lastrite_01.fbx,,,,0,2587,main/01b1ac3fc95afdd5eab1c469.ab,,
chr_0026_lastrite,lastrite,Girl,model_asset,,assets/beyond/arts/entity/actor/girl/lastrite/models/sk_actor_lastrite_01.fbx,,,,0,2587,main/01b1ac3fc95afdd5eab1c469.ab,,
chr_0026_lastrite,lastrite,Girl,model_asset,,assets/beyond/arts/entity/actor/girl/lastrite/models/sk_actor_lastrite_01.fbx,,,,0,2587,main/01b1ac3fc95afdd5eab1c469.ab,,
chr_0026_lastrite,lastrite,Girl,model_asset,,assets/beyond/arts/entity/actor/girl/lastrite/models/sk_actor_lastrite_01.fbx,,,,0,2587,main/01b1ac3fc95afdd5eab1c469.ab,,
chr_0026_lastrite,lastrite,Girl,model_asset,,assets/beyond/arts/entity/actor/girl/lastrite/models/sk_actor_lastrite_01.fbx,,,,0,2587,main/01b1ac3fc95afdd5eab1c469.ab,,
chr_0026_lastrite,lastrite,Girl,model_asset,,assets/beyond/arts/entity/actor/girl/lastrite/models/sk_actor_lastrite_01.fbx,,,,0,2587,main/01b1ac3fc95afdd5eab1c469.ab,,
chr_0026_lastrite,lastrite,Girl,model_asset,,assets/beyond/arts/entity/actor/girl/lastrite/models/sk_actor_lastrite_01.fbx,,,,0,2587,main/01b1ac3fc95afdd5eab1c469.ab,,
chr_0026_lastrite,lastrite,Girl,model_asset,,assets/beyond/arts/entity/actor/girl/lastrite/models/sk_actor_lastrite_01.fbx,,,,0,2587,main/01b1ac3fc95afdd5eab1c469.ab,,
chr_0026_lastrite,lastrite,Girl,model_asset,,assets/beyond/arts/entity/actor/girl/lastrite/models/sk_actor_lastrite_01.fbx,,,,0,2587,main/01b1ac3fc95afdd5eab1c469.ab,,
chr_0026_lastrite,lastrite,Girl,model_asset,,assets/beyond/arts/entity/actor/girl/lastrite/models/sk_actor_lastrite_01.fbx,,,,0,2587,main/01b1ac3fc95afdd5eab1c469.ab,,
chr_0026_lastrite,lastrite,Girl,model_asset,,assets/beyond/arts/entity/actor/girl/lastrite/models/sk_actor_lastrite_01.fbx,,,,0,2587,main/01b1ac3fc95afdd5eab1c469.ab,,
chr_0026_lastrite,lastrite,Girl,model_asset,,assets/beyond/arts/entity/actor/girl/lastrite/models/sk_actor_lastrite_01.fbx,,,,0,2587,main/01b1ac3fc95afdd5eab1c469.ab,,
chr_0026_lastrite,lastrite,Girl,model_asset,,assets/beyond/arts/entity/actor/girl/lastrite/models/sk_actor_lastrite_01.fbx,,,,0,2587,main/01b1ac3fc95afdd5eab1c469.ab,,
chr_0026_lastrite,lastrite,Girl,model_asset,,assets/beyond/arts/entity/actor/girl/lastrite/models/sk_actor_lastrite_01.fbx,,,,0,2587,main/01b1ac3fc95afdd5eab1c469.ab,,
chr_0026_lastrite,lastrite,Girl,model_asset,,assets/beyond/arts/entity/actor/girl/lastrite/models/sk_actor_lastrite_01.fbx,,,,0,2587,main/01b1ac3fc95afdd5eab1c469.ab,,
chr_0026_lastrite,lastrite,Girl,model_asset,,assets/beyond/arts/entity/actor/girl/lastrite/models/sk_actor_lastrite_01.fbx,,,,0,2587,main/01b1ac3fc95afdd5eab1c469.ab,,
chr_0026_lastrite,lastrite,Girl,model_asset,,assets/beyond/arts/entity/actor/girl/lastrite/models/sk_actor_lastrite_01.fbx,,,,0,2587,main/01b1ac3fc95afdd5eab1c469.ab,,
chr_0026_lastrite,lastrite,Girl,model_asset,,assets/beyond/arts/entity/actor/girl/lastrite/models/sk_actor_lastrite_01.fbx,,,,0,2587,main/01b1ac3fc95afdd5eab1c469.ab,,
chr_0026_lastrite,lastrite,Girl,model_asset,,assets/beyond/arts/entity/actor/girl/lastrite/models/sk_actor_lastrite_01.fbx,,,,0,2587,main/01b1ac3fc95afdd5eab1c469.ab,,
chr_0026_lastrite,lastrite,Girl,model_asset,,assets/beyond/arts/entity/actor/girl/lastrite/models/sk_actor_lastrite_01.fbx,,,,0,2587,main/01b1ac3fc95afdd5eab1c469.ab,,
chr_0026_lastrite,lastrite,Girl,model_asset,,assets/beyond/arts/entity/actor/girl/lastrite/models/sk_actor_lastrite_01.fbx,,,,0,2587,main/01b1ac3fc95afdd5eab1c469.ab,,
chr_0026_lastrite,lastrite,Girl,model_asset,,assets/beyond/arts/entity/actor/girl/lastrite/models/sk_actor_lastrite_01.fbx,,,,0,2587,main/01b1ac3fc95afdd5eab1c469.ab,,
chr_0026_lastrite,lastrite,Girl,model_asset,,assets/beyond/arts/entity/actor/girl/lastrite/models/sk_actor_lastrite_01.fbx,,,,0,2587,main/01b1ac3fc95afdd5eab1c469.ab,,
chr_0026_lastrite,lastrite,Girl,model_asset,,assets/beyond/arts/entity/actor/girl/lastrite/models/sk_actor_lastrite_01.fbx,,,,0,2587,main/01b1ac3fc95afdd5eab1c469.ab,,
chr_0026_lastrite,lastrite,Girl,model_asset,,assets/beyond/arts/entity/actor/girl/lastrite/models/sk_actor_lastrite_01.fbx,,,,0,2587,main/01b1ac3fc95afdd5eab1c469.ab,,
chr_0026_lastrite,lastrite,Girl,model_asset,,assets/beyond/arts/entity/actor/girl/lastrite/models/sk_actor_lastrite_01.fbx,,,,0,2587,main/01b1ac3fc95afdd5eab1c469.ab,,
chr_0026_lastrite,lastrite,Girl,model_asset,,assets/beyond/arts/entity/actor/girl/lastrite/models/sk_actor_lastrite_01.fbx,,,,0,2587,main/01b1ac3fc95afdd5eab1c469.ab,,
chr_0026_lastrite,lastrite,Girl,model_asset,,assets/beyond/arts/entity/actor/girl/lastrite/models/sk_actor_lastrite_01.fbx,,,,0,2587,main/01b1ac3fc95afdd5eab1c469.ab,,
chr_0026_lastrite,lastrite,Girl,model_asset,,assets/beyond/arts/entity/actor/girl/lastrite/models/sk_actor_lastrite_01.fbx,,,,0,2587,main/01b1ac3fc95afdd5eab1c469.ab,,
chr_0026_lastrite,lastrite,Girl,model_asset,,assets/beyond/arts/entity/actor/girl/lastrite/models/sk_actor_lastrite_01.fbx,,,,0,2587,main/01b1ac3fc95afdd5eab1c469.ab,,
chr_0026_lastrite,lastrite,Girl,model_asset,,assets/beyond/arts/entity/actor/girl/lastrite/models/sk_actor_lastrite_01.fbx,,,,0,2587,main/01b1ac3fc95afdd5eab1c469.ab,,
chr_0026_lastrite,lastrite,Girl,model_asset,,assets/beyond/arts/entity/actor/girl/lastrite/models/sk_actor_lastrite_01.fbx,,,,0,2587,main/01b1ac3fc95afdd5eab1c469.ab,,
chr_0026_lastrite,lastrite,Girl,model_asset,,assets/beyond/arts/entity/actor/girl/lastrite/models/sk_actor_lastrite_01.fbx,,,,0,2587,main/01b1ac3fc95afdd5eab1c469.ab,,
chr_0026_lastrite,lastrite,Girl,model_asset,,assets/beyond/arts/entity/actor/girl/lastrite/models/sk_actor_lastrite_01.fbx,,,,0,2587,main/01b1ac3fc95afdd5eab1c469.ab,,
chr_0026_lastrite,lastrite,Girl,model_asset,,assets/beyond/arts/entity/actor/girl/lastrite/models/sk_actor_lastrite_01.fbx,,,,0,2587,main/01b1ac3fc95afdd5eab1c469.ab,,
chr_0026_lastrite,lastrite,Girl,model_asset,,assets/beyond/arts/entity/actor/girl/lastrite/models/sk_actor_lastrite_01.fbx,,,,0,2587,main/01b1ac3fc95afdd5eab1c469.ab,,
chr_0026_lastrite,lastrite,Girl,model_asset,,assets/beyond/arts/entity/actor/girl/lastrite/models/sk_actor_lastrite_01.fbx,,,,0,2587,main/01b1ac3fc95afdd5eab1c469.ab,,
chr_0026_lastrite,lastrite,Girl,model_asset,,assets/beyond/arts/entity/actor/girl/lastrite/models/sk_actor_lastrite_01.fbx,,,,0,2587,main/01b1ac3fc95afdd5eab1c469.ab,,
chr_0026_lastrite,lastrite,Girl,model_asset,,assets/beyond/arts/entity/actor/girl/lastrite/models/sk_actor_lastrite_01.fbx,,,,0,2587,main/01b1ac3fc95afdd5eab1c469.ab,,
chr_0026_lastrite,lastrite,Girl,model_asset,,assets/beyond/arts/entity/actor/girl/lastrite/models/sk_actor_lastrite_01.fbx,,,,0,2587,main/01b1ac3fc95afdd5eab1c469.ab,,
chr_0026_lastrite,lastrite,Girl,model_asset,,assets/beyond/arts/entity/actor/girl/lastrite/models/sk_actor_lastrite_01.fbx,,,,0,2587,main/01b1ac3fc95afdd5eab1c469.ab,,
chr_0026_lastrite,lastrite,Girl,model_asset,,assets/beyond/arts/entity/actor/girl/lastrite/models/sk_actor_lastrite_01.fbx,,,,0,2587,main/01b1ac3fc95afdd5eab1c469.ab,,
chr_0026_lastrite,lastrite,Girl,model_asset,,assets/beyond/arts/entity/actor/girl/lastrite/models/sk_actor_lastrite_01.fbx,,,,0,2587,main/01b1ac3fc95afdd5eab1c469.ab,,
chr_0026_lastrite,lastrite,Girl,model_asset,,assets/beyond/arts/entity/actor/girl/lastrite/models/sk_actor_lastrite_01.fbx,,,,0,2587,main/01b1ac3fc95afdd5eab1c469.ab,,
chr_0026_lastrite,lastrite,Girl,model_asset,,assets/beyond/arts/entity/actor/girl/lastrite/models/sk_actor_lastrite_01.fbx,,,,0,2587,main/01b1ac3fc95afdd5eab1c469.ab,,
chr_0026_lastrite,lastrite,Girl,model_asset,,assets/beyond/arts/entity/actor/girl/lastrite/models/sk_actor_lastrite_01.fbx,,,,0,2587,main/01b1ac3fc95afdd5eab1c469.ab,,
chr_0026_lastrite,lastrite,Girl,model_asset,,assets/beyond/arts/entity/actor/girl/lastrite/models/sk_actor_lastrite_01.fbx,,,,0,2587,main/01b1ac3fc95afdd5eab1c469.ab,,
chr_0026_lastrite,lastrite,Girl,model_asset,,assets/beyond/arts/entity/actor/girl/lastrite/models/sk_actor_lastrite_01.fbx,,,,0,2587,main/01b1ac3fc95afdd5eab1c469.ab,,
chr_0026_lastrite,lastrite,Girl,model_asset,,assets/beyond/arts/entity/actor/girl/lastrite/models/sk_actor_lastrite_01.fbx,,,,0,2587,main/01b1ac3fc95afdd5eab1c469.ab,,
chr_0026_lastrite,lastrite,Girl,model_asset,,assets/beyond/arts/entity/actor/girl/lastrite/models/sk_actor_lastrite_01.fbx,,,,0,2587,main/01b1ac3fc95afdd5eab1c469.ab,,
chr_0026_lastrite,lastrite,Girl,model_asset,,assets/beyond/arts/entity/actor/girl/lastrite/models/sk_actor_lastrite_01.fbx##s_actor_lastrite_body_01_lod0,,,,121822,2587,main/01b1ac3fc95afdd5eab1c469.ab,,
chr_0026_lastrite,lastrite,Girl,model_asset,,assets/beyond/arts/entity/actor/girl/lastrite/models/sk_actor_lastrite_01.fbx##s_actor_lastrite_body_01_lod1,,,,66226,2587,main/01b1ac3fc95afdd5eab1c469.ab,,
chr_0026_lastrite,lastrite,Girl,model_asset,,assets/beyond/arts/entity/actor/girl/lastrite/models/sk_actor_lastrite_01.fbx##s_actor_lastrite_body_01_lod2,,,,53402,2587,main/01b1ac3fc95afdd5eab1c469.ab,,
chr_0026_lastrite,lastrite,Girl,model_asset,,assets/beyond/arts/entity/actor/girl/lastrite/models/sk_actor_lastrite_01.fbx##s_actor_lastrite_body_01_lod3,,,,35486,2587,main/01b1ac3fc95afdd5eab1c469.ab,,
chr_0026_lastrite,lastrite,Girl,model_asset,,assets/beyond/arts/entity/actor/girl/lastrite/models/sk_actor_lastrite_01.fbx##s_actor_lastrite_brow_01_lod0,,,,128622,2587,main/01b1ac3fc95afdd5eab1c469.ab,,
chr_0026_lastrite,lastrite,Girl,model_asset,,assets/beyond/arts/entity/actor/girl/lastrite/models/sk_actor_lastrite_01.fbx##s_actor_lastrite_brow_01_lod1,,,,128622,2587,main/01b1ac3fc95afdd5eab1c469.ab,,
chr_0026_lastrite,lastrite,Girl,model_asset,,assets/beyond/arts/entity/actor/girl/lastrite/models/sk_actor_lastrite_01.fbx##s_actor_lastrite_brow_01_lod2,,,,49658,2587,main/01b1ac3fc95afdd5eab1c469.ab,,
chr_0026_lastrite,lastrite,Girl,model_asset,,assets/beyond/arts/entity/actor/girl/lastrite/models/sk_actor_lastrite_01.fbx##s_actor_lastrite_brow_01_lod3,,,,10218,2587,main/01b1ac3fc95afdd5eab1c469.ab,,
chr_0026_lastrite,lastrite,Girl,model_asset,,assets/beyond/arts/entity/actor/girl/lastrite/models/sk_actor_lastrite_01.fbx##s_actor_lastrite_cloth_01_lod0,,,,4799139,2587,main/01b1ac3fc95afdd5eab1c469.ab,,
chr_0026_lastrite,lastrite,Girl,model_asset,,assets/beyond/arts/entity/actor/girl/lastrite/models/sk_actor_lastrite_01.fbx##s_actor_lastrite_cloth_01_lod1,,,,2094331,2587,main/01b1ac3fc95afdd5eab1c469.ab,,
chr_0026_lastrite,lastrite,Girl,model_asset,,assets/beyond/arts/entity/actor/girl/lastrite/models/sk_actor_lastrite_01.fbx##s_actor_lastrite_cloth_01_lod2,,,,1152787,2587,main/01b1ac3fc95afdd5eab1c469.ab,,
chr_0026_lastrite,lastrite,Girl,model_asset,,assets/beyond/arts/entity/actor/girl/lastrite/models/sk_actor_lastrite_01.fbx##s_actor_lastrite_cloth_01_lod3,,,,638519,2587,main/01b1ac3fc95afdd5eab1c469.ab,,
chr_0026_lastrite,lastrite,Girl,model_asset,,assets/beyond/arts/entity/actor/girl/lastrite/models/sk_actor_lastrite_01.fbx##s_actor_lastrite_cloth_02_lod0,,,,126195,2587,main/01b1ac3fc95afdd5eab1c469.ab,,
chr_0026_lastrite,lastrite,Girl,model_asset,,assets/beyond/arts/entity/actor/girl/lastrite/models/sk_actor_lastrite_01.fbx##s_actor_lastrite_cloth_02_lod1,,,,40427,2587,main/01b1ac3fc95afdd5eab1c469.ab,,
chr_0026_lastrite,lastrite,Girl,model_asset,,assets/beyond/arts/entity/actor/girl/lastrite/models/sk_actor_lastrite_01.fbx##s_actor_lastrite_cloth_02_lod2,,,,17819,2587,main/01b1ac3fc95afdd5eab1c469.ab,,
chr_0026_lastrite,lastrite,Girl,model_asset,,assets/beyond/arts/entity/actor/girl/lastrite/models/sk_actor_lastrite_01.fbx##s_actor_lastrite_cloth_02_lod3,,,,13835,2587,main/01b1ac3fc95afdd5eab1c469.ab,,
chr_0026_lastrite,lastrite,Girl,model_asset,,assets/beyond/arts/entity/actor/girl/lastrite/models/sk_actor_lastrite_01.fbx##s_actor_lastrite_cloth_03_lod0,,,,60823,2587,main/01b1ac3fc95afdd5eab1c469.ab,,
chr_0026_lastrite,lastrite,Girl,model_asset,,assets/beyond/arts/entity/actor/girl/lastrite/models/sk_actor_lastrite_01.fbx##s_actor_lastrite_cloth_03_lod1,,,,33643,2587,main/01b1ac3fc95afdd5eab1c469.ab,,
chr_0026_lastrite,lastrite,Girl,model_asset,,assets/beyond/arts/entity/actor/girl/lastrite/models/sk_actor_lastrite_01.fbx##s_actor_lastrite_cloth_03_lod2,,,,29611,2587,main/01b1ac3fc95afdd5eab1c469.ab,,
chr_0026_lastrite,lastrite,Girl,model_asset,,assets/beyond/arts/entity/actor/girl/lastrite/models/sk_actor_lastrite_01.fbx##s_actor_lastrite_cloth_03_lod3,,,,20739,2587,main/01b1ac3fc95afdd5eab1c469.ab,,
chr_0026_lastrite,lastrite,Girl,model_asset,,assets/beyond/arts/entity/actor/girl/lastrite/models/sk_actor_lastrite_01.fbx##s_actor_lastrite_cloth_04_lod0,,,,2232531,2587,main/01b1ac3fc95afdd5eab1c469.ab,,
chr_0026_lastrite,lastrite,Girl,model_asset,,assets/beyond/arts/entity/actor/girl/lastrite/models/sk_actor_lastrite_01.fbx##s_actor_lastrite_cloth_04_lod1,,,,913335,2587,main/01b1ac3fc95afdd5eab1c469.ab,,
chr_0026_lastrite,lastrite,Girl,model_asset,,assets/beyond/arts/entity/actor/girl/lastrite/models/sk_actor_lastrite_01.fbx##s_actor_lastrite_cloth_04_lod2,,,,504267,2587,main/01b1ac3fc95afdd5eab1c469.ab,,
chr_0026_lastrite,lastrite,Girl,model_asset,,assets/beyond/arts/entity/actor/girl/lastrite/models/sk_actor_lastrite_01.fbx##s_actor_lastrite_cloth_04_lod3,,,,334419,2587,main/01b1ac3fc95afdd5eab1c469.ab,,
chr_0026_lastrite,lastrite,Girl,model_asset,,assets/beyond/arts/entity/actor/girl/lastrite/models/sk_actor_lastrite_01.fbx##s_actor_lastrite_cloth_05_lod0,,,,63259,2587,main/01b1ac3fc95afdd5eab1c469.ab,,
chr_0026_lastrite,lastrite,Girl,model_asset,,assets/beyond/arts/entity/actor/girl/lastrite/models/sk_actor_lastrite_01.fbx##s_actor_lastrite_cloth_05_lod1,,,,16283,2587,main/01b1ac3fc95afdd5eab1c469.ab,,
chr_0026_lastrite,lastrite,Girl,model_asset,,assets/beyond/arts/entity/actor/girl/lastrite/models/sk_actor_lastrite_01.fbx##s_actor_lastrite_cloth_05_lod2,,,,11939,2587,main/01b1ac3fc95afdd5eab1c469.ab,,
chr_0026_lastrite,lastrite,Girl,model_asset,,assets/beyond/arts/entity/actor/girl/lastrite/models/sk_actor_lastrite_01.fbx##s_actor_lastrite_cloth_05_lod3,,,,8811,2587,main/01b1ac3fc95afdd5eab1c469.ab,,
chr_0026_lastrite,lastrite,Girl,model_asset,,assets/beyond/arts/entity/actor/girl/lastrite/models/sk_actor_lastrite_01.fbx##s_actor_lastrite_eyeshadow_01_lod0,,,,8007,2587,main/01b1ac3fc95afdd5eab1c469.ab,,
chr_0026_lastrite,lastrite,Girl,model_asset,,assets/beyond/arts/entity/actor/girl/lastrite/models/sk_actor_lastrite_01.fbx##s_actor_lastrite_eyeshadow_01_lod1,,,,8007,2587,main/01b1ac3fc95afdd5eab1c469.ab,,
chr_0026_lastrite,lastrite,Girl,model_asset,,assets/beyond/arts/entity/actor/girl/lastrite/models/sk_actor_lastrite_01.fbx##s_actor_lastrite_face_01_lod0,,,,286350,2587,main/01b1ac3fc95afdd5eab1c469.ab,,
chr_0026_lastrite,lastrite,Girl,model_asset,,assets/beyond/arts/entity/actor/girl/lastrite/models/sk_actor_lastrite_01.fbx##s_actor_lastrite_face_01_lod1,,,,286350,2587,main/01b1ac3fc95afdd5eab1c469.ab,,
chr_0026_lastrite,lastrite,Girl,model_asset,,assets/beyond/arts/entity/actor/girl/lastrite/models/sk_actor_lastrite_01.fbx##s_actor_lastrite_face_01_lod2,,,,75366,2587,main/01b1ac3fc95afdd5eab1c469.ab,,
chr_0026_lastrite,lastrite,Girl,model_asset,,assets/beyond/arts/entity/actor/girl/lastrite/models/sk_actor_lastrite_01.fbx##s_actor_lastrite_face_01_lod3,,,,16154,2587,main/01b1ac3fc95afdd5eab1c469.ab,,
chr_0026_lastrite,lastrite,Girl,model_asset,,assets/beyond/arts/entity/actor/girl/lastrite/models/sk_actor_lastrite_01.fbx##s_actor_lastrite_hair_01_lod0,,,,1688474,2587,main/01b1ac3fc95afdd5eab1c469.ab,,
chr_0026_lastrite,lastrite,Girl,model_asset,,assets/beyond/arts/entity/actor/girl/lastrite/models/sk_actor_lastrite_01.fbx##s_actor_lastrite_hair_01_lod1,,,,857946,2587,main/01b1ac3fc95afdd5eab1c469.ab,,
chr_0026_lastrite,lastrite,Girl,model_asset,,assets/beyond/arts/entity/actor/girl/lastrite/models/sk_actor_lastrite_01.fbx##s_actor_lastrite_hair_01_lod2,,,,460414,2587,main/01b1ac3fc95afdd5eab1c469.ab,,
chr_0026_lastrite,lastrite,Girl,model_asset,,assets/beyond/arts/entity/actor/girl/lastrite/models/sk_actor_lastrite_01.fbx##s_actor_lastrite_hair_01_lod3,,,,248194,2587,main/01b1ac3fc95afdd5eab1c469.ab,,
chr_0026_lastrite,lastrite,Girl,model_asset,,assets/beyond/arts/entity/actor/girl/lastrite/models/sk_actor_lastrite_01.fbx##s_actor_lastrite_hairshadow_01_lod0,,,,21612,2587,main/01b1ac3fc95afdd5eab1c469.ab,,
chr_0026_lastrite,lastrite,Girl,model_asset,,assets/beyond/arts/entity/actor/girl/lastrite/models/sk_actor_lastrite_01.fbx##s_actor_lastrite_hairshadow_01_lod1,,,,16844,2587,main/01b1ac3fc95afdd5eab1c469.ab,,
chr_0026_lastrite,lastrite,Girl,model_asset,,assets/beyond/arts/entity/actor/girl/lastrite/models/sk_actor_lastrite_01.fbx##s_actor_lastrite_iris_01_lod0,,,,22222,2587,main/01b1ac3fc95afdd5eab1c469.ab,,
chr_0026_lastrite,lastrite,Girl,model_asset,,assets/beyond/arts/entity/actor/girl/lastrite/models/sk_actor_lastrite_01.fbx##s_actor_lastrite_iris_01_lod1,,,,22222,2587,main/01b1ac3fc95afdd5eab1c469.ab,,
chr_0026_lastrite,lastrite,Girl,model_asset,,assets/beyond/arts/entity/actor/girl/lastrite/models/sk_actor_lastrite_01.fbx##s_actor_lastrite_iris_01_lod2,,,,9666,2587,main/01b1ac3fc95afdd5eab1c469.ab,,
chr_0026_lastrite,lastrite,Girl,model_asset,,assets/beyond/arts/entity/actor/girl/lastrite/models/sk_actor_lastrite_01.fbx##s_actor_lastrite_iris_01_lod3,,,,3370,2587,main/01b1ac3fc95afdd5eab1c469.ab,,
chr_0026_lastrite,lastrite,Girl,model_asset,,assets/beyond/arts/entity/actor/girl/lastrite/models/sk_actor_lastrite_01.fbx##s_actor_lastrite_skill_01_lod0,,,,1502291,2587,main/01b1ac3fc95afdd5eab1c469.ab,,
chr_0026_lastrite,lastrite,Girl,model_asset,,assets/beyond/arts/entity/actor/girl/lastrite/models/sk_actor_lastrite_01.fbx##s_actor_lastrite_skill_01_lod1,,,,925975,2587,main/01b1ac3fc95afdd5eab1c469.ab,,
chr_0026_lastrite,lastrite,Girl,model_asset,,assets/beyond/arts/entity/actor/girl/lastrite/models/sk_actor_lastrite_01.fbx##s_actor_lastrite_skill_01_lod2,,,,492943,2587,main/01b1ac3fc95afdd5eab1c469.ab,,
chr_0026_lastrite,lastrite,Girl,model_asset,,assets/beyond/arts/entity/actor/girl/lastrite/models/sk_actor_lastrite_01.fbx##s_actor_lastrite_skill_01_lod3,,,,277799,2587,main/01b1ac3fc95afdd5eab1c469.ab,,
chr_0026_lastrite,lastrite,Girl,model_asset,,assets/beyond/arts/entity/actor/girl/lastrite/models/sk_actor_lastrite_01.fbx##s_actor_lastrite_vfxpart_01_lod0,,,,119225,2587,main/01b1ac3fc95afdd5eab1c469.ab,,
chr_0026_lastrite,lastrite,Girl,model_asset,,assets/beyond/arts/entity/actor/girl/lastrite/models/sk_actor_lastrite_01.fbx##s_actor_lastrite_vfxpart_01_lod1,,,,61473,2587,main/01b1ac3fc95afdd5eab1c469.ab,,
chr_0026_lastrite,lastrite,Girl,model_asset,,assets/beyond/arts/entity/actor/girl/lastrite/models/sk_actor_lastrite_01.fbx##s_actor_lastrite_vfxpart_01_lod2,,,,12281,2587,main/01b1ac3fc95afdd5eab1c469.ab,,
chr_0026_lastrite,lastrite,Girl,model_asset,,assets/beyond/arts/entity/actor/girl/lastrite/models/sk_actor_lastrite_01.fbx##s_actor_lastrite_vfxpart_01_lod3,,,,9193,2587,main/01b1ac3fc95afdd5eab1c469.ab,,
chr_0026_lastrite,lastrite,Girl,model_asset,,assets/beyond/arts/entity/actor/girl/lastrite/models/sk_actor_lastrite_01.fbx##sk_actor_lastrite_01avatar,,,,239830,2587,main/01b1ac3fc95afdd5eab1c469.ab,,
chr_0027_tangtang,tangtang,Girl,postmodel,chr_0027_tangtang_postmodel,assets/beyond/dynamicassets/gameplay/actors/postmodels/characters/chr_0027_tangtang_postmodel.prefab,assets/beyond/dynamicassets/gameplay/actors/postmodels/characters/chr_0027_tangtang_postmodel.prefab,231737836725811929,0x03374C55AF0F3AD9,496,141616,main/98068fd1ad76fc7a78363355.ab,1066173888924978492,0x0ECBCF80CE2B8D3C
chr_0027_tangtang,tangtang,Girl,model_asset,,assets/beyond/arts/entity/actor/girl/tangtang/models/s_actor_tangtang_body_01_lod0.asset,,,,792626,156509,main/a818b8f37c36a1769fd0b093.ab,,
chr_0027_tangtang,tangtang,Girl,model_asset,,assets/beyond/arts/entity/actor/girl/tangtang/models/s_actor_tangtang_cloth_01_lod0.asset,,,,5218135,156026,main/a799b9013466abba07bff8e3.ab,,
chr_0027_tangtang,tangtang,Girl,model_asset,,assets/beyond/arts/entity/actor/girl/tangtang/models/s_actor_tangtang_cloth_02_lod0.asset,,,,1248627,215494,main/e7bce0217fd7fd42df519e62.ab,,
chr_0027_tangtang,tangtang,Girl,model_asset,,assets/beyond/arts/entity/actor/girl/tangtang/models/s_actor_tangtang_cloth_03_lod0.asset,,,,350687,180259,main/c1c41a165303bf1c26bbce93.ab,,
chr_0027_tangtang,tangtang,Girl,model_asset,,assets/beyond/arts/entity/actor/girl/tangtang/models/s_actor_tangtang_cloth_04_lod0.asset,,,,488159,37032,main/26ff782f594ff30940cd5dda.ab,,
chr_0027_tangtang,tangtang,Girl,model_asset,,assets/beyond/arts/entity/actor/girl/tangtang/models/s_actor_tangtang_face_01_lod0.asset,,,,328342,33558,main/2332f128d0938f9dd5efef13.ab,,
chr_0027_tangtang,tangtang,Girl,model_asset,,assets/beyond/arts/entity/actor/girl/tangtang/models/s_actor_tangtang_fur_01_lod0_20.asset,,,,2348992,138981,main/95270152349a37b60e476dad.ab,,
chr_0027_tangtang,tangtang,Girl,model_asset,,assets/beyond/arts/entity/actor/girl/tangtang/models/s_actor_tangtang_fur_01_lod1_8.asset,,,,380031,180922,main/c285cd5d07d6b32dce21d662.ab,,
chr_0027_tangtang,tangtang,Girl,model_asset,,assets/beyond/arts/entity/actor/girl/tangtang/models/s_actor_tangtang_hair_01_lod0.asset,,,,1362518,184979,main/c6e8e6e10eb1caa5316f9555.ab,,
chr_0027_tangtang,tangtang,Girl,model_asset,,assets/beyond/arts/entity/actor/girl/tangtang/models/sk_actor_tangtang_01.fbx,,,,0,189427,main/cbcc5571977da179adc0011d.ab,,
chr_0027_tangtang,tangtang,Girl,model_asset,,assets/beyond/arts/entity/actor/girl/tangtang/models/sk_actor_tangtang_01.fbx,,,,0,189427,main/cbcc5571977da179adc0011d.ab,,
chr_0027_tangtang,tangtang,Girl,model_asset,,assets/beyond/arts/entity/actor/girl/tangtang/models/sk_actor_tangtang_01.fbx,,,,0,189427,main/cbcc5571977da179adc0011d.ab,,
chr_0027_tangtang,tangtang,Girl,model_asset,,assets/beyond/arts/entity/actor/girl/tangtang/models/sk_actor_tangtang_01.fbx,,,,0,189427,main/cbcc5571977da179adc0011d.ab,,
chr_0027_tangtang,tangtang,Girl,model_asset,,assets/beyond/arts/entity/actor/girl/tangtang/models/sk_actor_tangtang_01.fbx,,,,0,189427,main/cbcc5571977da179adc0011d.ab,,
chr_0027_tangtang,tangtang,Girl,model_asset,,assets/beyond/arts/entity/actor/girl/tangtang/models/sk_actor_tangtang_01.fbx,,,,0,189427,main/cbcc5571977da179adc0011d.ab,,
chr_0027_tangtang,tangtang,Girl,model_asset,,assets/beyond/arts/entity/actor/girl/tangtang/models/sk_actor_tangtang_01.fbx,,,,0,189427,main/cbcc5571977da179adc0011d.ab,,
chr_0027_tangtang,tangtang,Girl,model_asset,,assets/beyond/arts/entity/actor/girl/tangtang/models/sk_actor_tangtang_01.fbx,,,,0,189427,main/cbcc5571977da179adc0011d.ab,,
chr_0027_tangtang,tangtang,Girl,model_asset,,assets/beyond/arts/entity/actor/girl/tangtang/models/sk_actor_tangtang_01.fbx,,,,0,189427,main/cbcc5571977da179adc0011d.ab,,
chr_0027_tangtang,tangtang,Girl,model_asset,,assets/beyond/arts/entity/actor/girl/tangtang/models/sk_actor_tangtang_01.fbx,,,,0,189427,main/cbcc5571977da179adc0011d.ab,,
chr_0027_tangtang,tangtang,Girl,model_asset,,assets/beyond/arts/entity/actor/girl/tangtang/models/sk_actor_tangtang_01.fbx,,,,0,189427,main/cbcc5571977da179adc0011d.ab,,
chr_0027_tangtang,tangtang,Girl,model_asset,,assets/beyond/arts/entity/actor/girl/tangtang/models/sk_actor_tangtang_01.fbx,,,,0,189427,main/cbcc5571977da179adc0011d.ab,,
chr_0027_tangtang,tangtang,Girl,model_asset,,assets/beyond/arts/entity/actor/girl/tangtang/models/sk_actor_tangtang_01.fbx,,,,0,189427,main/cbcc5571977da179adc0011d.ab,,
chr_0027_tangtang,tangtang,Girl,model_asset,,assets/beyond/arts/entity/actor/girl/tangtang/models/sk_actor_tangtang_01.fbx,,,,0,189427,main/cbcc5571977da179adc0011d.ab,,
chr_0027_tangtang,tangtang,Girl,model_asset,,assets/beyond/arts/entity/actor/girl/tangtang/models/sk_actor_tangtang_01.fbx,,,,0,189427,main/cbcc5571977da179adc0011d.ab,,
chr_0027_tangtang,tangtang,Girl,model_asset,,assets/beyond/arts/entity/actor/girl/tangtang/models/sk_actor_tangtang_01.fbx,,,,0,189427,main/cbcc5571977da179adc0011d.ab,,
chr_0027_tangtang,tangtang,Girl,model_asset,,assets/beyond/arts/entity/actor/girl/tangtang/models/sk_actor_tangtang_01.fbx,,,,0,189427,main/cbcc5571977da179adc0011d.ab,,
chr_0027_tangtang,tangtang,Girl,model_asset,,assets/beyond/arts/entity/actor/girl/tangtang/models/sk_actor_tangtang_01.fbx,,,,0,189427,main/cbcc5571977da179adc0011d.ab,,
chr_0027_tangtang,tangtang,Girl,model_asset,,assets/beyond/arts/entity/actor/girl/tangtang/models/sk_actor_tangtang_01.fbx,,,,0,189427,main/cbcc5571977da179adc0011d.ab,,
chr_0027_tangtang,tangtang,Girl,model_asset,,assets/beyond/arts/entity/actor/girl/tangtang/models/sk_actor_tangtang_01.fbx,,,,0,189427,main/cbcc5571977da179adc0011d.ab,,
chr_0027_tangtang,tangtang,Girl,model_asset,,assets/beyond/arts/entity/actor/girl/tangtang/models/sk_actor_tangtang_01.fbx,,,,0,189427,main/cbcc5571977da179adc0011d.ab,,
chr_0027_tangtang,tangtang,Girl,model_asset,,assets/beyond/arts/entity/actor/girl/tangtang/models/sk_actor_tangtang_01.fbx,,,,0,189427,main/cbcc5571977da179adc0011d.ab,,
chr_0027_tangtang,tangtang,Girl,model_asset,,assets/beyond/arts/entity/actor/girl/tangtang/models/sk_actor_tangtang_01.fbx,,,,0,189427,main/cbcc5571977da179adc0011d.ab,,
chr_0027_tangtang,tangtang,Girl,model_asset,,assets/beyond/arts/entity/actor/girl/tangtang/models/sk_actor_tangtang_01.fbx,,,,0,189427,main/cbcc5571977da179adc0011d.ab,,
chr_0027_tangtang,tangtang,Girl,model_asset,,assets/beyond/arts/entity/actor/girl/tangtang/models/sk_actor_tangtang_01.fbx,,,,0,189427,main/cbcc5571977da179adc0011d.ab,,
chr_0027_tangtang,tangtang,Girl,model_asset,,assets/beyond/arts/entity/actor/girl/tangtang/models/sk_actor_tangtang_01.fbx,,,,0,189427,main/cbcc5571977da179adc0011d.ab,,
chr_0027_tangtang,tangtang,Girl,model_asset,,assets/beyond/arts/entity/actor/girl/tangtang/models/sk_actor_tangtang_01.fbx,,,,0,189427,main/cbcc5571977da179adc0011d.ab,,
chr_0027_tangtang,tangtang,Girl,model_asset,,assets/beyond/arts/entity/actor/girl/tangtang/models/sk_actor_tangtang_01.fbx,,,,0,189427,main/cbcc5571977da179adc0011d.ab,,
chr_0027_tangtang,tangtang,Girl,model_asset,,assets/beyond/arts/entity/actor/girl/tangtang/models/sk_actor_tangtang_01.fbx,,,,0,189427,main/cbcc5571977da179adc0011d.ab,,
chr_0027_tangtang,tangtang,Girl,model_asset,,assets/beyond/arts/entity/actor/girl/tangtang/models/sk_actor_tangtang_01.fbx,,,,0,189427,main/cbcc5571977da179adc0011d.ab,,
chr_0027_tangtang,tangtang,Girl,model_asset,,assets/beyond/arts/entity/actor/girl/tangtang/models/sk_actor_tangtang_01.fbx,,,,0,189427,main/cbcc5571977da179adc0011d.ab,,
chr_0027_tangtang,tangtang,Girl,model_asset,,assets/beyond/arts/entity/actor/girl/tangtang/models/sk_actor_tangtang_01.fbx,,,,0,189427,main/cbcc5571977da179adc0011d.ab,,
chr_0027_tangtang,tangtang,Girl,model_asset,,assets/beyond/arts/entity/actor/girl/tangtang/models/sk_actor_tangtang_01.fbx,,,,0,189427,main/cbcc5571977da179adc0011d.ab,,
chr_0027_tangtang,tangtang,Girl,model_asset,,assets/beyond/arts/entity/actor/girl/tangtang/models/sk_actor_tangtang_01.fbx,,,,0,189427,main/cbcc5571977da179adc0011d.ab,,
chr_0027_tangtang,tangtang,Girl,model_asset,,assets/beyond/arts/entity/actor/girl/tangtang/models/sk_actor_tangtang_01.fbx,,,,0,189427,main/cbcc5571977da179adc0011d.ab,,
chr_0027_tangtang,tangtang,Girl,model_asset,,assets/beyond/arts/entity/actor/girl/tangtang/models/sk_actor_tangtang_01.fbx,,,,0,189427,main/cbcc5571977da179adc0011d.ab,,
chr_0027_tangtang,tangtang,Girl,model_asset,,assets/beyond/arts/entity/actor/girl/tangtang/models/sk_actor_tangtang_01.fbx,,,,0,189427,main/cbcc5571977da179adc0011d.ab,,
chr_0027_tangtang,tangtang,Girl,model_asset,,assets/beyond/arts/entity/actor/girl/tangtang/models/sk_actor_tangtang_01.fbx,,,,0,189427,main/cbcc5571977da179adc0011d.ab,,
chr_0027_tangtang,tangtang,Girl,model_asset,,assets/beyond/arts/entity/actor/girl/tangtang/models/sk_actor_tangtang_01.fbx,,,,0,189427,main/cbcc5571977da179adc0011d.ab,,
chr_0027_tangtang,tangtang,Girl,model_asset,,assets/beyond/arts/entity/actor/girl/tangtang/models/sk_actor_tangtang_01.fbx,,,,0,189427,main/cbcc5571977da179adc0011d.ab,,
chr_0027_tangtang,tangtang,Girl,model_asset,,assets/beyond/arts/entity/actor/girl/tangtang/models/sk_actor_tangtang_01.fbx,,,,0,189427,main/cbcc5571977da179adc0011d.ab,,
chr_0027_tangtang,tangtang,Girl,model_asset,,assets/beyond/arts/entity/actor/girl/tangtang/models/sk_actor_tangtang_01.fbx,,,,0,189427,main/cbcc5571977da179adc0011d.ab,,
chr_0027_tangtang,tangtang,Girl,model_asset,,assets/beyond/arts/entity/actor/girl/tangtang/models/sk_actor_tangtang_01.fbx,,,,0,189427,main/cbcc5571977da179adc0011d.ab,,
chr_0027_tangtang,tangtang,Girl,model_asset,,assets/beyond/arts/entity/actor/girl/tangtang/models/sk_actor_tangtang_01.fbx,,,,0,189427,main/cbcc5571977da179adc0011d.ab,,
chr_0027_tangtang,tangtang,Girl,model_asset,,assets/beyond/arts/entity/actor/girl/tangtang/models/sk_actor_tangtang_01.fbx,,,,0,189427,main/cbcc5571977da179adc0011d.ab,,
chr_0027_tangtang,tangtang,Girl,model_asset,,assets/beyond/arts/entity/actor/girl/tangtang/models/sk_actor_tangtang_01.fbx,,,,0,189427,main/cbcc5571977da179adc0011d.ab,,
chr_0027_tangtang,tangtang,Girl,model_asset,,assets/beyond/arts/entity/actor/girl/tangtang/models/sk_actor_tangtang_01.fbx,,,,0,189427,main/cbcc5571977da179adc0011d.ab,,
chr_0027_tangtang,tangtang,Girl,model_asset,,assets/beyond/arts/entity/actor/girl/tangtang/models/sk_actor_tangtang_01.fbx,,,,0,189427,main/cbcc5571977da179adc0011d.ab,,
chr_0027_tangtang,tangtang,Girl,model_asset,,assets/beyond/arts/entity/actor/girl/tangtang/models/sk_actor_tangtang_01.fbx,,,,0,189427,main/cbcc5571977da179adc0011d.ab,,
chr_0027_tangtang,tangtang,Girl,model_asset,,assets/beyond/arts/entity/actor/girl/tangtang/models/sk_actor_tangtang_01.fbx,,,,0,189427,main/cbcc5571977da179adc0011d.ab,,
chr_0027_tangtang,tangtang,Girl,model_asset,,assets/beyond/arts/entity/actor/girl/tangtang/models/sk_actor_tangtang_01.fbx,,,,0,189427,main/cbcc5571977da179adc0011d.ab,,
chr_0027_tangtang,tangtang,Girl,model_asset,,assets/beyond/arts/entity/actor/girl/tangtang/models/sk_actor_tangtang_01.fbx,,,,0,189427,main/cbcc5571977da179adc0011d.ab,,
chr_0027_tangtang,tangtang,Girl,model_asset,,assets/beyond/arts/entity/actor/girl/tangtang/models/sk_actor_tangtang_01.fbx,,,,0,189427,main/cbcc5571977da179adc0011d.ab,,
chr_0027_tangtang,tangtang,Girl,model_asset,,assets/beyond/arts/entity/actor/girl/tangtang/models/sk_actor_tangtang_01.fbx,,,,0,189427,main/cbcc5571977da179adc0011d.ab,,
chr_0027_tangtang,tangtang,Girl,model_asset,,assets/beyond/arts/entity/actor/girl/tangtang/models/sk_actor_tangtang_01.fbx,,,,0,189427,main/cbcc5571977da179adc0011d.ab,,
chr_0027_tangtang,tangtang,Girl,model_asset,,assets/beyond/arts/entity/actor/girl/tangtang/models/sk_actor_tangtang_01.fbx,,,,0,189427,main/cbcc5571977da179adc0011d.ab,,
chr_0027_tangtang,tangtang,Girl,model_asset,,assets/beyond/arts/entity/actor/girl/tangtang/models/sk_actor_tangtang_01.fbx,,,,0,189427,main/cbcc5571977da179adc0011d.ab,,
chr_0027_tangtang,tangtang,Girl,model_asset,,assets/beyond/arts/entity/actor/girl/tangtang/models/sk_actor_tangtang_01.fbx##s_actor_tangtang_body_01_lod0,,,,734706,189427,main/cbcc5571977da179adc0011d.ab,,
chr_0027_tangtang,tangtang,Girl,model_asset,,assets/beyond/arts/entity/actor/girl/tangtang/models/sk_actor_tangtang_01.fbx##s_actor_tangtang_body_01_lod1,,,,506778,189427,main/cbcc5571977da179adc0011d.ab,,
chr_0027_tangtang,tangtang,Girl,model_asset,,assets/beyond/arts/entity/actor/girl/tangtang/models/sk_actor_tangtang_01.fbx##s_actor_tangtang_body_01_lod2,,,,310266,189427,main/cbcc5571977da179adc0011d.ab,,
chr_0027_tangtang,tangtang,Girl,model_asset,,assets/beyond/arts/entity/actor/girl/tangtang/models/sk_actor_tangtang_01.fbx##s_actor_tangtang_body_01_lod3,,,,128878,189427,main/cbcc5571977da179adc0011d.ab,,
chr_0027_tangtang,tangtang,Girl,model_asset,,assets/beyond/arts/entity/actor/girl/tangtang/models/sk_actor_tangtang_01.fbx##s_actor_tangtang_cloth_01_lod0,,,,4821287,189427,main/cbcc5571977da179adc0011d.ab,,
chr_0027_tangtang,tangtang,Girl,model_asset,,assets/beyond/arts/entity/actor/girl/tangtang/models/sk_actor_tangtang_01.fbx##s_actor_tangtang_cloth_01_lod1,,,,2176435,189427,main/cbcc5571977da179adc0011d.ab,,
chr_0027_tangtang,tangtang,Girl,model_asset,,assets/beyond/arts/entity/actor/girl/tangtang/models/sk_actor_tangtang_01.fbx##s_actor_tangtang_cloth_01_lod2,,,,1030799,189427,main/cbcc5571977da179adc0011d.ab,,
chr_0027_tangtang,tangtang,Girl,model_asset,,assets/beyond/arts/entity/actor/girl/tangtang/models/sk_actor_tangtang_01.fbx##s_actor_tangtang_cloth_01_lod3,,,,362855,189427,main/cbcc5571977da179adc0011d.ab,,
chr_0027_tangtang,tangtang,Girl,model_asset,,assets/beyond/arts/entity/actor/girl/tangtang/models/sk_actor_tangtang_01.fbx##s_actor_tangtang_cloth_02_lod0,,,,1153971,189427,main/cbcc5571977da179adc0011d.ab,,
chr_0027_tangtang,tangtang,Girl,model_asset,,assets/beyond/arts/entity/actor/girl/tangtang/models/sk_actor_tangtang_01.fbx##s_actor_tangtang_cloth_02_lod1,,,,569267,189427,main/cbcc5571977da179adc0011d.ab,,
chr_0027_tangtang,tangtang,Girl,model_asset,,assets/beyond/arts/entity/actor/girl/tangtang/models/sk_actor_tangtang_01.fbx##s_actor_tangtang_cloth_02_lod2,,,,337215,189427,main/cbcc5571977da179adc0011d.ab,,
chr_0027_tangtang,tangtang,Girl,model_asset,,assets/beyond/arts/entity/actor/girl/tangtang/models/sk_actor_tangtang_01.fbx##s_actor_tangtang_cloth_02_lod3,,,,125035,189427,main/cbcc5571977da179adc0011d.ab,,
chr_0027_tangtang,tangtang,Girl,model_asset,,assets/beyond/arts/entity/actor/girl/tangtang/models/sk_actor_tangtang_01.fbx##s_actor_tangtang_cloth_03_lod0,,,,325071,189427,main/cbcc5571977da179adc0011d.ab,,
chr_0027_tangtang,tangtang,Girl,model_asset,,assets/beyond/arts/entity/actor/girl/tangtang/models/sk_actor_tangtang_01.fbx##s_actor_tangtang_cloth_03_lod1,,,,198579,189427,main/cbcc5571977da179adc0011d.ab,,
chr_0027_tangtang,tangtang,Girl,model_asset,,assets/beyond/arts/entity/actor/girl/tangtang/models/sk_actor_tangtang_01.fbx##s_actor_tangtang_cloth_03_lod2,,,,117207,189427,main/cbcc5571977da179adc0011d.ab,,
chr_0027_tangtang,tangtang,Girl,model_asset,,assets/beyond/arts/entity/actor/girl/tangtang/models/sk_actor_tangtang_01.fbx##s_actor_tangtang_cloth_03_lod3,,,,55703,189427,main/cbcc5571977da179adc0011d.ab,,
chr_0027_tangtang,tangtang,Girl,model_asset,,assets/beyond/arts/entity/actor/girl/tangtang/models/sk_actor_tangtang_01.fbx##s_actor_tangtang_cloth_04_lod0,,,,447935,189427,main/cbcc5571977da179adc0011d.ab,,
chr_0027_tangtang,tangtang,Girl,model_asset,,assets/beyond/arts/entity/actor/girl/tangtang/models/sk_actor_tangtang_01.fbx##s_actor_tangtang_cloth_04_lod1,,,,214171,189427,main/cbcc5571977da179adc0011d.ab,,
chr_0027_tangtang,tangtang,Girl,model_asset,,assets/beyond/arts/entity/actor/girl/tangtang/models/sk_actor_tangtang_01.fbx##s_actor_tangtang_cloth_04_lod2,,,,137959,189427,main/cbcc5571977da179adc0011d.ab,,
chr_0027_tangtang,tangtang,Girl,model_asset,,assets/beyond/arts/entity/actor/girl/tangtang/models/sk_actor_tangtang_01.fbx##s_actor_tangtang_cloth_04_lod3,,,,41383,189427,main/cbcc5571977da179adc0011d.ab,,
chr_0027_tangtang,tangtang,Girl,model_asset,,assets/beyond/arts/entity/actor/girl/tangtang/models/sk_actor_tangtang_01.fbx##s_actor_tangtang_eyebrow_01_lod0,,,,132361,189427,main/cbcc5571977da179adc0011d.ab,,
chr_0027_tangtang,tangtang,Girl,model_asset,,assets/beyond/arts/entity/actor/girl/tangtang/models/sk_actor_tangtang_01.fbx##s_actor_tangtang_eyebrow_01_lod1,,,,132361,189427,main/cbcc5571977da179adc0011d.ab,,
chr_0027_tangtang,tangtang,Girl,model_asset,,assets/beyond/arts/entity/actor/girl/tangtang/models/sk_actor_tangtang_01.fbx##s_actor_tangtang_eyebrow_01_lod2,,,,31301,189427,main/cbcc5571977da179adc0011d.ab,,
chr_0027_tangtang,tangtang,Girl,model_asset,,assets/beyond/arts/entity/actor/girl/tangtang/models/sk_actor_tangtang_01.fbx##s_actor_tangtang_eyebrow_01_lod3,,,,17501,189427,main/cbcc5571977da179adc0011d.ab,,
chr_0027_tangtang,tangtang,Girl,model_asset,,assets/beyond/arts/entity/actor/girl/tangtang/models/sk_actor_tangtang_01.fbx##s_actor_tangtang_eyeshadow_01_lod0,,,,8063,189427,main/cbcc5571977da179adc0011d.ab,,
chr_0027_tangtang,tangtang,Girl,model_asset,,assets/beyond/arts/entity/actor/girl/tangtang/models/sk_actor_tangtang_01.fbx##s_actor_tangtang_eyeshadow_01_lod1,,,,8063,189427,main/cbcc5571977da179adc0011d.ab,,
chr_0027_tangtang,tangtang,Girl,model_asset,,assets/beyond/arts/entity/actor/girl/tangtang/models/sk_actor_tangtang_01.fbx##s_actor_tangtang_face_01_lod0,,,,302294,189427,main/cbcc5571977da179adc0011d.ab,,
chr_0027_tangtang,tangtang,Girl,model_asset,,assets/beyond/arts/entity/actor/girl/tangtang/models/sk_actor_tangtang_01.fbx##s_actor_tangtang_face_01_lod1,,,,301830,189427,main/cbcc5571977da179adc0011d.ab,,
chr_0027_tangtang,tangtang,Girl,model_asset,,assets/beyond/arts/entity/actor/girl/tangtang/models/sk_actor_tangtang_01.fbx##s_actor_tangtang_face_01_lod2,,,,115466,189427,main/cbcc5571977da179adc0011d.ab,,
chr_0027_tangtang,tangtang,Girl,model_asset,,assets/beyond/arts/entity/actor/girl/tangtang/models/sk_actor_tangtang_01.fbx##s_actor_tangtang_face_01_lod3,,,,40398,189427,main/cbcc5571977da179adc0011d.ab,,
chr_0027_tangtang,tangtang,Girl,model_asset,,assets/beyond/arts/entity/actor/girl/tangtang/models/sk_actor_tangtang_01.fbx##s_actor_tangtang_fur_01_lod0,,,,95349,189427,main/cbcc5571977da179adc0011d.ab,,
chr_0027_tangtang,tangtang,Girl,model_asset,,assets/beyond/arts/entity/actor/girl/tangtang/models/sk_actor_tangtang_01.fbx##s_actor_tangtang_fur_01_lod1,,,,40245,189427,main/cbcc5571977da179adc0011d.ab,,
chr_0027_tangtang,tangtang,Girl,model_asset,,assets/beyond/arts/entity/actor/girl/tangtang/models/sk_actor_tangtang_01.fbx##s_actor_tangtang_fur_01_lod2,,,,30293,189427,main/cbcc5571977da179adc0011d.ab,,
chr_0027_tangtang,tangtang,Girl,model_asset,,assets/beyond/arts/entity/actor/girl/tangtang/models/sk_actor_tangtang_01.fbx##s_actor_tangtang_fur_01_lod3,,,,20093,189427,main/cbcc5571977da179adc0011d.ab,,
chr_0027_tangtang,tangtang,Girl,model_asset,,assets/beyond/arts/entity/actor/girl/tangtang/models/sk_actor_tangtang_01.fbx##s_actor_tangtang_hair_01_lod0,,,,1248230,189427,main/cbcc5571977da179adc0011d.ab,,
chr_0027_tangtang,tangtang,Girl,model_asset,,assets/beyond/arts/entity/actor/girl/tangtang/models/sk_actor_tangtang_01.fbx##s_actor_tangtang_hair_01_lod1,,,,627598,189427,main/cbcc5571977da179adc0011d.ab,,
chr_0027_tangtang,tangtang,Girl,model_asset,,assets/beyond/arts/entity/actor/girl/tangtang/models/sk_actor_tangtang_01.fbx##s_actor_tangtang_hair_01_lod2,,,,429162,189427,main/cbcc5571977da179adc0011d.ab,,
chr_0027_tangtang,tangtang,Girl,model_asset,,assets/beyond/arts/entity/actor/girl/tangtang/models/sk_actor_tangtang_01.fbx##s_actor_tangtang_hair_01_lod3,,,,264026,189427,main/cbcc5571977da179adc0011d.ab,,
chr_0027_tangtang,tangtang,Girl,model_asset,,assets/beyond/arts/entity/actor/girl/tangtang/models/sk_actor_tangtang_01.fbx##s_actor_tangtang_hairshadow_01_lod0,,,,14412,189427,main/cbcc5571977da179adc0011d.ab,,
chr_0027_tangtang,tangtang,Girl,model_asset,,assets/beyond/arts/entity/actor/girl/tangtang/models/sk_actor_tangtang_01.fbx##s_actor_tangtang_hairshadow_01_lod1,,,,8844,189427,main/cbcc5571977da179adc0011d.ab,,
chr_0027_tangtang,tangtang,Girl,model_asset,,assets/beyond/arts/entity/actor/girl/tangtang/models/sk_actor_tangtang_01.fbx##s_actor_tangtang_iris_01_lod0,,,,15014,189427,main/cbcc5571977da179adc0011d.ab,,
chr_0027_tangtang,tangtang,Girl,model_asset,,assets/beyond/arts/entity/actor/girl/tangtang/models/sk_actor_tangtang_01.fbx##s_actor_tangtang_iris_01_lod1,,,,15014,189427,main/cbcc5571977da179adc0011d.ab,,
chr_0027_tangtang,tangtang,Girl,model_asset,,assets/beyond/arts/entity/actor/girl/tangtang/models/sk_actor_tangtang_01.fbx##s_actor_tangtang_iris_01_lod2,,,,5150,189427,main/cbcc5571977da179adc0011d.ab,,
chr_0027_tangtang,tangtang,Girl,model_asset,,assets/beyond/arts/entity/actor/girl/tangtang/models/sk_actor_tangtang_01.fbx##s_actor_tangtang_iris_01_lod3,,,,3206,189427,main/cbcc5571977da179adc0011d.ab,,
chr_0027_tangtang,tangtang,Girl,model_asset,,assets/beyond/arts/entity/actor/girl/tangtang/models/sk_actor_tangtang_01.fbx##s_actor_tangtang_iris_02_lod0,,,,15014,189427,main/cbcc5571977da179adc0011d.ab,,
chr_0027_tangtang,tangtang,Girl,model_asset,,assets/beyond/arts/entity/actor/girl/tangtang/models/sk_actor_tangtang_01.fbx##s_actor_tangtang_iris_02_lod1,,,,15014,189427,main/cbcc5571977da179adc0011d.ab,,
chr_0027_tangtang,tangtang,Girl,model_asset,,assets/beyond/arts/entity/actor/girl/tangtang/models/sk_actor_tangtang_01.fbx##s_actor_tangtang_iris_02_lod2,,,,5198,189427,main/cbcc5571977da179adc0011d.ab,,
chr_0027_tangtang,tangtang,Girl,model_asset,,assets/beyond/arts/entity/actor/girl/tangtang/models/sk_actor_tangtang_01.fbx##s_actor_tangtang_iris_02_lod3,,,,3206,189427,main/cbcc5571977da179adc0011d.ab,,
chr_0027_tangtang,tangtang,Girl,model_asset,,assets/beyond/arts/entity/actor/girl/tangtang/models/sk_actor_tangtang_01.fbx##s_actor_tangtang_vfxpart_01_lod0,,,,63145,189427,main/cbcc5571977da179adc0011d.ab,,
chr_0027_tangtang,tangtang,Girl,model_asset,,assets/beyond/arts/entity/actor/girl/tangtang/models/sk_actor_tangtang_01.fbx##s_actor_tangtang_vfxpart_01_lod1,,,,61417,189427,main/cbcc5571977da179adc0011d.ab,,
chr_0027_tangtang,tangtang,Girl,model_asset,,assets/beyond/arts/entity/actor/girl/tangtang/models/sk_actor_tangtang_01.fbx##s_actor_tangtang_vfxpart_01_lod2,,,,45601,189427,main/cbcc5571977da179adc0011d.ab,,
chr_0027_tangtang,tangtang,Girl,model_asset,,assets/beyond/arts/entity/actor/girl/tangtang/models/sk_actor_tangtang_01.fbx##s_actor_tangtang_vfxpart_01_lod3,,,,23713,189427,main/cbcc5571977da179adc0011d.ab,,
chr_0027_tangtang,tangtang,Girl,model_asset,,assets/beyond/arts/entity/actor/girl/tangtang/models/sk_actor_tangtang_01.fbx##s_actor_tangtang_vfxpart_02_lod0,,,,10177,189427,main/cbcc5571977da179adc0011d.ab,,
chr_0027_tangtang,tangtang,Girl,model_asset,,assets/beyond/arts/entity/actor/girl/tangtang/models/sk_actor_tangtang_01.fbx##s_actor_tangtang_vfxpart_02_lod1,,,,10177,189427,main/cbcc5571977da179adc0011d.ab,,
chr_0027_tangtang,tangtang,Girl,model_asset,,assets/beyond/arts/entity/actor/girl/tangtang/models/sk_actor_tangtang_01.fbx##s_actor_tangtang_vfxpart_02_lod2,,,,10177,189427,main/cbcc5571977da179adc0011d.ab,,
chr_0027_tangtang,tangtang,Girl,model_asset,,assets/beyond/arts/entity/actor/girl/tangtang/models/sk_actor_tangtang_01.fbx##s_actor_tangtang_vfxpart_02_lod3,,,,10177,189427,main/cbcc5571977da179adc0011d.ab,,
chr_0027_tangtang,tangtang,Girl,model_asset,,assets/beyond/arts/entity/actor/girl/tangtang/models/sk_actor_tangtang_01.fbx##sk_actor_tangtang_01avatar,,,,256092,189427,main/cbcc5571977da179adc0011d.ab,,
chr_0028_wulfa,wulfa,Loli,postmodel,chr_0028_wulfa_postmodel,assets/beyond/dynamicassets/gameplay/actors/postmodels/characters/chr_0028_wulfa_postmodel.prefab,assets/beyond/dynamicassets/gameplay/actors/postmodels/characters/chr_0028_wulfa_postmodel.prefab,941821508957701851,0x0D1205AC233F06DB,544,11326,main/0b44582beca1783c9a8f9732.ab,272977201100364110,0x03C9CF516F5E194E
chr_0028_wulfa,wulfa,Loli,model_asset,,assets/beyond/arts/entity/actor/loli/wulfa/models/s_actor_wulfa_body_01_lod0.asset,,,,729023,132072,main/8da76fac6bdbd68c1d7076d4.ab,,
chr_0028_wulfa,wulfa,Loli,model_asset,,assets/beyond/arts/entity/actor/loli/wulfa/models/s_actor_wulfa_cloth_01_lod0.asset,,,,2153404,188712,main/cafd68db22af26c94718e9cb.ab,,
chr_0028_wulfa,wulfa,Loli,model_asset,,assets/beyond/arts/entity/actor/loli/wulfa/models/s_actor_wulfa_cloth_02_lod0.asset,,,,3058244,161697,main/adb44a11eadc058513f25f1a.ab,,
chr_0028_wulfa,wulfa,Loli,model_asset,,assets/beyond/arts/entity/actor/loli/wulfa/models/s_actor_wulfa_cloth_03_lod0.asset,,,,46332,178679,main/c0098cdd9456dcdf032c8b07.ab,,
chr_0028_wulfa,wulfa,Loli,model_asset,,assets/beyond/arts/entity/actor/loli/wulfa/models/s_actor_wulfa_cloth_04_lod0.asset,,,,714540,112920,main/78eb54c96974adae04d4779d.ab,,
chr_0028_wulfa,wulfa,Loli,model_asset,,assets/beyond/arts/entity/actor/loli/wulfa/models/s_actor_wulfa_cloth_05_lod0.asset,,,,912748,39822,main/2a08c78d5f85848c06af580d.ab,,
chr_0028_wulfa,wulfa,Loli,model_asset,,assets/beyond/arts/entity/actor/loli/wulfa/models/s_actor_wulfa_cloth_06_lod0.asset,,,,163932,210623,main/e2985d36fe54cf51b6e7041e.ab,,
chr_0028_wulfa,wulfa,Loli,model_asset,,assets/beyond/arts/entity/actor/loli/wulfa/models/s_actor_wulfa_cloth_07_lod0.asset,,,,124164,174808,main/bbf14f4b979837fadce5acf6.ab,,
chr_0028_wulfa,wulfa,Loli,model_asset,,assets/beyond/arts/entity/actor/loli/wulfa/models/s_actor_wulfa_face_01_lod0.asset,,,,349287,183703,main/c582fda3638a42ad2dd48c8f.ab,,
chr_0028_wulfa,wulfa,Loli,model_asset,,assets/beyond/arts/entity/actor/loli/wulfa/models/s_actor_wulfa_hair_01_lod0.asset,,,,1613459,153880,main/a55489dcbba7688429055ec4.ab,,
chr_0028_wulfa,wulfa,Loli,model_asset,,assets/beyond/arts/entity/actor/loli/wulfa/models/s_actor_wulfa_hair_02_lod0.asset,,,,723487,16448,main/10ca3524df606a8438491716.ab,,
chr_0028_wulfa,wulfa,Loli,model_asset,,assets/beyond/arts/entity/actor/loli/wulfa/models/sk_actor_wulfa_01.fbx,,,,0,81466,main/572d0eab779b49b517f53cca.ab,,
chr_0028_wulfa,wulfa,Loli,model_asset,,assets/beyond/arts/entity/actor/loli/wulfa/models/sk_actor_wulfa_01.fbx,,,,0,81466,main/572d0eab779b49b517f53cca.ab,,
chr_0028_wulfa,wulfa,Loli,model_asset,,assets/beyond/arts/entity/actor/loli/wulfa/models/sk_actor_wulfa_01.fbx,,,,0,81466,main/572d0eab779b49b517f53cca.ab,,
chr_0028_wulfa,wulfa,Loli,model_asset,,assets/beyond/arts/entity/actor/loli/wulfa/models/sk_actor_wulfa_01.fbx,,,,0,81466,main/572d0eab779b49b517f53cca.ab,,
chr_0028_wulfa,wulfa,Loli,model_asset,,assets/beyond/arts/entity/actor/loli/wulfa/models/sk_actor_wulfa_01.fbx,,,,0,81466,main/572d0eab779b49b517f53cca.ab,,
chr_0028_wulfa,wulfa,Loli,model_asset,,assets/beyond/arts/entity/actor/loli/wulfa/models/sk_actor_wulfa_01.fbx,,,,0,81466,main/572d0eab779b49b517f53cca.ab,,
chr_0028_wulfa,wulfa,Loli,model_asset,,assets/beyond/arts/entity/actor/loli/wulfa/models/sk_actor_wulfa_01.fbx,,,,0,81466,main/572d0eab779b49b517f53cca.ab,,
chr_0028_wulfa,wulfa,Loli,model_asset,,assets/beyond/arts/entity/actor/loli/wulfa/models/sk_actor_wulfa_01.fbx,,,,0,81466,main/572d0eab779b49b517f53cca.ab,,
chr_0028_wulfa,wulfa,Loli,model_asset,,assets/beyond/arts/entity/actor/loli/wulfa/models/sk_actor_wulfa_01.fbx,,,,0,81466,main/572d0eab779b49b517f53cca.ab,,
chr_0028_wulfa,wulfa,Loli,model_asset,,assets/beyond/arts/entity/actor/loli/wulfa/models/sk_actor_wulfa_01.fbx,,,,0,81466,main/572d0eab779b49b517f53cca.ab,,
chr_0028_wulfa,wulfa,Loli,model_asset,,assets/beyond/arts/entity/actor/loli/wulfa/models/sk_actor_wulfa_01.fbx,,,,0,81466,main/572d0eab779b49b517f53cca.ab,,
chr_0028_wulfa,wulfa,Loli,model_asset,,assets/beyond/arts/entity/actor/loli/wulfa/models/sk_actor_wulfa_01.fbx,,,,0,81466,main/572d0eab779b49b517f53cca.ab,,
chr_0028_wulfa,wulfa,Loli,model_asset,,assets/beyond/arts/entity/actor/loli/wulfa/models/sk_actor_wulfa_01.fbx,,,,0,81466,main/572d0eab779b49b517f53cca.ab,,
chr_0028_wulfa,wulfa,Loli,model_asset,,assets/beyond/arts/entity/actor/loli/wulfa/models/sk_actor_wulfa_01.fbx,,,,0,81466,main/572d0eab779b49b517f53cca.ab,,
chr_0028_wulfa,wulfa,Loli,model_asset,,assets/beyond/arts/entity/actor/loli/wulfa/models/sk_actor_wulfa_01.fbx,,,,0,81466,main/572d0eab779b49b517f53cca.ab,,
chr_0028_wulfa,wulfa,Loli,model_asset,,assets/beyond/arts/entity/actor/loli/wulfa/models/sk_actor_wulfa_01.fbx,,,,0,81466,main/572d0eab779b49b517f53cca.ab,,
chr_0028_wulfa,wulfa,Loli,model_asset,,assets/beyond/arts/entity/actor/loli/wulfa/models/sk_actor_wulfa_01.fbx,,,,0,81466,main/572d0eab779b49b517f53cca.ab,,
chr_0028_wulfa,wulfa,Loli,model_asset,,assets/beyond/arts/entity/actor/loli/wulfa/models/sk_actor_wulfa_01.fbx,,,,0,81466,main/572d0eab779b49b517f53cca.ab,,
chr_0028_wulfa,wulfa,Loli,model_asset,,assets/beyond/arts/entity/actor/loli/wulfa/models/sk_actor_wulfa_01.fbx,,,,0,81466,main/572d0eab779b49b517f53cca.ab,,
chr_0028_wulfa,wulfa,Loli,model_asset,,assets/beyond/arts/entity/actor/loli/wulfa/models/sk_actor_wulfa_01.fbx,,,,0,81466,main/572d0eab779b49b517f53cca.ab,,
chr_0028_wulfa,wulfa,Loli,model_asset,,assets/beyond/arts/entity/actor/loli/wulfa/models/sk_actor_wulfa_01.fbx,,,,0,81466,main/572d0eab779b49b517f53cca.ab,,
chr_0028_wulfa,wulfa,Loli,model_asset,,assets/beyond/arts/entity/actor/loli/wulfa/models/sk_actor_wulfa_01.fbx,,,,0,81466,main/572d0eab779b49b517f53cca.ab,,
chr_0028_wulfa,wulfa,Loli,model_asset,,assets/beyond/arts/entity/actor/loli/wulfa/models/sk_actor_wulfa_01.fbx,,,,0,81466,main/572d0eab779b49b517f53cca.ab,,
chr_0028_wulfa,wulfa,Loli,model_asset,,assets/beyond/arts/entity/actor/loli/wulfa/models/sk_actor_wulfa_01.fbx,,,,0,81466,main/572d0eab779b49b517f53cca.ab,,
chr_0028_wulfa,wulfa,Loli,model_asset,,assets/beyond/arts/entity/actor/loli/wulfa/models/sk_actor_wulfa_01.fbx,,,,0,81466,main/572d0eab779b49b517f53cca.ab,,
chr_0028_wulfa,wulfa,Loli,model_asset,,assets/beyond/arts/entity/actor/loli/wulfa/models/sk_actor_wulfa_01.fbx,,,,0,81466,main/572d0eab779b49b517f53cca.ab,,
chr_0028_wulfa,wulfa,Loli,model_asset,,assets/beyond/arts/entity/actor/loli/wulfa/models/sk_actor_wulfa_01.fbx,,,,0,81466,main/572d0eab779b49b517f53cca.ab,,
chr_0028_wulfa,wulfa,Loli,model_asset,,assets/beyond/arts/entity/actor/loli/wulfa/models/sk_actor_wulfa_01.fbx,,,,0,81466,main/572d0eab779b49b517f53cca.ab,,
chr_0028_wulfa,wulfa,Loli,model_asset,,assets/beyond/arts/entity/actor/loli/wulfa/models/sk_actor_wulfa_01.fbx,,,,0,81466,main/572d0eab779b49b517f53cca.ab,,
chr_0028_wulfa,wulfa,Loli,model_asset,,assets/beyond/arts/entity/actor/loli/wulfa/models/sk_actor_wulfa_01.fbx,,,,0,81466,main/572d0eab779b49b517f53cca.ab,,
chr_0028_wulfa,wulfa,Loli,model_asset,,assets/beyond/arts/entity/actor/loli/wulfa/models/sk_actor_wulfa_01.fbx,,,,0,81466,main/572d0eab779b49b517f53cca.ab,,
chr_0028_wulfa,wulfa,Loli,model_asset,,assets/beyond/arts/entity/actor/loli/wulfa/models/sk_actor_wulfa_01.fbx,,,,0,81466,main/572d0eab779b49b517f53cca.ab,,
chr_0028_wulfa,wulfa,Loli,model_asset,,assets/beyond/arts/entity/actor/loli/wulfa/models/sk_actor_wulfa_01.fbx,,,,0,81466,main/572d0eab779b49b517f53cca.ab,,
chr_0028_wulfa,wulfa,Loli,model_asset,,assets/beyond/arts/entity/actor/loli/wulfa/models/sk_actor_wulfa_01.fbx,,,,0,81466,main/572d0eab779b49b517f53cca.ab,,
chr_0028_wulfa,wulfa,Loli,model_asset,,assets/beyond/arts/entity/actor/loli/wulfa/models/sk_actor_wulfa_01.fbx,,,,0,81466,main/572d0eab779b49b517f53cca.ab,,
chr_0028_wulfa,wulfa,Loli,model_asset,,assets/beyond/arts/entity/actor/loli/wulfa/models/sk_actor_wulfa_01.fbx,,,,0,81466,main/572d0eab779b49b517f53cca.ab,,
chr_0028_wulfa,wulfa,Loli,model_asset,,assets/beyond/arts/entity/actor/loli/wulfa/models/sk_actor_wulfa_01.fbx,,,,0,81466,main/572d0eab779b49b517f53cca.ab,,
chr_0028_wulfa,wulfa,Loli,model_asset,,assets/beyond/arts/entity/actor/loli/wulfa/models/sk_actor_wulfa_01.fbx,,,,0,81466,main/572d0eab779b49b517f53cca.ab,,
chr_0028_wulfa,wulfa,Loli,model_asset,,assets/beyond/arts/entity/actor/loli/wulfa/models/sk_actor_wulfa_01.fbx,,,,0,81466,main/572d0eab779b49b517f53cca.ab,,
chr_0028_wulfa,wulfa,Loli,model_asset,,assets/beyond/arts/entity/actor/loli/wulfa/models/sk_actor_wulfa_01.fbx,,,,0,81466,main/572d0eab779b49b517f53cca.ab,,
chr_0028_wulfa,wulfa,Loli,model_asset,,assets/beyond/arts/entity/actor/loli/wulfa/models/sk_actor_wulfa_01.fbx,,,,0,81466,main/572d0eab779b49b517f53cca.ab,,
chr_0028_wulfa,wulfa,Loli,model_asset,,assets/beyond/arts/entity/actor/loli/wulfa/models/sk_actor_wulfa_01.fbx,,,,0,81466,main/572d0eab779b49b517f53cca.ab,,
chr_0028_wulfa,wulfa,Loli,model_asset,,assets/beyond/arts/entity/actor/loli/wulfa/models/sk_actor_wulfa_01.fbx,,,,0,81466,main/572d0eab779b49b517f53cca.ab,,
chr_0028_wulfa,wulfa,Loli,model_asset,,assets/beyond/arts/entity/actor/loli/wulfa/models/sk_actor_wulfa_01.fbx,,,,0,81466,main/572d0eab779b49b517f53cca.ab,,
chr_0028_wulfa,wulfa,Loli,model_asset,,assets/beyond/arts/entity/actor/loli/wulfa/models/sk_actor_wulfa_01.fbx,,,,0,81466,main/572d0eab779b49b517f53cca.ab,,
chr_0028_wulfa,wulfa,Loli,model_asset,,assets/beyond/arts/entity/actor/loli/wulfa/models/sk_actor_wulfa_01.fbx,,,,0,81466,main/572d0eab779b49b517f53cca.ab,,
chr_0028_wulfa,wulfa,Loli,model_asset,,assets/beyond/arts/entity/actor/loli/wulfa/models/sk_actor_wulfa_01.fbx,,,,0,81466,main/572d0eab779b49b517f53cca.ab,,
chr_0028_wulfa,wulfa,Loli,model_asset,,assets/beyond/arts/entity/actor/loli/wulfa/models/sk_actor_wulfa_01.fbx,,,,0,81466,main/572d0eab779b49b517f53cca.ab,,
chr_0028_wulfa,wulfa,Loli,model_asset,,assets/beyond/arts/entity/actor/loli/wulfa/models/sk_actor_wulfa_01.fbx,,,,0,81466,main/572d0eab779b49b517f53cca.ab,,
chr_0028_wulfa,wulfa,Loli,model_asset,,assets/beyond/arts/entity/actor/loli/wulfa/models/sk_actor_wulfa_01.fbx,,,,0,81466,main/572d0eab779b49b517f53cca.ab,,
chr_0028_wulfa,wulfa,Loli,model_asset,,assets/beyond/arts/entity/actor/loli/wulfa/models/sk_actor_wulfa_01.fbx,,,,0,81466,main/572d0eab779b49b517f53cca.ab,,
chr_0028_wulfa,wulfa,Loli,model_asset,,assets/beyond/arts/entity/actor/loli/wulfa/models/sk_actor_wulfa_01.fbx,,,,0,81466,main/572d0eab779b49b517f53cca.ab,,
chr_0028_wulfa,wulfa,Loli,model_asset,,assets/beyond/arts/entity/actor/loli/wulfa/models/sk_actor_wulfa_01.fbx,,,,0,81466,main/572d0eab779b49b517f53cca.ab,,
chr_0028_wulfa,wulfa,Loli,model_asset,,assets/beyond/arts/entity/actor/loli/wulfa/models/sk_actor_wulfa_01.fbx,,,,0,81466,main/572d0eab779b49b517f53cca.ab,,
chr_0028_wulfa,wulfa,Loli,model_asset,,assets/beyond/arts/entity/actor/loli/wulfa/models/sk_actor_wulfa_01.fbx,,,,0,81466,main/572d0eab779b49b517f53cca.ab,,
chr_0028_wulfa,wulfa,Loli,model_asset,,assets/beyond/arts/entity/actor/loli/wulfa/models/sk_actor_wulfa_01.fbx,,,,0,81466,main/572d0eab779b49b517f53cca.ab,,
chr_0028_wulfa,wulfa,Loli,model_asset,,assets/beyond/arts/entity/actor/loli/wulfa/models/sk_actor_wulfa_01.fbx,,,,0,81466,main/572d0eab779b49b517f53cca.ab,,
chr_0028_wulfa,wulfa,Loli,model_asset,,assets/beyond/arts/entity/actor/loli/wulfa/models/sk_actor_wulfa_01.fbx,,,,0,81466,main/572d0eab779b49b517f53cca.ab,,
chr_0028_wulfa,wulfa,Loli,model_asset,,assets/beyond/arts/entity/actor/loli/wulfa/models/sk_actor_wulfa_01.fbx,,,,0,81466,main/572d0eab779b49b517f53cca.ab,,
chr_0028_wulfa,wulfa,Loli,model_asset,,assets/beyond/arts/entity/actor/loli/wulfa/models/sk_actor_wulfa_01.fbx##s_actor_wulfa_body_01_lod0,,,,670191,81466,main/572d0eab779b49b517f53cca.ab,,
chr_0028_wulfa,wulfa,Loli,model_asset,,assets/beyond/arts/entity/actor/loli/wulfa/models/sk_actor_wulfa_01.fbx##s_actor_wulfa_body_01_lod1,,,,326223,81466,main/572d0eab779b49b517f53cca.ab,,
chr_0028_wulfa,wulfa,Loli,model_asset,,assets/beyond/arts/entity/actor/loli/wulfa/models/sk_actor_wulfa_01.fbx##s_actor_wulfa_body_01_lod2,,,,314687,81466,main/572d0eab779b49b517f53cca.ab,,
chr_0028_wulfa,wulfa,Loli,model_asset,,assets/beyond/arts/entity/actor/loli/wulfa/models/sk_actor_wulfa_01.fbx##s_actor_wulfa_body_01_lod3,,,,96239,81466,main/572d0eab779b49b517f53cca.ab,,
chr_0028_wulfa,wulfa,Loli,model_asset,,assets/beyond/arts/entity/actor/loli/wulfa/models/sk_actor_wulfa_01.fbx##s_actor_wulfa_cloth_01_lod0,,,,1990540,81466,main/572d0eab779b49b517f53cca.ab,,
chr_0028_wulfa,wulfa,Loli,model_asset,,assets/beyond/arts/entity/actor/loli/wulfa/models/sk_actor_wulfa_01.fbx##s_actor_wulfa_cloth_01_lod1,,,,883252,81466,main/572d0eab779b49b517f53cca.ab,,
chr_0028_wulfa,wulfa,Loli,model_asset,,assets/beyond/arts/entity/actor/loli/wulfa/models/sk_actor_wulfa_01.fbx##s_actor_wulfa_cloth_01_lod2,,,,607880,81466,main/572d0eab779b49b517f53cca.ab,,
chr_0028_wulfa,wulfa,Loli,model_asset,,assets/beyond/arts/entity/actor/loli/wulfa/models/sk_actor_wulfa_01.fbx##s_actor_wulfa_cloth_01_lod3,,,,214864,81466,main/572d0eab779b49b517f53cca.ab,,
chr_0028_wulfa,wulfa,Loli,model_asset,,assets/beyond/arts/entity/actor/loli/wulfa/models/sk_actor_wulfa_01.fbx##s_actor_wulfa_cloth_02_lod0,,,,2824148,81466,main/572d0eab779b49b517f53cca.ab,,
chr_0028_wulfa,wulfa,Loli,model_asset,,assets/beyond/arts/entity/actor/loli/wulfa/models/sk_actor_wulfa_01.fbx##s_actor_wulfa_cloth_02_lod1,,,,1714352,81466,main/572d0eab779b49b517f53cca.ab,,
chr_0028_wulfa,wulfa,Loli,model_asset,,assets/beyond/arts/entity/actor/loli/wulfa/models/sk_actor_wulfa_01.fbx##s_actor_wulfa_cloth_02_lod2,,,,826456,81466,main/572d0eab779b49b517f53cca.ab,,
chr_0028_wulfa,wulfa,Loli,model_asset,,assets/beyond/arts/entity/actor/loli/wulfa/models/sk_actor_wulfa_01.fbx##s_actor_wulfa_cloth_02_lod3,,,,365796,81466,main/572d0eab779b49b517f53cca.ab,,
chr_0028_wulfa,wulfa,Loli,model_asset,,assets/beyond/arts/entity/actor/loli/wulfa/models/sk_actor_wulfa_01.fbx##s_actor_wulfa_cloth_03_lod0,,,,42748,81466,main/572d0eab779b49b517f53cca.ab,,
chr_0028_wulfa,wulfa,Loli,model_asset,,assets/beyond/arts/entity/actor/loli/wulfa/models/sk_actor_wulfa_01.fbx##s_actor_wulfa_cloth_03_lod1,,,,27708,81466,main/572d0eab779b49b517f53cca.ab,,
chr_0028_wulfa,wulfa,Loli,model_asset,,assets/beyond/arts/entity/actor/loli/wulfa/models/sk_actor_wulfa_01.fbx##s_actor_wulfa_cloth_03_lod2,,,,13040,81466,main/572d0eab779b49b517f53cca.ab,,
chr_0028_wulfa,wulfa,Loli,model_asset,,assets/beyond/arts/entity/actor/loli/wulfa/models/sk_actor_wulfa_01.fbx##s_actor_wulfa_cloth_03_lod3,,,,12700,81466,main/572d0eab779b49b517f53cca.ab,,
chr_0028_wulfa,wulfa,Loli,model_asset,,assets/beyond/arts/entity/actor/loli/wulfa/models/sk_actor_wulfa_01.fbx##s_actor_wulfa_cloth_04_lod0,,,,660172,81466,main/572d0eab779b49b517f53cca.ab,,
chr_0028_wulfa,wulfa,Loli,model_asset,,assets/beyond/arts/entity/actor/loli/wulfa/models/sk_actor_wulfa_01.fbx##s_actor_wulfa_cloth_04_lod1,,,,567100,81466,main/572d0eab779b49b517f53cca.ab,,
chr_0028_wulfa,wulfa,Loli,model_asset,,assets/beyond/arts/entity/actor/loli/wulfa/models/sk_actor_wulfa_01.fbx##s_actor_wulfa_cloth_04_lod2,,,,32316,81466,main/572d0eab779b49b517f53cca.ab,,
chr_0028_wulfa,wulfa,Loli,model_asset,,assets/beyond/arts/entity/actor/loli/wulfa/models/sk_actor_wulfa_01.fbx##s_actor_wulfa_cloth_04_lod3,,,,31500,81466,main/572d0eab779b49b517f53cca.ab,,
chr_0028_wulfa,wulfa,Loli,model_asset,,assets/beyond/arts/entity/actor/loli/wulfa/models/sk_actor_wulfa_01.fbx##s_actor_wulfa_cloth_05_lod0,,,,841964,81466,main/572d0eab779b49b517f53cca.ab,,
chr_0028_wulfa,wulfa,Loli,model_asset,,assets/beyond/arts/entity/actor/loli/wulfa/models/sk_actor_wulfa_01.fbx##s_actor_wulfa_cloth_05_lod1,,,,689524,81466,main/572d0eab779b49b517f53cca.ab,,
chr_0028_wulfa,wulfa,Loli,model_asset,,assets/beyond/arts/entity/actor/loli/wulfa/models/sk_actor_wulfa_01.fbx##s_actor_wulfa_cloth_05_lod2,,,,376412,81466,main/572d0eab779b49b517f53cca.ab,,
chr_0028_wulfa,wulfa,Loli,model_asset,,assets/beyond/arts/entity/actor/loli/wulfa/models/sk_actor_wulfa_01.fbx##s_actor_wulfa_cloth_05_lod3,,,,82364,81466,main/572d0eab779b49b517f53cca.ab,,
chr_0028_wulfa,wulfa,Loli,model_asset,,assets/beyond/arts/entity/actor/loli/wulfa/models/sk_actor_wulfa_01.fbx##s_actor_wulfa_cloth_06_lod0,,,,151372,81466,main/572d0eab779b49b517f53cca.ab,,
chr_0028_wulfa,wulfa,Loli,model_asset,,assets/beyond/arts/entity/actor/loli/wulfa/models/sk_actor_wulfa_01.fbx##s_actor_wulfa_cloth_06_lod1,,,,125140,81466,main/572d0eab779b49b517f53cca.ab,,
chr_0028_wulfa,wulfa,Loli,model_asset,,assets/beyond/arts/entity/actor/loli/wulfa/models/sk_actor_wulfa_01.fbx##s_actor_wulfa_cloth_07_lod0,,,,114132,81466,main/572d0eab779b49b517f53cca.ab,,
chr_0028_wulfa,wulfa,Loli,model_asset,,assets/beyond/arts/entity/actor/loli/wulfa/models/sk_actor_wulfa_01.fbx##s_actor_wulfa_cloth_07_lod1,,,,67396,81466,main/572d0eab779b49b517f53cca.ab,,
chr_0028_wulfa,wulfa,Loli,model_asset,,assets/beyond/arts/entity/actor/loli/wulfa/models/sk_actor_wulfa_01.fbx##s_actor_wulfa_cloth_07_lod2,,,,53756,81466,main/572d0eab779b49b517f53cca.ab,,
chr_0028_wulfa,wulfa,Loli,model_asset,,assets/beyond/arts/entity/actor/loli/wulfa/models/sk_actor_wulfa_01.fbx##s_actor_wulfa_cloth_07_lod3,,,,39076,81466,main/572d0eab779b49b517f53cca.ab,,
chr_0028_wulfa,wulfa,Loli,model_asset,,assets/beyond/arts/entity/actor/loli/wulfa/models/sk_actor_wulfa_01.fbx##s_actor_wulfa_eyebrow_01_lod0,,,,79542,81466,main/572d0eab779b49b517f53cca.ab,,
chr_0028_wulfa,wulfa,Loli,model_asset,,assets/beyond/arts/entity/actor/loli/wulfa/models/sk_actor_wulfa_01.fbx##s_actor_wulfa_eyebrow_01_lod1,,,,79542,81466,main/572d0eab779b49b517f53cca.ab,,
chr_0028_wulfa,wulfa,Loli,model_asset,,assets/beyond/arts/entity/actor/loli/wulfa/models/sk_actor_wulfa_01.fbx##s_actor_wulfa_eyebrow_01_lod2,,,,23018,81466,main/572d0eab779b49b517f53cca.ab,,
chr_0028_wulfa,wulfa,Loli,model_asset,,assets/beyond/arts/entity/actor/loli/wulfa/models/sk_actor_wulfa_01.fbx##s_actor_wulfa_eyebrow_01_lod3,,,,16298,81466,main/572d0eab779b49b517f53cca.ab,,
chr_0028_wulfa,wulfa,Loli,model_asset,,assets/beyond/arts/entity/actor/loli/wulfa/models/sk_actor_wulfa_01.fbx##s_actor_wulfa_eyeshadow_01_lod0,,,,7664,81466,main/572d0eab779b49b517f53cca.ab,,
chr_0028_wulfa,wulfa,Loli,model_asset,,assets/beyond/arts/entity/actor/loli/wulfa/models/sk_actor_wulfa_01.fbx##s_actor_wulfa_eyeshadow_01_lod1,,,,7664,81466,main/572d0eab779b49b517f53cca.ab,,
chr_0028_wulfa,wulfa,Loli,model_asset,,assets/beyond/arts/entity/actor/loli/wulfa/models/sk_actor_wulfa_01.fbx##s_actor_wulfa_face_01_lod0,,,,321047,81466,main/572d0eab779b49b517f53cca.ab,,
chr_0028_wulfa,wulfa,Loli,model_asset,,assets/beyond/arts/entity/actor/loli/wulfa/models/sk_actor_wulfa_01.fbx##s_actor_wulfa_face_01_lod1,,,,321047,81466,main/572d0eab779b49b517f53cca.ab,,
chr_0028_wulfa,wulfa,Loli,model_asset,,assets/beyond/arts/entity/actor/loli/wulfa/models/sk_actor_wulfa_01.fbx##s_actor_wulfa_face_01_lod2,,,,102063,81466,main/572d0eab779b49b517f53cca.ab,,
chr_0028_wulfa,wulfa,Loli,model_asset,,assets/beyond/arts/entity/actor/loli/wulfa/models/sk_actor_wulfa_01.fbx##s_actor_wulfa_face_01_lod3,,,,45179,81466,main/572d0eab779b49b517f53cca.ab,,
chr_0028_wulfa,wulfa,Loli,model_asset,,assets/beyond/arts/entity/actor/loli/wulfa/models/sk_actor_wulfa_01.fbx##s_actor_wulfa_hair_01_lod0,,,,1477971,81466,main/572d0eab779b49b517f53cca.ab,,
chr_0028_wulfa,wulfa,Loli,model_asset,,assets/beyond/arts/entity/actor/loli/wulfa/models/sk_actor_wulfa_01.fbx##s_actor_wulfa_hair_01_lod1,,,,566707,81466,main/572d0eab779b49b517f53cca.ab,,
chr_0028_wulfa,wulfa,Loli,model_asset,,assets/beyond/arts/entity/actor/loli/wulfa/models/sk_actor_wulfa_01.fbx##s_actor_wulfa_hair_01_lod2,,,,250079,81466,main/572d0eab779b49b517f53cca.ab,,
chr_0028_wulfa,wulfa,Loli,model_asset,,assets/beyond/arts/entity/actor/loli/wulfa/models/sk_actor_wulfa_01.fbx##s_actor_wulfa_hair_01_lod3,,,,151055,81466,main/572d0eab779b49b517f53cca.ab,,
chr_0028_wulfa,wulfa,Loli,model_asset,,assets/beyond/arts/entity/actor/loli/wulfa/models/sk_actor_wulfa_01.fbx##s_actor_wulfa_hair_02_lod0,,,,662847,81466,main/572d0eab779b49b517f53cca.ab,,
chr_0028_wulfa,wulfa,Loli,model_asset,,assets/beyond/arts/entity/actor/loli/wulfa/models/sk_actor_wulfa_01.fbx##s_actor_wulfa_hair_02_lod1,,,,228331,81466,main/572d0eab779b49b517f53cca.ab,,
chr_0028_wulfa,wulfa,Loli,model_asset,,assets/beyond/arts/entity/actor/loli/wulfa/models/sk_actor_wulfa_01.fbx##s_actor_wulfa_hair_02_lod2,,,,140511,81466,main/572d0eab779b49b517f53cca.ab,,
chr_0028_wulfa,wulfa,Loli,model_asset,,assets/beyond/arts/entity/actor/loli/wulfa/models/sk_actor_wulfa_01.fbx##s_actor_wulfa_hair_02_lod3,,,,82447,81466,main/572d0eab779b49b517f53cca.ab,,
chr_0028_wulfa,wulfa,Loli,model_asset,,assets/beyond/arts/entity/actor/loli/wulfa/models/sk_actor_wulfa_01.fbx##s_actor_wulfa_hairshadow_01_lod0,,,,19213,81466,main/572d0eab779b49b517f53cca.ab,,
chr_0028_wulfa,wulfa,Loli,model_asset,,assets/beyond/arts/entity/actor/loli/wulfa/models/sk_actor_wulfa_01.fbx##s_actor_wulfa_hairshadow_01_lod1,,,,19213,81466,main/572d0eab779b49b517f53cca.ab,,
chr_0028_wulfa,wulfa,Loli,model_asset,,assets/beyond/arts/entity/actor/loli/wulfa/models/sk_actor_wulfa_01.fbx##s_actor_wulfa_iris_01_lod0,,,,24843,81466,main/572d0eab779b49b517f53cca.ab,,
chr_0028_wulfa,wulfa,Loli,model_asset,,assets/beyond/arts/entity/actor/loli/wulfa/models/sk_actor_wulfa_01.fbx##s_actor_wulfa_iris_01_lod1,,,,24843,81466,main/572d0eab779b49b517f53cca.ab,,
chr_0028_wulfa,wulfa,Loli,model_asset,,assets/beyond/arts/entity/actor/loli/wulfa/models/sk_actor_wulfa_01.fbx##s_actor_wulfa_iris_01_lod2,,,,6679,81466,main/572d0eab779b49b517f53cca.ab,,
chr_0028_wulfa,wulfa,Loli,model_asset,,assets/beyond/arts/entity/actor/loli/wulfa/models/sk_actor_wulfa_01.fbx##s_actor_wulfa_iris_01_lod3,,,,4639,81466,main/572d0eab779b49b517f53cca.ab,,
chr_0028_wulfa,wulfa,Loli,model_asset,,assets/beyond/arts/entity/actor/loli/wulfa/models/sk_actor_wulfa_01.fbx##s_actor_wulfa_vfxpart_01_lod0,,,,172338,81466,main/572d0eab779b49b517f53cca.ab,,
chr_0028_wulfa,wulfa,Loli,model_asset,,assets/beyond/arts/entity/actor/loli/wulfa/models/sk_actor_wulfa_01.fbx##s_actor_wulfa_vfxpart_01_lod1,,,,55494,81466,main/572d0eab779b49b517f53cca.ab,,
chr_0028_wulfa,wulfa,Loli,model_asset,,assets/beyond/arts/entity/actor/loli/wulfa/models/sk_actor_wulfa_01.fbx##s_actor_wulfa_vfxpart_01_lod2,,,,22502,81466,main/572d0eab779b49b517f53cca.ab,,
chr_0028_wulfa,wulfa,Loli,model_asset,,assets/beyond/arts/entity/actor/loli/wulfa/models/sk_actor_wulfa_01.fbx##s_actor_wulfa_vfxpart_01_lod3,,,,13678,81466,main/572d0eab779b49b517f53cca.ab,,
chr_0028_wulfa,wulfa,Loli,model_asset,,assets/beyond/arts/entity/actor/loli/wulfa/models/sk_actor_wulfa_01.fbx##sk_actor_wulfa_01avatar,,,,261472,81466,main/572d0eab779b49b517f53cca.ab,,
chr_0029_pograni,pograni,Gentleman,postmodel,chr_0029_pograni_postmodel,assets/beyond/dynamicassets/gameplay/actors/postmodels/characters/chr_0029_pograni_postmodel.prefab,assets/beyond/dynamicassets/gameplay/actors/postmodels/characters/chr_0029_pograni_postmodel.prefab,165427749593529991,0x024BB7A96A83BE87,544,75204,main/5047be85ecd4d747d9bb878b.ab,609258650570030707,0x08748583C38F7E73
chr_0029_pograni,pograni,Gentleman,model_asset,,assets/beyond/arts/entity/actor/gentleman/pograni/models/s_actor_pograni_body_01_lod0.asset,,,,50481,104477,main/6feb5aaa9ee0eb4aaa437fbc.ab,,
chr_0029_pograni,pograni,Gentleman,model_asset,,assets/beyond/arts/entity/actor/gentleman/pograni/models/s_actor_pograni_cloth_01_lod0.asset,,,,5062990,219383,main/ec000e64b8208e712d0f4633.ab,,
chr_0029_pograni,pograni,Gentleman,model_asset,,assets/beyond/arts/entity/actor/gentleman/pograni/models/s_actor_pograni_cloth_02_lod0.asset,,,,106866,52155,main/375fee16c04f57964cfe244b.ab,,
chr_0029_pograni,pograni,Gentleman,model_asset,,assets/beyond/arts/entity/actor/gentleman/pograni/models/s_actor_pograni_cloth_03_lod0.asset,,,,3822634,14230,main/0e5fa8531b691ec1d500e20c.ab,,
chr_0029_pograni,pograni,Gentleman,model_asset,,assets/beyond/arts/entity/actor/gentleman/pograni/models/s_actor_pograni_cloth_04_lod0.asset,,,,18190,156117,main/a7b0096585b081d6594324f9.ab,,
chr_0029_pograni,pograni,Gentleman,model_asset,,assets/beyond/arts/entity/actor/gentleman/pograni/models/s_actor_pograni_cloth_05_lod0.asset,,,,548198,157199,main/a8de03089956a09dcecef93d.ab,,
chr_0029_pograni,pograni,Gentleman,model_asset,,assets/beyond/arts/entity/actor/gentleman/pograni/models/s_actor_pograni_face_01_lod0.asset,,,,339385,23122,main/17e7eec46673829ff8ba73de.ab,,
chr_0029_pograni,pograni,Gentleman,model_asset,,assets/beyond/arts/entity/actor/gentleman/pograni/models/s_actor_pograni_hair_01_lod0.asset,,,,2254501,113500,main/798ba7b5b348f6ef7bd705ec.ab,,
chr_0029_pograni,pograni,Gentleman,model_asset,,assets/beyond/arts/entity/actor/gentleman/pograni/models/s_actor_pograni_hair_02_lod0.asset,,,,347409,165283,main/b189c2757ba07d20441ed332.ab,,
chr_0029_pograni,pograni,Gentleman,model_asset,,assets/beyond/arts/entity/actor/gentleman/pograni/models/sk_actor_pograni_01.fbx,,,,0,133234,main/8ef7a30c5257a8f4bb7eee65.ab,,
chr_0029_pograni,pograni,Gentleman,model_asset,,assets/beyond/arts/entity/actor/gentleman/pograni/models/sk_actor_pograni_01.fbx,,,,0,133234,main/8ef7a30c5257a8f4bb7eee65.ab,,
chr_0029_pograni,pograni,Gentleman,model_asset,,assets/beyond/arts/entity/actor/gentleman/pograni/models/sk_actor_pograni_01.fbx,,,,0,133234,main/8ef7a30c5257a8f4bb7eee65.ab,,
chr_0029_pograni,pograni,Gentleman,model_asset,,assets/beyond/arts/entity/actor/gentleman/pograni/models/sk_actor_pograni_01.fbx,,,,0,133234,main/8ef7a30c5257a8f4bb7eee65.ab,,
chr_0029_pograni,pograni,Gentleman,model_asset,,assets/beyond/arts/entity/actor/gentleman/pograni/models/sk_actor_pograni_01.fbx,,,,0,133234,main/8ef7a30c5257a8f4bb7eee65.ab,,
chr_0029_pograni,pograni,Gentleman,model_asset,,assets/beyond/arts/entity/actor/gentleman/pograni/models/sk_actor_pograni_01.fbx,,,,0,133234,main/8ef7a30c5257a8f4bb7eee65.ab,,
chr_0029_pograni,pograni,Gentleman,model_asset,,assets/beyond/arts/entity/actor/gentleman/pograni/models/sk_actor_pograni_01.fbx,,,,0,133234,main/8ef7a30c5257a8f4bb7eee65.ab,,
chr_0029_pograni,pograni,Gentleman,model_asset,,assets/beyond/arts/entity/actor/gentleman/pograni/models/sk_actor_pograni_01.fbx,,,,0,133234,main/8ef7a30c5257a8f4bb7eee65.ab,,
chr_0029_pograni,pograni,Gentleman,model_asset,,assets/beyond/arts/entity/actor/gentleman/pograni/models/sk_actor_pograni_01.fbx,,,,0,133234,main/8ef7a30c5257a8f4bb7eee65.ab,,
chr_0029_pograni,pograni,Gentleman,model_asset,,assets/beyond/arts/entity/actor/gentleman/pograni/models/sk_actor_pograni_01.fbx,,,,0,133234,main/8ef7a30c5257a8f4bb7eee65.ab,,
chr_0029_pograni,pograni,Gentleman,model_asset,,assets/beyond/arts/entity/actor/gentleman/pograni/models/sk_actor_pograni_01.fbx,,,,0,133234,main/8ef7a30c5257a8f4bb7eee65.ab,,
chr_0029_pograni,pograni,Gentleman,model_asset,,assets/beyond/arts/entity/actor/gentleman/pograni/models/sk_actor_pograni_01.fbx,,,,0,133234,main/8ef7a30c5257a8f4bb7eee65.ab,,
chr_0029_pograni,pograni,Gentleman,model_asset,,assets/beyond/arts/entity/actor/gentleman/pograni/models/sk_actor_pograni_01.fbx,,,,0,133234,main/8ef7a30c5257a8f4bb7eee65.ab,,
chr_0029_pograni,pograni,Gentleman,model_asset,,assets/beyond/arts/entity/actor/gentleman/pograni/models/sk_actor_pograni_01.fbx,,,,0,133234,main/8ef7a30c5257a8f4bb7eee65.ab,,
chr_0029_pograni,pograni,Gentleman,model_asset,,assets/beyond/arts/entity/actor/gentleman/pograni/models/sk_actor_pograni_01.fbx,,,,0,133234,main/8ef7a30c5257a8f4bb7eee65.ab,,
chr_0029_pograni,pograni,Gentleman,model_asset,,assets/beyond/arts/entity/actor/gentleman/pograni/models/sk_actor_pograni_01.fbx,,,,0,133234,main/8ef7a30c5257a8f4bb7eee65.ab,,
chr_0029_pograni,pograni,Gentleman,model_asset,,assets/beyond/arts/entity/actor/gentleman/pograni/models/sk_actor_pograni_01.fbx,,,,0,133234,main/8ef7a30c5257a8f4bb7eee65.ab,,
chr_0029_pograni,pograni,Gentleman,model_asset,,assets/beyond/arts/entity/actor/gentleman/pograni/models/sk_actor_pograni_01.fbx,,,,0,133234,main/8ef7a30c5257a8f4bb7eee65.ab,,
chr_0029_pograni,pograni,Gentleman,model_asset,,assets/beyond/arts/entity/actor/gentleman/pograni/models/sk_actor_pograni_01.fbx,,,,0,133234,main/8ef7a30c5257a8f4bb7eee65.ab,,
chr_0029_pograni,pograni,Gentleman,model_asset,,assets/beyond/arts/entity/actor/gentleman/pograni/models/sk_actor_pograni_01.fbx,,,,0,133234,main/8ef7a30c5257a8f4bb7eee65.ab,,
chr_0029_pograni,pograni,Gentleman,model_asset,,assets/beyond/arts/entity/actor/gentleman/pograni/models/sk_actor_pograni_01.fbx,,,,0,133234,main/8ef7a30c5257a8f4bb7eee65.ab,,
chr_0029_pograni,pograni,Gentleman,model_asset,,assets/beyond/arts/entity/actor/gentleman/pograni/models/sk_actor_pograni_01.fbx,,,,0,133234,main/8ef7a30c5257a8f4bb7eee65.ab,,
chr_0029_pograni,pograni,Gentleman,model_asset,,assets/beyond/arts/entity/actor/gentleman/pograni/models/sk_actor_pograni_01.fbx,,,,0,133234,main/8ef7a30c5257a8f4bb7eee65.ab,,
chr_0029_pograni,pograni,Gentleman,model_asset,,assets/beyond/arts/entity/actor/gentleman/pograni/models/sk_actor_pograni_01.fbx,,,,0,133234,main/8ef7a30c5257a8f4bb7eee65.ab,,
chr_0029_pograni,pograni,Gentleman,model_asset,,assets/beyond/arts/entity/actor/gentleman/pograni/models/sk_actor_pograni_01.fbx,,,,0,133234,main/8ef7a30c5257a8f4bb7eee65.ab,,
chr_0029_pograni,pograni,Gentleman,model_asset,,assets/beyond/arts/entity/actor/gentleman/pograni/models/sk_actor_pograni_01.fbx,,,,0,133234,main/8ef7a30c5257a8f4bb7eee65.ab,,
chr_0029_pograni,pograni,Gentleman,model_asset,,assets/beyond/arts/entity/actor/gentleman/pograni/models/sk_actor_pograni_01.fbx,,,,0,133234,main/8ef7a30c5257a8f4bb7eee65.ab,,
chr_0029_pograni,pograni,Gentleman,model_asset,,assets/beyond/arts/entity/actor/gentleman/pograni/models/sk_actor_pograni_01.fbx,,,,0,133234,main/8ef7a30c5257a8f4bb7eee65.ab,,
chr_0029_pograni,pograni,Gentleman,model_asset,,assets/beyond/arts/entity/actor/gentleman/pograni/models/sk_actor_pograni_01.fbx,,,,0,133234,main/8ef7a30c5257a8f4bb7eee65.ab,,
chr_0029_pograni,pograni,Gentleman,model_asset,,assets/beyond/arts/entity/actor/gentleman/pograni/models/sk_actor_pograni_01.fbx,,,,0,133234,main/8ef7a30c5257a8f4bb7eee65.ab,,
chr_0029_pograni,pograni,Gentleman,model_asset,,assets/beyond/arts/entity/actor/gentleman/pograni/models/sk_actor_pograni_01.fbx,,,,0,133234,main/8ef7a30c5257a8f4bb7eee65.ab,,
chr_0029_pograni,pograni,Gentleman,model_asset,,assets/beyond/arts/entity/actor/gentleman/pograni/models/sk_actor_pograni_01.fbx,,,,0,133234,main/8ef7a30c5257a8f4bb7eee65.ab,,
chr_0029_pograni,pograni,Gentleman,model_asset,,assets/beyond/arts/entity/actor/gentleman/pograni/models/sk_actor_pograni_01.fbx,,,,0,133234,main/8ef7a30c5257a8f4bb7eee65.ab,,
chr_0029_pograni,pograni,Gentleman,model_asset,,assets/beyond/arts/entity/actor/gentleman/pograni/models/sk_actor_pograni_01.fbx,,,,0,133234,main/8ef7a30c5257a8f4bb7eee65.ab,,
chr_0029_pograni,pograni,Gentleman,model_asset,,assets/beyond/arts/entity/actor/gentleman/pograni/models/sk_actor_pograni_01.fbx,,,,0,133234,main/8ef7a30c5257a8f4bb7eee65.ab,,
chr_0029_pograni,pograni,Gentleman,model_asset,,assets/beyond/arts/entity/actor/gentleman/pograni/models/sk_actor_pograni_01.fbx,,,,0,133234,main/8ef7a30c5257a8f4bb7eee65.ab,,
chr_0029_pograni,pograni,Gentleman,model_asset,,assets/beyond/arts/entity/actor/gentleman/pograni/models/sk_actor_pograni_01.fbx,,,,0,133234,main/8ef7a30c5257a8f4bb7eee65.ab,,
chr_0029_pograni,pograni,Gentleman,model_asset,,assets/beyond/arts/entity/actor/gentleman/pograni/models/sk_actor_pograni_01.fbx,,,,0,133234,main/8ef7a30c5257a8f4bb7eee65.ab,,
chr_0029_pograni,pograni,Gentleman,model_asset,,assets/beyond/arts/entity/actor/gentleman/pograni/models/sk_actor_pograni_01.fbx,,,,0,133234,main/8ef7a30c5257a8f4bb7eee65.ab,,
chr_0029_pograni,pograni,Gentleman,model_asset,,assets/beyond/arts/entity/actor/gentleman/pograni/models/sk_actor_pograni_01.fbx,,,,0,133234,main/8ef7a30c5257a8f4bb7eee65.ab,,
chr_0029_pograni,pograni,Gentleman,model_asset,,assets/beyond/arts/entity/actor/gentleman/pograni/models/sk_actor_pograni_01.fbx,,,,0,133234,main/8ef7a30c5257a8f4bb7eee65.ab,,
chr_0029_pograni,pograni,Gentleman,model_asset,,assets/beyond/arts/entity/actor/gentleman/pograni/models/sk_actor_pograni_01.fbx,,,,0,133234,main/8ef7a30c5257a8f4bb7eee65.ab,,
chr_0029_pograni,pograni,Gentleman,model_asset,,assets/beyond/arts/entity/actor/gentleman/pograni/models/sk_actor_pograni_01.fbx,,,,0,133234,main/8ef7a30c5257a8f4bb7eee65.ab,,
chr_0029_pograni,pograni,Gentleman,model_asset,,assets/beyond/arts/entity/actor/gentleman/pograni/models/sk_actor_pograni_01.fbx,,,,0,133234,main/8ef7a30c5257a8f4bb7eee65.ab,,
chr_0029_pograni,pograni,Gentleman,model_asset,,assets/beyond/arts/entity/actor/gentleman/pograni/models/sk_actor_pograni_01.fbx,,,,0,133234,main/8ef7a30c5257a8f4bb7eee65.ab,,
chr_0029_pograni,pograni,Gentleman,model_asset,,assets/beyond/arts/entity/actor/gentleman/pograni/models/sk_actor_pograni_01.fbx,,,,0,133234,main/8ef7a30c5257a8f4bb7eee65.ab,,
chr_0029_pograni,pograni,Gentleman,model_asset,,assets/beyond/arts/entity/actor/gentleman/pograni/models/sk_actor_pograni_01.fbx,,,,0,133234,main/8ef7a30c5257a8f4bb7eee65.ab,,
chr_0029_pograni,pograni,Gentleman,model_asset,,assets/beyond/arts/entity/actor/gentleman/pograni/models/sk_actor_pograni_01.fbx,,,,0,133234,main/8ef7a30c5257a8f4bb7eee65.ab,,
chr_0029_pograni,pograni,Gentleman,model_asset,,assets/beyond/arts/entity/actor/gentleman/pograni/models/sk_actor_pograni_01.fbx,,,,0,133234,main/8ef7a30c5257a8f4bb7eee65.ab,,
chr_0029_pograni,pograni,Gentleman,model_asset,,assets/beyond/arts/entity/actor/gentleman/pograni/models/sk_actor_pograni_01.fbx,,,,0,133234,main/8ef7a30c5257a8f4bb7eee65.ab,,
chr_0029_pograni,pograni,Gentleman,model_asset,,assets/beyond/arts/entity/actor/gentleman/pograni/models/sk_actor_pograni_01.fbx,,,,0,133234,main/8ef7a30c5257a8f4bb7eee65.ab,,
chr_0029_pograni,pograni,Gentleman,model_asset,,assets/beyond/arts/entity/actor/gentleman/pograni/models/sk_actor_pograni_01.fbx,,,,0,133234,main/8ef7a30c5257a8f4bb7eee65.ab,,
chr_0029_pograni,pograni,Gentleman,model_asset,,assets/beyond/arts/entity/actor/gentleman/pograni/models/sk_actor_pograni_01.fbx,,,,0,133234,main/8ef7a30c5257a8f4bb7eee65.ab,,
chr_0029_pograni,pograni,Gentleman,model_asset,,assets/beyond/arts/entity/actor/gentleman/pograni/models/sk_actor_pograni_01.fbx##s_actor_pograni_body_01_lod0,,,,46561,133234,main/8ef7a30c5257a8f4bb7eee65.ab,,
chr_0029_pograni,pograni,Gentleman,model_asset,,assets/beyond/arts/entity/actor/gentleman/pograni/models/sk_actor_pograni_01.fbx##s_actor_pograni_body_01_lod1,,,,30449,133234,main/8ef7a30c5257a8f4bb7eee65.ab,,
chr_0029_pograni,pograni,Gentleman,model_asset,,assets/beyond/arts/entity/actor/gentleman/pograni/models/sk_actor_pograni_01.fbx##s_actor_pograni_body_01_lod2,,,,16873,133234,main/8ef7a30c5257a8f4bb7eee65.ab,,
chr_0029_pograni,pograni,Gentleman,model_asset,,assets/beyond/arts/entity/actor/gentleman/pograni/models/sk_actor_pograni_01.fbx##s_actor_pograni_body_01_lod3,,,,11633,133234,main/8ef7a30c5257a8f4bb7eee65.ab,,
chr_0029_pograni,pograni,Gentleman,model_asset,,assets/beyond/arts/entity/actor/gentleman/pograni/models/sk_actor_pograni_01.fbx##s_actor_pograni_cloth_01_lod0,,,,4679342,133234,main/8ef7a30c5257a8f4bb7eee65.ab,,
chr_0029_pograni,pograni,Gentleman,model_asset,,assets/beyond/arts/entity/actor/gentleman/pograni/models/sk_actor_pograni_01.fbx##s_actor_pograni_cloth_01_lod1,,,,2000906,133234,main/8ef7a30c5257a8f4bb7eee65.ab,,
chr_0029_pograni,pograni,Gentleman,model_asset,,assets/beyond/arts/entity/actor/gentleman/pograni/models/sk_actor_pograni_01.fbx##s_actor_pograni_cloth_01_lod2,,,,1251970,133234,main/8ef7a30c5257a8f4bb7eee65.ab,,
chr_0029_pograni,pograni,Gentleman,model_asset,,assets/beyond/arts/entity/actor/gentleman/pograni/models/sk_actor_pograni_01.fbx##s_actor_pograni_cloth_01_lod3,,,,556702,133234,main/8ef7a30c5257a8f4bb7eee65.ab,,
chr_0029_pograni,pograni,Gentleman,model_asset,,assets/beyond/arts/entity/actor/gentleman/pograni/models/sk_actor_pograni_01.fbx##s_actor_pograni_cloth_02_lod0,,,,99138,133234,main/8ef7a30c5257a8f4bb7eee65.ab,,
chr_0029_pograni,pograni,Gentleman,model_asset,,assets/beyond/arts/entity/actor/gentleman/pograni/models/sk_actor_pograni_01.fbx##s_actor_pograni_cloth_02_lod1,,,,35942,133234,main/8ef7a30c5257a8f4bb7eee65.ab,,
chr_0029_pograni,pograni,Gentleman,model_asset,,assets/beyond/arts/entity/actor/gentleman/pograni/models/sk_actor_pograni_01.fbx##s_actor_pograni_cloth_02_lod2,,,,27294,133234,main/8ef7a30c5257a8f4bb7eee65.ab,,
chr_0029_pograni,pograni,Gentleman,model_asset,,assets/beyond/arts/entity/actor/gentleman/pograni/models/sk_actor_pograni_01.fbx##s_actor_pograni_cloth_02_lod3,,,,17010,133234,main/8ef7a30c5257a8f4bb7eee65.ab,,
chr_0029_pograni,pograni,Gentleman,model_asset,,assets/beyond/arts/entity/actor/gentleman/pograni/models/sk_actor_pograni_01.fbx##s_actor_pograni_cloth_03_lod0,,,,3530426,133234,main/8ef7a30c5257a8f4bb7eee65.ab,,
chr_0029_pograni,pograni,Gentleman,model_asset,,assets/beyond/arts/entity/actor/gentleman/pograni/models/sk_actor_pograni_01.fbx##s_actor_pograni_cloth_03_lod1,,,,1309222,133234,main/8ef7a30c5257a8f4bb7eee65.ab,,
chr_0029_pograni,pograni,Gentleman,model_asset,,assets/beyond/arts/entity/actor/gentleman/pograni/models/sk_actor_pograni_01.fbx##s_actor_pograni_cloth_03_lod2,,,,683278,133234,main/8ef7a30c5257a8f4bb7eee65.ab,,
chr_0029_pograni,pograni,Gentleman,model_asset,,assets/beyond/arts/entity/actor/gentleman/pograni/models/sk_actor_pograni_01.fbx##s_actor_pograni_cloth_03_lod3,,,,199334,133234,main/8ef7a30c5257a8f4bb7eee65.ab,,
chr_0029_pograni,pograni,Gentleman,model_asset,,assets/beyond/arts/entity/actor/gentleman/pograni/models/sk_actor_pograni_01.fbx##s_actor_pograni_cloth_04_lod0,,,,16958,133234,main/8ef7a30c5257a8f4bb7eee65.ab,,
chr_0029_pograni,pograni,Gentleman,model_asset,,assets/beyond/arts/entity/actor/gentleman/pograni/models/sk_actor_pograni_01.fbx##s_actor_pograni_cloth_04_lod1,,,,5790,133234,main/8ef7a30c5257a8f4bb7eee65.ab,,
chr_0029_pograni,pograni,Gentleman,model_asset,,assets/beyond/arts/entity/actor/gentleman/pograni/models/sk_actor_pograni_01.fbx##s_actor_pograni_cloth_04_lod2,,,,5790,133234,main/8ef7a30c5257a8f4bb7eee65.ab,,
chr_0029_pograni,pograni,Gentleman,model_asset,,assets/beyond/arts/entity/actor/gentleman/pograni/models/sk_actor_pograni_01.fbx##s_actor_pograni_cloth_04_lod3,,,,3414,133234,main/8ef7a30c5257a8f4bb7eee65.ab,,
chr_0029_pograni,pograni,Gentleman,model_asset,,assets/beyond/arts/entity/actor/gentleman/pograni/models/sk_actor_pograni_01.fbx##s_actor_pograni_cloth_05_lod0,,,,493222,133234,main/8ef7a30c5257a8f4bb7eee65.ab,,
chr_0029_pograni,pograni,Gentleman,model_asset,,assets/beyond/arts/entity/actor/gentleman/pograni/models/sk_actor_pograni_01.fbx##s_actor_pograni_cloth_05_lod1,,,,227646,133234,main/8ef7a30c5257a8f4bb7eee65.ab,,
chr_0029_pograni,pograni,Gentleman,model_asset,,assets/beyond/arts/entity/actor/gentleman/pograni/models/sk_actor_pograni_01.fbx##s_actor_pograni_cloth_05_lod2,,,,89218,133234,main/8ef7a30c5257a8f4bb7eee65.ab,,
chr_0029_pograni,pograni,Gentleman,model_asset,,assets/beyond/arts/entity/actor/gentleman/pograni/models/sk_actor_pograni_01.fbx##s_actor_pograni_cloth_05_lod3,,,,33550,133234,main/8ef7a30c5257a8f4bb7eee65.ab,,
chr_0029_pograni,pograni,Gentleman,model_asset,,assets/beyond/arts/entity/actor/gentleman/pograni/models/sk_actor_pograni_01.fbx##s_actor_pograni_eyebrow_01_lod0,,,,78984,133234,main/8ef7a30c5257a8f4bb7eee65.ab,,
chr_0029_pograni,pograni,Gentleman,model_asset,,assets/beyond/arts/entity/actor/gentleman/pograni/models/sk_actor_pograni_01.fbx##s_actor_pograni_eyebrow_01_lod1,,,,78984,133234,main/8ef7a30c5257a8f4bb7eee65.ab,,
chr_0029_pograni,pograni,Gentleman,model_asset,,assets/beyond/arts/entity/actor/gentleman/pograni/models/sk_actor_pograni_01.fbx##s_actor_pograni_eyebrow_01_lod2,,,,29596,133234,main/8ef7a30c5257a8f4bb7eee65.ab,,
chr_0029_pograni,pograni,Gentleman,model_asset,,assets/beyond/arts/entity/actor/gentleman/pograni/models/sk_actor_pograni_01.fbx##s_actor_pograni_eyebrow_01_lod3,,,,10172,133234,main/8ef7a30c5257a8f4bb7eee65.ab,,
chr_0029_pograni,pograni,Gentleman,model_asset,,assets/beyond/arts/entity/actor/gentleman/pograni/models/sk_actor_pograni_01.fbx##s_actor_pograni_eyeshadow_01_lod0,,,,8062,133234,main/8ef7a30c5257a8f4bb7eee65.ab,,
chr_0029_pograni,pograni,Gentleman,model_asset,,assets/beyond/arts/entity/actor/gentleman/pograni/models/sk_actor_pograni_01.fbx##s_actor_pograni_eyeshadow_01_lod1,,,,8062,133234,main/8ef7a30c5257a8f4bb7eee65.ab,,
chr_0029_pograni,pograni,Gentleman,model_asset,,assets/beyond/arts/entity/actor/gentleman/pograni/models/sk_actor_pograni_01.fbx##s_actor_pograni_face_01_lod0,,,,312425,133234,main/8ef7a30c5257a8f4bb7eee65.ab,,
chr_0029_pograni,pograni,Gentleman,model_asset,,assets/beyond/arts/entity/actor/gentleman/pograni/models/sk_actor_pograni_01.fbx##s_actor_pograni_face_01_lod1,,,,312425,133234,main/8ef7a30c5257a8f4bb7eee65.ab,,
chr_0029_pograni,pograni,Gentleman,model_asset,,assets/beyond/arts/entity/actor/gentleman/pograni/models/sk_actor_pograni_01.fbx##s_actor_pograni_face_01_lod2,,,,74001,133234,main/8ef7a30c5257a8f4bb7eee65.ab,,
chr_0029_pograni,pograni,Gentleman,model_asset,,assets/beyond/arts/entity/actor/gentleman/pograni/models/sk_actor_pograni_01.fbx##s_actor_pograni_face_01_lod3,,,,21609,133234,main/8ef7a30c5257a8f4bb7eee65.ab,,
chr_0029_pograni,pograni,Gentleman,model_asset,,assets/beyond/arts/entity/actor/gentleman/pograni/models/sk_actor_pograni_01.fbx##s_actor_pograni_hair_01_lod0,,,,2083621,133234,main/8ef7a30c5257a8f4bb7eee65.ab,,
chr_0029_pograni,pograni,Gentleman,model_asset,,assets/beyond/arts/entity/actor/gentleman/pograni/models/sk_actor_pograni_01.fbx##s_actor_pograni_hair_01_lod1,,,,1057641,133234,main/8ef7a30c5257a8f4bb7eee65.ab,,
chr_0029_pograni,pograni,Gentleman,model_asset,,assets/beyond/arts/entity/actor/gentleman/pograni/models/sk_actor_pograni_01.fbx##s_actor_pograni_hair_01_lod2,,,,508953,133234,main/8ef7a30c5257a8f4bb7eee65.ab,,
chr_0029_pograni,pograni,Gentleman,model_asset,,assets/beyond/arts/entity/actor/gentleman/pograni/models/sk_actor_pograni_01.fbx##s_actor_pograni_hair_01_lod3,,,,258769,133234,main/8ef7a30c5257a8f4bb7eee65.ab,,
chr_0029_pograni,pograni,Gentleman,model_asset,,assets/beyond/arts/entity/actor/gentleman/pograni/models/sk_actor_pograni_01.fbx##s_actor_pograni_hair_02_lod0,,,,321153,133234,main/8ef7a30c5257a8f4bb7eee65.ab,,
chr_0029_pograni,pograni,Gentleman,model_asset,,assets/beyond/arts/entity/actor/gentleman/pograni/models/sk_actor_pograni_01.fbx##s_actor_pograni_hair_02_lod1,,,,162105,133234,main/8ef7a30c5257a8f4bb7eee65.ab,,
chr_0029_pograni,pograni,Gentleman,model_asset,,assets/beyond/arts/entity/actor/gentleman/pograni/models/sk_actor_pograni_01.fbx##s_actor_pograni_hair_02_lod2,,,,81057,133234,main/8ef7a30c5257a8f4bb7eee65.ab,,
chr_0029_pograni,pograni,Gentleman,model_asset,,assets/beyond/arts/entity/actor/gentleman/pograni/models/sk_actor_pograni_01.fbx##s_actor_pograni_hair_02_lod3,,,,55401,133234,main/8ef7a30c5257a8f4bb7eee65.ab,,
chr_0029_pograni,pograni,Gentleman,model_asset,,assets/beyond/arts/entity/actor/gentleman/pograni/models/sk_actor_pograni_01.fbx##s_actor_pograni_hairshadow_01_lod0,,,,36507,133234,main/8ef7a30c5257a8f4bb7eee65.ab,,
chr_0029_pograni,pograni,Gentleman,model_asset,,assets/beyond/arts/entity/actor/gentleman/pograni/models/sk_actor_pograni_01.fbx##s_actor_pograni_hairshadow_01_lod1,,,,32519,133234,main/8ef7a30c5257a8f4bb7eee65.ab,,
chr_0029_pograni,pograni,Gentleman,model_asset,,assets/beyond/arts/entity/actor/gentleman/pograni/models/sk_actor_pograni_01.fbx##s_actor_pograni_iris_01_lod0,,,,20725,133234,main/8ef7a30c5257a8f4bb7eee65.ab,,
chr_0029_pograni,pograni,Gentleman,model_asset,,assets/beyond/arts/entity/actor/gentleman/pograni/models/sk_actor_pograni_01.fbx##s_actor_pograni_iris_01_lod1,,,,20725,133234,main/8ef7a30c5257a8f4bb7eee65.ab,,
chr_0029_pograni,pograni,Gentleman,model_asset,,assets/beyond/arts/entity/actor/gentleman/pograni/models/sk_actor_pograni_01.fbx##s_actor_pograni_iris_01_lod2,,,,5945,133234,main/8ef7a30c5257a8f4bb7eee65.ab,,
chr_0029_pograni,pograni,Gentleman,model_asset,,assets/beyond/arts/entity/actor/gentleman/pograni/models/sk_actor_pograni_01.fbx##s_actor_pograni_iris_01_lod3,,,,3265,133234,main/8ef7a30c5257a8f4bb7eee65.ab,,
chr_0029_pograni,pograni,Gentleman,model_asset,,assets/beyond/arts/entity/actor/gentleman/pograni/models/sk_actor_pograni_01.fbx##s_actor_pograni_vfxpart_01_lod0,,,,296076,133234,main/8ef7a30c5257a8f4bb7eee65.ab,,
chr_0029_pograni,pograni,Gentleman,model_asset,,assets/beyond/arts/entity/actor/gentleman/pograni/models/sk_actor_pograni_01.fbx##s_actor_pograni_vfxpart_01_lod1,,,,50940,133234,main/8ef7a30c5257a8f4bb7eee65.ab,,
chr_0029_pograni,pograni,Gentleman,model_asset,,assets/beyond/arts/entity/actor/gentleman/pograni/models/sk_actor_pograni_01.fbx##s_actor_pograni_vfxpart_01_lod2,,,,44532,133234,main/8ef7a30c5257a8f4bb7eee65.ab,,
chr_0029_pograni,pograni,Gentleman,model_asset,,assets/beyond/arts/entity/actor/gentleman/pograni/models/sk_actor_pograni_01.fbx##s_actor_pograni_vfxpart_01_lod3,,,,19492,133234,main/8ef7a30c5257a8f4bb7eee65.ab,,
chr_0029_pograni,pograni,Gentleman,model_asset,,assets/beyond/arts/entity/actor/gentleman/pograni/models/sk_actor_pograni_01.fbx##sk_actor_pograni_01avatar,,,,223804,133234,main/8ef7a30c5257a8f4bb7eee65.ab,,
chr_0030_zhuangfy,zhuangfy,Lady,postmodel,chr_0030_zhuangfy_postmodel,assets/beyond/dynamicassets/gameplay/actors/postmodels/characters/chr_0030_zhuangfy_postmodel.prefab,assets/beyond/dynamicassets/gameplay/actors/postmodels/characters/chr_0030_zhuangfy_postmodel.prefab,750016796923710991,0x0A68984D9436CE0F,664,168606,main/b5535e956d58f214e5f99de1.ab,120684038823945224,0x01ACC17E70292408
chr_0030_zhuangfy,zhuangfy,Lady,model_asset,,assets/beyond/arts/entity/actor/lady/zhuangfy/models/s_actor_zhuangfy_body_01_lod0.asset,,,,232802,2604,main/01b4bde6b5ce9b1e9161bdd0.ab,,
chr_0030_zhuangfy,zhuangfy,Lady,model_asset,,assets/beyond/arts/entity/actor/lady/zhuangfy/models/s_actor_zhuangfy_cloth_01_lod0.asset,,,,7283003,51985,main/372b361dfcd58c5f94b44f81.ab,,
chr_0030_zhuangfy,zhuangfy,Lady,model_asset,,assets/beyond/arts/entity/actor/lady/zhuangfy/models/s_actor_zhuangfy_cloth_02_lod0.asset,,,,656719,102593,main/6df770c0e1537708c5abe54d.ab,,
chr_0030_zhuangfy,zhuangfy,Lady,model_asset,,assets/beyond/arts/entity/actor/lady/zhuangfy/models/s_actor_zhuangfy_face_01_lod0.asset,,,,340390,201770,main/d905f1bba57753362409024f.ab,,
chr_0030_zhuangfy,zhuangfy,Lady,model_asset,,assets/beyond/arts/entity/actor/lady/zhuangfy/models/s_actor_zhuangfy_hair_01_lod0.asset,,,,2045466,122213,main/82f9b1b4590f4b0b1c431d7f.ab,,
chr_0030_zhuangfy,zhuangfy,Lady,model_asset,,assets/beyond/arts/entity/actor/lady/zhuangfy/models/sk_actor_zhuangfy_01.fbx,,,,0,203253,main/da9bcf731a6088abe876b99a.ab,,
chr_0030_zhuangfy,zhuangfy,Lady,model_asset,,assets/beyond/arts/entity/actor/lady/zhuangfy/models/sk_actor_zhuangfy_01.fbx,,,,0,203253,main/da9bcf731a6088abe876b99a.ab,,
chr_0030_zhuangfy,zhuangfy,Lady,model_asset,,assets/beyond/arts/entity/actor/lady/zhuangfy/models/sk_actor_zhuangfy_01.fbx,,,,0,203253,main/da9bcf731a6088abe876b99a.ab,,
chr_0030_zhuangfy,zhuangfy,Lady,model_asset,,assets/beyond/arts/entity/actor/lady/zhuangfy/models/sk_actor_zhuangfy_01.fbx,,,,0,203253,main/da9bcf731a6088abe876b99a.ab,,
chr_0030_zhuangfy,zhuangfy,Lady,model_asset,,assets/beyond/arts/entity/actor/lady/zhuangfy/models/sk_actor_zhuangfy_01.fbx,,,,0,203253,main/da9bcf731a6088abe876b99a.ab,,
chr_0030_zhuangfy,zhuangfy,Lady,model_asset,,assets/beyond/arts/entity/actor/lady/zhuangfy/models/sk_actor_zhuangfy_01.fbx,,,,0,203253,main/da9bcf731a6088abe876b99a.ab,,
chr_0030_zhuangfy,zhuangfy,Lady,model_asset,,assets/beyond/arts/entity/actor/lady/zhuangfy/models/sk_actor_zhuangfy_01.fbx,,,,0,203253,main/da9bcf731a6088abe876b99a.ab,,
chr_0030_zhuangfy,zhuangfy,Lady,model_asset,,assets/beyond/arts/entity/actor/lady/zhuangfy/models/sk_actor_zhuangfy_01.fbx,,,,0,203253,main/da9bcf731a6088abe876b99a.ab,,
chr_0030_zhuangfy,zhuangfy,Lady,model_asset,,assets/beyond/arts/entity/actor/lady/zhuangfy/models/sk_actor_zhuangfy_01.fbx,,,,0,203253,main/da9bcf731a6088abe876b99a.ab,,
chr_0030_zhuangfy,zhuangfy,Lady,model_asset,,assets/beyond/arts/entity/actor/lady/zhuangfy/models/sk_actor_zhuangfy_01.fbx,,,,0,203253,main/da9bcf731a6088abe876b99a.ab,,
chr_0030_zhuangfy,zhuangfy,Lady,model_asset,,assets/beyond/arts/entity/actor/lady/zhuangfy/models/sk_actor_zhuangfy_01.fbx,,,,0,203253,main/da9bcf731a6088abe876b99a.ab,,
chr_0030_zhuangfy,zhuangfy,Lady,model_asset,,assets/beyond/arts/entity/actor/lady/zhuangfy/models/sk_actor_zhuangfy_01.fbx,,,,0,203253,main/da9bcf731a6088abe876b99a.ab,,
chr_0030_zhuangfy,zhuangfy,Lady,model_asset,,assets/beyond/arts/entity/actor/lady/zhuangfy/models/sk_actor_zhuangfy_01.fbx,,,,0,203253,main/da9bcf731a6088abe876b99a.ab,,
chr_0030_zhuangfy,zhuangfy,Lady,model_asset,,assets/beyond/arts/entity/actor/lady/zhuangfy/models/sk_actor_zhuangfy_01.fbx,,,,0,203253,main/da9bcf731a6088abe876b99a.ab,,
chr_0030_zhuangfy,zhuangfy,Lady,model_asset,,assets/beyond/arts/entity/actor/lady/zhuangfy/models/sk_actor_zhuangfy_01.fbx,,,,0,203253,main/da9bcf731a6088abe876b99a.ab,,
chr_0030_zhuangfy,zhuangfy,Lady,model_asset,,assets/beyond/arts/entity/actor/lady/zhuangfy/models/sk_actor_zhuangfy_01.fbx,,,,0,203253,main/da9bcf731a6088abe876b99a.ab,,
chr_0030_zhuangfy,zhuangfy,Lady,model_asset,,assets/beyond/arts/entity/actor/lady/zhuangfy/models/sk_actor_zhuangfy_01.fbx,,,,0,203253,main/da9bcf731a6088abe876b99a.ab,,
chr_0030_zhuangfy,zhuangfy,Lady,model_asset,,assets/beyond/arts/entity/actor/lady/zhuangfy/models/sk_actor_zhuangfy_01.fbx,,,,0,203253,main/da9bcf731a6088abe876b99a.ab,,
chr_0030_zhuangfy,zhuangfy,Lady,model_asset,,assets/beyond/arts/entity/actor/lady/zhuangfy/models/sk_actor_zhuangfy_01.fbx,,,,0,203253,main/da9bcf731a6088abe876b99a.ab,,
chr_0030_zhuangfy,zhuangfy,Lady,model_asset,,assets/beyond/arts/entity/actor/lady/zhuangfy/models/sk_actor_zhuangfy_01.fbx,,,,0,203253,main/da9bcf731a6088abe876b99a.ab,,
chr_0030_zhuangfy,zhuangfy,Lady,model_asset,,assets/beyond/arts/entity/actor/lady/zhuangfy/models/sk_actor_zhuangfy_01.fbx,,,,0,203253,main/da9bcf731a6088abe876b99a.ab,,
chr_0030_zhuangfy,zhuangfy,Lady,model_asset,,assets/beyond/arts/entity/actor/lady/zhuangfy/models/sk_actor_zhuangfy_01.fbx,,,,0,203253,main/da9bcf731a6088abe876b99a.ab,,
chr_0030_zhuangfy,zhuangfy,Lady,model_asset,,assets/beyond/arts/entity/actor/lady/zhuangfy/models/sk_actor_zhuangfy_01.fbx,,,,0,203253,main/da9bcf731a6088abe876b99a.ab,,
chr_0030_zhuangfy,zhuangfy,Lady,model_asset,,assets/beyond/arts/entity/actor/lady/zhuangfy/models/sk_actor_zhuangfy_01.fbx,,,,0,203253,main/da9bcf731a6088abe876b99a.ab,,
chr_0030_zhuangfy,zhuangfy,Lady,model_asset,,assets/beyond/arts/entity/actor/lady/zhuangfy/models/sk_actor_zhuangfy_01.fbx,,,,0,203253,main/da9bcf731a6088abe876b99a.ab,,
chr_0030_zhuangfy,zhuangfy,Lady,model_asset,,assets/beyond/arts/entity/actor/lady/zhuangfy/models/sk_actor_zhuangfy_01.fbx,,,,0,203253,main/da9bcf731a6088abe876b99a.ab,,
chr_0030_zhuangfy,zhuangfy,Lady,model_asset,,assets/beyond/arts/entity/actor/lady/zhuangfy/models/sk_actor_zhuangfy_01.fbx,,,,0,203253,main/da9bcf731a6088abe876b99a.ab,,
chr_0030_zhuangfy,zhuangfy,Lady,model_asset,,assets/beyond/arts/entity/actor/lady/zhuangfy/models/sk_actor_zhuangfy_01.fbx,,,,0,203253,main/da9bcf731a6088abe876b99a.ab,,
chr_0030_zhuangfy,zhuangfy,Lady,model_asset,,assets/beyond/arts/entity/actor/lady/zhuangfy/models/sk_actor_zhuangfy_01.fbx,,,,0,203253,main/da9bcf731a6088abe876b99a.ab,,
chr_0030_zhuangfy,zhuangfy,Lady,model_asset,,assets/beyond/arts/entity/actor/lady/zhuangfy/models/sk_actor_zhuangfy_01.fbx,,,,0,203253,main/da9bcf731a6088abe876b99a.ab,,
chr_0030_zhuangfy,zhuangfy,Lady,model_asset,,assets/beyond/arts/entity/actor/lady/zhuangfy/models/sk_actor_zhuangfy_01.fbx,,,,0,203253,main/da9bcf731a6088abe876b99a.ab,,
chr_0030_zhuangfy,zhuangfy,Lady,model_asset,,assets/beyond/arts/entity/actor/lady/zhuangfy/models/sk_actor_zhuangfy_01.fbx,,,,0,203253,main/da9bcf731a6088abe876b99a.ab,,
chr_0030_zhuangfy,zhuangfy,Lady,model_asset,,assets/beyond/arts/entity/actor/lady/zhuangfy/models/sk_actor_zhuangfy_01.fbx,,,,0,203253,main/da9bcf731a6088abe876b99a.ab,,
chr_0030_zhuangfy,zhuangfy,Lady,model_asset,,assets/beyond/arts/entity/actor/lady/zhuangfy/models/sk_actor_zhuangfy_01.fbx,,,,0,203253,main/da9bcf731a6088abe876b99a.ab,,
chr_0030_zhuangfy,zhuangfy,Lady,model_asset,,assets/beyond/arts/entity/actor/lady/zhuangfy/models/sk_actor_zhuangfy_01.fbx,,,,0,203253,main/da9bcf731a6088abe876b99a.ab,,
chr_0030_zhuangfy,zhuangfy,Lady,model_asset,,assets/beyond/arts/entity/actor/lady/zhuangfy/models/sk_actor_zhuangfy_01.fbx,,,,0,203253,main/da9bcf731a6088abe876b99a.ab,,
chr_0030_zhuangfy,zhuangfy,Lady,model_asset,,assets/beyond/arts/entity/actor/lady/zhuangfy/models/sk_actor_zhuangfy_01.fbx,,,,0,203253,main/da9bcf731a6088abe876b99a.ab,,
chr_0030_zhuangfy,zhuangfy,Lady,model_asset,,assets/beyond/arts/entity/actor/lady/zhuangfy/models/sk_actor_zhuangfy_01.fbx,,,,0,203253,main/da9bcf731a6088abe876b99a.ab,,
chr_0030_zhuangfy,zhuangfy,Lady,model_asset,,assets/beyond/arts/entity/actor/lady/zhuangfy/models/sk_actor_zhuangfy_01.fbx,,,,0,203253,main/da9bcf731a6088abe876b99a.ab,,
chr_0030_zhuangfy,zhuangfy,Lady,model_asset,,assets/beyond/arts/entity/actor/lady/zhuangfy/models/sk_actor_zhuangfy_01.fbx,,,,0,203253,main/da9bcf731a6088abe876b99a.ab,,
chr_0030_zhuangfy,zhuangfy,Lady,model_asset,,assets/beyond/arts/entity/actor/lady/zhuangfy/models/sk_actor_zhuangfy_01.fbx,,,,0,203253,main/da9bcf731a6088abe876b99a.ab,,
chr_0030_zhuangfy,zhuangfy,Lady,model_asset,,assets/beyond/arts/entity/actor/lady/zhuangfy/models/sk_actor_zhuangfy_01.fbx,,,,0,203253,main/da9bcf731a6088abe876b99a.ab,,
chr_0030_zhuangfy,zhuangfy,Lady,model_asset,,assets/beyond/arts/entity/actor/lady/zhuangfy/models/sk_actor_zhuangfy_01.fbx,,,,0,203253,main/da9bcf731a6088abe876b99a.ab,,
chr_0030_zhuangfy,zhuangfy,Lady,model_asset,,assets/beyond/arts/entity/actor/lady/zhuangfy/models/sk_actor_zhuangfy_01.fbx,,,,0,203253,main/da9bcf731a6088abe876b99a.ab,,
chr_0030_zhuangfy,zhuangfy,Lady,model_asset,,assets/beyond/arts/entity/actor/lady/zhuangfy/models/sk_actor_zhuangfy_01.fbx,,,,0,203253,main/da9bcf731a6088abe876b99a.ab,,
chr_0030_zhuangfy,zhuangfy,Lady,model_asset,,assets/beyond/arts/entity/actor/lady/zhuangfy/models/sk_actor_zhuangfy_01.fbx##s_actor_zhuangfy_body_01_lod0,,,,216242,203253,main/da9bcf731a6088abe876b99a.ab,,
chr_0030_zhuangfy,zhuangfy,Lady,model_asset,,assets/beyond/arts/entity/actor/lady/zhuangfy/models/sk_actor_zhuangfy_01.fbx##s_actor_zhuangfy_body_01_lod1,,,,123810,203253,main/da9bcf731a6088abe876b99a.ab,,
chr_0030_zhuangfy,zhuangfy,Lady,model_asset,,assets/beyond/arts/entity/actor/lady/zhuangfy/models/sk_actor_zhuangfy_01.fbx##s_actor_zhuangfy_body_01_lod2,,,,60342,203253,main/da9bcf731a6088abe876b99a.ab,,
chr_0030_zhuangfy,zhuangfy,Lady,model_asset,,assets/beyond/arts/entity/actor/lady/zhuangfy/models/sk_actor_zhuangfy_01.fbx##s_actor_zhuangfy_body_01_lod3,,,,43430,203253,main/da9bcf731a6088abe876b99a.ab,,
chr_0030_zhuangfy,zhuangfy,Lady,model_asset,,assets/beyond/arts/entity/actor/lady/zhuangfy/models/sk_actor_zhuangfy_01.fbx##s_actor_zhuangfy_cloth_01_lod0,,,,6729515,203253,main/da9bcf731a6088abe876b99a.ab,,
chr_0030_zhuangfy,zhuangfy,Lady,model_asset,,assets/beyond/arts/entity/actor/lady/zhuangfy/models/sk_actor_zhuangfy_01.fbx##s_actor_zhuangfy_cloth_01_lod1,,,,3147363,203253,main/da9bcf731a6088abe876b99a.ab,,
chr_0030_zhuangfy,zhuangfy,Lady,model_asset,,assets/beyond/arts/entity/actor/lady/zhuangfy/models/sk_actor_zhuangfy_01.fbx##s_actor_zhuangfy_cloth_01_lod2,,,,1660195,203253,main/da9bcf731a6088abe876b99a.ab,,
chr_0030_zhuangfy,zhuangfy,Lady,model_asset,,assets/beyond/arts/entity/actor/lady/zhuangfy/models/sk_actor_zhuangfy_01.fbx##s_actor_zhuangfy_cloth_01_lod3,,,,542791,203253,main/da9bcf731a6088abe876b99a.ab,,
chr_0030_zhuangfy,zhuangfy,Lady,model_asset,,assets/beyond/arts/entity/actor/lady/zhuangfy/models/sk_actor_zhuangfy_01.fbx##s_actor_zhuangfy_cloth_02_lod0,,,,606751,203253,main/da9bcf731a6088abe876b99a.ab,,
chr_0030_zhuangfy,zhuangfy,Lady,model_asset,,assets/beyond/arts/entity/actor/lady/zhuangfy/models/sk_actor_zhuangfy_01.fbx##s_actor_zhuangfy_cloth_02_lod1,,,,363235,203253,main/da9bcf731a6088abe876b99a.ab,,
chr_0030_zhuangfy,zhuangfy,Lady,model_asset,,assets/beyond/arts/entity/actor/lady/zhuangfy/models/sk_actor_zhuangfy_01.fbx##s_actor_zhuangfy_cloth_02_lod2,,,,219051,203253,main/da9bcf731a6088abe876b99a.ab,,
chr_0030_zhuangfy,zhuangfy,Lady,model_asset,,assets/beyond/arts/entity/actor/lady/zhuangfy/models/sk_actor_zhuangfy_01.fbx##s_actor_zhuangfy_cloth_02_lod3,,,,126403,203253,main/da9bcf731a6088abe876b99a.ab,,
chr_0030_zhuangfy,zhuangfy,Lady,model_asset,,assets/beyond/arts/entity/actor/lady/zhuangfy/models/sk_actor_zhuangfy_01.fbx##s_actor_zhuangfy_eyebrow_01_lod0,,,,123689,203253,main/da9bcf731a6088abe876b99a.ab,,
chr_0030_zhuangfy,zhuangfy,Lady,model_asset,,assets/beyond/arts/entity/actor/lady/zhuangfy/models/sk_actor_zhuangfy_01.fbx##s_actor_zhuangfy_eyebrow_01_lod1,,,,123689,203253,main/da9bcf731a6088abe876b99a.ab,,
chr_0030_zhuangfy,zhuangfy,Lady,model_asset,,assets/beyond/arts/entity/actor/lady/zhuangfy/models/sk_actor_zhuangfy_01.fbx##s_actor_zhuangfy_eyebrow_01_lod2,,,,22061,203253,main/da9bcf731a6088abe876b99a.ab,,
chr_0030_zhuangfy,zhuangfy,Lady,model_asset,,assets/beyond/arts/entity/actor/lady/zhuangfy/models/sk_actor_zhuangfy_01.fbx##s_actor_zhuangfy_eyebrow_01_lod3,,,,10801,203253,main/da9bcf731a6088abe876b99a.ab,,
chr_0030_zhuangfy,zhuangfy,Lady,model_asset,,assets/beyond/arts/entity/actor/lady/zhuangfy/models/sk_actor_zhuangfy_01.fbx##s_actor_zhuangfy_eyeshadow_01_lod0,,,,8691,203253,main/da9bcf731a6088abe876b99a.ab,,
chr_0030_zhuangfy,zhuangfy,Lady,model_asset,,assets/beyond/arts/entity/actor/lady/zhuangfy/models/sk_actor_zhuangfy_01.fbx##s_actor_zhuangfy_eyeshadow_01_lod1,,,,8691,203253,main/da9bcf731a6088abe876b99a.ab,,
chr_0030_zhuangfy,zhuangfy,Lady,model_asset,,assets/beyond/arts/entity/actor/lady/zhuangfy/models/sk_actor_zhuangfy_01.fbx##s_actor_zhuangfy_face_01_lod0,,,,313334,203253,main/da9bcf731a6088abe876b99a.ab,,
chr_0030_zhuangfy,zhuangfy,Lady,model_asset,,assets/beyond/arts/entity/actor/lady/zhuangfy/models/sk_actor_zhuangfy_01.fbx##s_actor_zhuangfy_face_01_lod1,,,,313334,203253,main/da9bcf731a6088abe876b99a.ab,,
chr_0030_zhuangfy,zhuangfy,Lady,model_asset,,assets/beyond/arts/entity/actor/lady/zhuangfy/models/sk_actor_zhuangfy_01.fbx##s_actor_zhuangfy_face_01_lod2,,,,69362,203253,main/da9bcf731a6088abe876b99a.ab,,
chr_0030_zhuangfy,zhuangfy,Lady,model_asset,,assets/beyond/arts/entity/actor/lady/zhuangfy/models/sk_actor_zhuangfy_01.fbx##s_actor_zhuangfy_face_01_lod3,,,,25422,203253,main/da9bcf731a6088abe876b99a.ab,,
chr_0030_zhuangfy,zhuangfy,Lady,model_asset,,assets/beyond/arts/entity/actor/lady/zhuangfy/models/sk_actor_zhuangfy_01.fbx##s_actor_zhuangfy_hair_01_lod0,,,,1873850,203253,main/da9bcf731a6088abe876b99a.ab,,
chr_0030_zhuangfy,zhuangfy,Lady,model_asset,,assets/beyond/arts/entity/actor/lady/zhuangfy/models/sk_actor_zhuangfy_01.fbx##s_actor_zhuangfy_hair_01_lod1,,,,974026,203253,main/da9bcf731a6088abe876b99a.ab,,
chr_0030_zhuangfy,zhuangfy,Lady,model_asset,,assets/beyond/arts/entity/actor/lady/zhuangfy/models/sk_actor_zhuangfy_01.fbx##s_actor_zhuangfy_hair_01_lod2,,,,603686,203253,main/da9bcf731a6088abe876b99a.ab,,
chr_0030_zhuangfy,zhuangfy,Lady,model_asset,,assets/beyond/arts/entity/actor/lady/zhuangfy/models/sk_actor_zhuangfy_01.fbx##s_actor_zhuangfy_hair_01_lod3,,,,301818,203253,main/da9bcf731a6088abe876b99a.ab,,
chr_0030_zhuangfy,zhuangfy,Lady,model_asset,,assets/beyond/arts/entity/actor/lady/zhuangfy/models/sk_actor_zhuangfy_01.fbx##s_actor_zhuangfy_hairshadow_01_lod0,,,,43252,203253,main/da9bcf731a6088abe876b99a.ab,,
chr_0030_zhuangfy,zhuangfy,Lady,model_asset,,assets/beyond/arts/entity/actor/lady/zhuangfy/models/sk_actor_zhuangfy_01.fbx##s_actor_zhuangfy_hairshadow_01_lod1,,,,21600,203253,main/da9bcf731a6088abe876b99a.ab,,
chr_0030_zhuangfy,zhuangfy,Lady,model_asset,,assets/beyond/arts/entity/actor/lady/zhuangfy/models/sk_actor_zhuangfy_01.fbx##s_actor_zhuangfy_iris_01_lod0,,,,24046,203253,main/da9bcf731a6088abe876b99a.ab,,
chr_0030_zhuangfy,zhuangfy,Lady,model_asset,,assets/beyond/arts/entity/actor/lady/zhuangfy/models/sk_actor_zhuangfy_01.fbx##s_actor_zhuangfy_iris_01_lod1,,,,24046,203253,main/da9bcf731a6088abe876b99a.ab,,
chr_0030_zhuangfy,zhuangfy,Lady,model_asset,,assets/beyond/arts/entity/actor/lady/zhuangfy/models/sk_actor_zhuangfy_01.fbx##s_actor_zhuangfy_iris_01_lod2,,,,4510,203253,main/da9bcf731a6088abe876b99a.ab,,
chr_0030_zhuangfy,zhuangfy,Lady,model_asset,,assets/beyond/arts/entity/actor/lady/zhuangfy/models/sk_actor_zhuangfy_01.fbx##s_actor_zhuangfy_iris_01_lod3,,,,3714,203253,main/da9bcf731a6088abe876b99a.ab,,
chr_0030_zhuangfy,zhuangfy,Lady,model_asset,,assets/beyond/arts/entity/actor/lady/zhuangfy/models/sk_actor_zhuangfy_01.fbx##s_actor_zhuangfy_vfxpart_01_lod0,,,,95893,203253,main/da9bcf731a6088abe876b99a.ab,,
chr_0030_zhuangfy,zhuangfy,Lady,model_asset,,assets/beyond/arts/entity/actor/lady/zhuangfy/models/sk_actor_zhuangfy_01.fbx##s_actor_zhuangfy_vfxpart_01_lod1,,,,62025,203253,main/da9bcf731a6088abe876b99a.ab,,
chr_0030_zhuangfy,zhuangfy,Lady,model_asset,,assets/beyond/arts/entity/actor/lady/zhuangfy/models/sk_actor_zhuangfy_01.fbx##s_actor_zhuangfy_vfxpart_01_lod2,,,,24369,203253,main/da9bcf731a6088abe876b99a.ab,,
chr_0030_zhuangfy,zhuangfy,Lady,model_asset,,assets/beyond/arts/entity/actor/lady/zhuangfy/models/sk_actor_zhuangfy_01.fbx##s_actor_zhuangfy_vfxpart_01_lod3,,,,17481,203253,main/da9bcf731a6088abe876b99a.ab,,
chr_0030_zhuangfy,zhuangfy,Lady,model_asset,,assets/beyond/arts/entity/actor/lady/zhuangfy/models/sk_actor_zhuangfy_01.fbx##s_actor_zhuangfy_vfxpart_02_lod0,,,,20641,203253,main/da9bcf731a6088abe876b99a.ab,,
chr_0030_zhuangfy,zhuangfy,Lady,model_asset,,assets/beyond/arts/entity/actor/lady/zhuangfy/models/sk_actor_zhuangfy_01.fbx##s_actor_zhuangfy_vfxpart_02_lod1,,,,12961,203253,main/da9bcf731a6088abe876b99a.ab,,
chr_0030_zhuangfy,zhuangfy,Lady,model_asset,,assets/beyond/arts/entity/actor/lady/zhuangfy/models/sk_actor_zhuangfy_01.fbx##s_actor_zhuangfy_vfxpart_02_lod2,,,,7421,203253,main/da9bcf731a6088abe876b99a.ab,,
chr_0030_zhuangfy,zhuangfy,Lady,model_asset,,assets/beyond/arts/entity/actor/lady/zhuangfy/models/sk_actor_zhuangfy_01.fbx##s_actor_zhuangfy_vfxpart_02_lod3,,,,4445,203253,main/da9bcf731a6088abe876b99a.ab,,
chr_0030_zhuangfy,zhuangfy,Lady,model_asset,,assets/beyond/arts/entity/actor/lady/zhuangfy/models/sk_actor_zhuangfy_01.fbx##s_actor_zhuangfy_vfxpart_03_lod0,,,,449749,203253,main/da9bcf731a6088abe876b99a.ab,,
chr_0030_zhuangfy,zhuangfy,Lady,model_asset,,assets/beyond/arts/entity/actor/lady/zhuangfy/models/sk_actor_zhuangfy_01.fbx##s_actor_zhuangfy_vfxpart_03_lod1,,,,255001,203253,main/da9bcf731a6088abe876b99a.ab,,
chr_0030_zhuangfy,zhuangfy,Lady,model_asset,,assets/beyond/arts/entity/actor/lady/zhuangfy/models/sk_actor_zhuangfy_01.fbx##s_actor_zhuangfy_vfxpart_03_lod2,,,,184241,203253,main/da9bcf731a6088abe876b99a.ab,,
chr_0030_zhuangfy,zhuangfy,Lady,model_asset,,assets/beyond/arts/entity/actor/lady/zhuangfy/models/sk_actor_zhuangfy_01.fbx##s_actor_zhuangfy_vfxpart_03_lod3,,,,90201,203253,main/da9bcf731a6088abe876b99a.ab,,
chr_0030_zhuangfy,zhuangfy,Lady,model_asset,,assets/beyond/arts/entity/actor/lady/zhuangfy/models/sk_actor_zhuangfy_01.fbx##sk_actor_zhuangfy_01avatar,,,,266490,203253,main/da9bcf731a6088abe876b99a.ab,,
chr_0031_mifu,mifu,Lady,postmodel,chr_0031_mifu_postmodel,assets/beyond/dynamicassets/gameplay/actors/postmodels/characters/chr_0031_mifu_postmodel.prefab,assets/beyond/dynamicassets/gameplay/actors/postmodels/characters/chr_0031_mifu_postmodel.prefab,364593409201368005,0x050F4BC622E56BC5,568,105470,main/70fcff48dee071de09b865b7.ab,1085526267461649269,0x0F1090638E684375
chr_0031_mifu,mifu,Lady,model_asset,,assets/beyond/arts/entity/actor/lady/mifu/models/s_actor_mifu_body_01_lod0.asset,,,,588926,92380,main/62e31a73ff15941fddecc574.ab,,
chr_0031_mifu,mifu,Lady,model_asset,,assets/beyond/arts/entity/actor/lady/mifu/models/s_actor_mifu_cloth_01_lod0.asset,,,,2886995,142897,main/99648d118d2454264bc66ab2.ab,,
chr_0031_mifu,mifu,Lady,model_asset,,assets/beyond/arts/entity/actor/lady/mifu/models/s_actor_mifu_cloth_02_lod0.asset,,,,3460575,29737,main/1f06599ddbcbf9de3d699de7.ab,,
chr_0031_mifu,mifu,Lady,model_asset,,assets/beyond/arts/entity/actor/lady/mifu/models/s_actor_mifu_cloth_03_lod0.asset,,,,26095,200030,main/d717851164b8f8782a394373.ab,,
chr_0031_mifu,mifu,Lady,model_asset,,assets/beyond/arts/entity/actor/lady/mifu/models/s_actor_mifu_face_01_lod0.asset,,,,316558,35144,main/24f81bea5497180449bf8ae9.ab,,
chr_0031_mifu,mifu,Lady,model_asset,,assets/beyond/arts/entity/actor/lady/mifu/models/s_actor_mifu_hair_01_lod0.asset,,,,1423770,101622,main/6cdaf5ad6c4502341641f140.ab,,
chr_0031_mifu,mifu,Lady,model_asset,,assets/beyond/arts/entity/actor/lady/mifu/models/s_actor_mifu_hair_02_lod0.asset,,,,449726,20626,main/153cb2a372c780bcfc7691a1.ab,,
chr_0031_mifu,mifu,Lady,model_asset,,assets/beyond/arts/entity/actor/lady/mifu/models/sk_actor_mifu_01.fbx,,,,0,139104,main/9549cd6a75bb31f9221cf93d.ab,,
chr_0031_mifu,mifu,Lady,model_asset,,assets/beyond/arts/entity/actor/lady/mifu/models/sk_actor_mifu_01.fbx,,,,0,139104,main/9549cd6a75bb31f9221cf93d.ab,,
chr_0031_mifu,mifu,Lady,model_asset,,assets/beyond/arts/entity/actor/lady/mifu/models/sk_actor_mifu_01.fbx,,,,0,139104,main/9549cd6a75bb31f9221cf93d.ab,,
chr_0031_mifu,mifu,Lady,model_asset,,assets/beyond/arts/entity/actor/lady/mifu/models/sk_actor_mifu_01.fbx,,,,0,139104,main/9549cd6a75bb31f9221cf93d.ab,,
chr_0031_mifu,mifu,Lady,model_asset,,assets/beyond/arts/entity/actor/lady/mifu/models/sk_actor_mifu_01.fbx,,,,0,139104,main/9549cd6a75bb31f9221cf93d.ab,,
chr_0031_mifu,mifu,Lady,model_asset,,assets/beyond/arts/entity/actor/lady/mifu/models/sk_actor_mifu_01.fbx,,,,0,139104,main/9549cd6a75bb31f9221cf93d.ab,,
chr_0031_mifu,mifu,Lady,model_asset,,assets/beyond/arts/entity/actor/lady/mifu/models/sk_actor_mifu_01.fbx,,,,0,139104,main/9549cd6a75bb31f9221cf93d.ab,,
chr_0031_mifu,mifu,Lady,model_asset,,assets/beyond/arts/entity/actor/lady/mifu/models/sk_actor_mifu_01.fbx,,,,0,139104,main/9549cd6a75bb31f9221cf93d.ab,,
chr_0031_mifu,mifu,Lady,model_asset,,assets/beyond/arts/entity/actor/lady/mifu/models/sk_actor_mifu_01.fbx,,,,0,139104,main/9549cd6a75bb31f9221cf93d.ab,,
chr_0031_mifu,mifu,Lady,model_asset,,assets/beyond/arts/entity/actor/lady/mifu/models/sk_actor_mifu_01.fbx,,,,0,139104,main/9549cd6a75bb31f9221cf93d.ab,,
chr_0031_mifu,mifu,Lady,model_asset,,assets/beyond/arts/entity/actor/lady/mifu/models/sk_actor_mifu_01.fbx,,,,0,139104,main/9549cd6a75bb31f9221cf93d.ab,,
chr_0031_mifu,mifu,Lady,model_asset,,assets/beyond/arts/entity/actor/lady/mifu/models/sk_actor_mifu_01.fbx,,,,0,139104,main/9549cd6a75bb31f9221cf93d.ab,,
chr_0031_mifu,mifu,Lady,model_asset,,assets/beyond/arts/entity/actor/lady/mifu/models/sk_actor_mifu_01.fbx,,,,0,139104,main/9549cd6a75bb31f9221cf93d.ab,,
chr_0031_mifu,mifu,Lady,model_asset,,assets/beyond/arts/entity/actor/lady/mifu/models/sk_actor_mifu_01.fbx,,,,0,139104,main/9549cd6a75bb31f9221cf93d.ab,,
chr_0031_mifu,mifu,Lady,model_asset,,assets/beyond/arts/entity/actor/lady/mifu/models/sk_actor_mifu_01.fbx,,,,0,139104,main/9549cd6a75bb31f9221cf93d.ab,,
chr_0031_mifu,mifu,Lady,model_asset,,assets/beyond/arts/entity/actor/lady/mifu/models/sk_actor_mifu_01.fbx,,,,0,139104,main/9549cd6a75bb31f9221cf93d.ab,,
chr_0031_mifu,mifu,Lady,model_asset,,assets/beyond/arts/entity/actor/lady/mifu/models/sk_actor_mifu_01.fbx,,,,0,139104,main/9549cd6a75bb31f9221cf93d.ab,,
chr_0031_mifu,mifu,Lady,model_asset,,assets/beyond/arts/entity/actor/lady/mifu/models/sk_actor_mifu_01.fbx,,,,0,139104,main/9549cd6a75bb31f9221cf93d.ab,,
chr_0031_mifu,mifu,Lady,model_asset,,assets/beyond/arts/entity/actor/lady/mifu/models/sk_actor_mifu_01.fbx,,,,0,139104,main/9549cd6a75bb31f9221cf93d.ab,,
chr_0031_mifu,mifu,Lady,model_asset,,assets/beyond/arts/entity/actor/lady/mifu/models/sk_actor_mifu_01.fbx,,,,0,139104,main/9549cd6a75bb31f9221cf93d.ab,,
chr_0031_mifu,mifu,Lady,model_asset,,assets/beyond/arts/entity/actor/lady/mifu/models/sk_actor_mifu_01.fbx,,,,0,139104,main/9549cd6a75bb31f9221cf93d.ab,,
chr_0031_mifu,mifu,Lady,model_asset,,assets/beyond/arts/entity/actor/lady/mifu/models/sk_actor_mifu_01.fbx,,,,0,139104,main/9549cd6a75bb31f9221cf93d.ab,,
chr_0031_mifu,mifu,Lady,model_asset,,assets/beyond/arts/entity/actor/lady/mifu/models/sk_actor_mifu_01.fbx,,,,0,139104,main/9549cd6a75bb31f9221cf93d.ab,,
chr_0031_mifu,mifu,Lady,model_asset,,assets/beyond/arts/entity/actor/lady/mifu/models/sk_actor_mifu_01.fbx,,,,0,139104,main/9549cd6a75bb31f9221cf93d.ab,,
chr_0031_mifu,mifu,Lady,model_asset,,assets/beyond/arts/entity/actor/lady/mifu/models/sk_actor_mifu_01.fbx,,,,0,139104,main/9549cd6a75bb31f9221cf93d.ab,,
chr_0031_mifu,mifu,Lady,model_asset,,assets/beyond/arts/entity/actor/lady/mifu/models/sk_actor_mifu_01.fbx,,,,0,139104,main/9549cd6a75bb31f9221cf93d.ab,,
chr_0031_mifu,mifu,Lady,model_asset,,assets/beyond/arts/entity/actor/lady/mifu/models/sk_actor_mifu_01.fbx,,,,0,139104,main/9549cd6a75bb31f9221cf93d.ab,,
chr_0031_mifu,mifu,Lady,model_asset,,assets/beyond/arts/entity/actor/lady/mifu/models/sk_actor_mifu_01.fbx,,,,0,139104,main/9549cd6a75bb31f9221cf93d.ab,,
chr_0031_mifu,mifu,Lady,model_asset,,assets/beyond/arts/entity/actor/lady/mifu/models/sk_actor_mifu_01.fbx,,,,0,139104,main/9549cd6a75bb31f9221cf93d.ab,,
chr_0031_mifu,mifu,Lady,model_asset,,assets/beyond/arts/entity/actor/lady/mifu/models/sk_actor_mifu_01.fbx,,,,0,139104,main/9549cd6a75bb31f9221cf93d.ab,,
chr_0031_mifu,mifu,Lady,model_asset,,assets/beyond/arts/entity/actor/lady/mifu/models/sk_actor_mifu_01.fbx,,,,0,139104,main/9549cd6a75bb31f9221cf93d.ab,,
chr_0031_mifu,mifu,Lady,model_asset,,assets/beyond/arts/entity/actor/lady/mifu/models/sk_actor_mifu_01.fbx,,,,0,139104,main/9549cd6a75bb31f9221cf93d.ab,,
chr_0031_mifu,mifu,Lady,model_asset,,assets/beyond/arts/entity/actor/lady/mifu/models/sk_actor_mifu_01.fbx,,,,0,139104,main/9549cd6a75bb31f9221cf93d.ab,,
chr_0031_mifu,mifu,Lady,model_asset,,assets/beyond/arts/entity/actor/lady/mifu/models/sk_actor_mifu_01.fbx,,,,0,139104,main/9549cd6a75bb31f9221cf93d.ab,,
chr_0031_mifu,mifu,Lady,model_asset,,assets/beyond/arts/entity/actor/lady/mifu/models/sk_actor_mifu_01.fbx,,,,0,139104,main/9549cd6a75bb31f9221cf93d.ab,,
chr_0031_mifu,mifu,Lady,model_asset,,assets/beyond/arts/entity/actor/lady/mifu/models/sk_actor_mifu_01.fbx,,,,0,139104,main/9549cd6a75bb31f9221cf93d.ab,,
chr_0031_mifu,mifu,Lady,model_asset,,assets/beyond/arts/entity/actor/lady/mifu/models/sk_actor_mifu_01.fbx,,,,0,139104,main/9549cd6a75bb31f9221cf93d.ab,,
chr_0031_mifu,mifu,Lady,model_asset,,assets/beyond/arts/entity/actor/lady/mifu/models/sk_actor_mifu_01.fbx,,,,0,139104,main/9549cd6a75bb31f9221cf93d.ab,,
chr_0031_mifu,mifu,Lady,model_asset,,assets/beyond/arts/entity/actor/lady/mifu/models/sk_actor_mifu_01.fbx,,,,0,139104,main/9549cd6a75bb31f9221cf93d.ab,,
chr_0031_mifu,mifu,Lady,model_asset,,assets/beyond/arts/entity/actor/lady/mifu/models/sk_actor_mifu_01.fbx,,,,0,139104,main/9549cd6a75bb31f9221cf93d.ab,,
chr_0031_mifu,mifu,Lady,model_asset,,assets/beyond/arts/entity/actor/lady/mifu/models/sk_actor_mifu_01.fbx,,,,0,139104,main/9549cd6a75bb31f9221cf93d.ab,,
chr_0031_mifu,mifu,Lady,model_asset,,assets/beyond/arts/entity/actor/lady/mifu/models/sk_actor_mifu_01.fbx,,,,0,139104,main/9549cd6a75bb31f9221cf93d.ab,,
chr_0031_mifu,mifu,Lady,model_asset,,assets/beyond/arts/entity/actor/lady/mifu/models/sk_actor_mifu_01.fbx,,,,0,139104,main/9549cd6a75bb31f9221cf93d.ab,,
chr_0031_mifu,mifu,Lady,model_asset,,assets/beyond/arts/entity/actor/lady/mifu/models/sk_actor_mifu_01.fbx,,,,0,139104,main/9549cd6a75bb31f9221cf93d.ab,,
chr_0031_mifu,mifu,Lady,model_asset,,assets/beyond/arts/entity/actor/lady/mifu/models/sk_actor_mifu_01.fbx,,,,0,139104,main/9549cd6a75bb31f9221cf93d.ab,,
chr_0031_mifu,mifu,Lady,model_asset,,assets/beyond/arts/entity/actor/lady/mifu/models/sk_actor_mifu_01.fbx,,,,0,139104,main/9549cd6a75bb31f9221cf93d.ab,,
chr_0031_mifu,mifu,Lady,model_asset,,assets/beyond/arts/entity/actor/lady/mifu/models/sk_actor_mifu_01.fbx,,,,0,139104,main/9549cd6a75bb31f9221cf93d.ab,,
chr_0031_mifu,mifu,Lady,model_asset,,assets/beyond/arts/entity/actor/lady/mifu/models/sk_actor_mifu_01.fbx,,,,0,139104,main/9549cd6a75bb31f9221cf93d.ab,,
chr_0031_mifu,mifu,Lady,model_asset,,assets/beyond/arts/entity/actor/lady/mifu/models/sk_actor_mifu_01.fbx,,,,0,139104,main/9549cd6a75bb31f9221cf93d.ab,,
chr_0031_mifu,mifu,Lady,model_asset,,assets/beyond/arts/entity/actor/lady/mifu/models/sk_actor_mifu_01.fbx,,,,0,139104,main/9549cd6a75bb31f9221cf93d.ab,,
chr_0031_mifu,mifu,Lady,model_asset,,assets/beyond/arts/entity/actor/lady/mifu/models/sk_actor_mifu_01.fbx,,,,0,139104,main/9549cd6a75bb31f9221cf93d.ab,,
chr_0031_mifu,mifu,Lady,model_asset,,assets/beyond/arts/entity/actor/lady/mifu/models/sk_actor_mifu_01.fbx,,,,0,139104,main/9549cd6a75bb31f9221cf93d.ab,,
chr_0031_mifu,mifu,Lady,model_asset,,assets/beyond/arts/entity/actor/lady/mifu/models/sk_actor_mifu_01.fbx,,,,0,139104,main/9549cd6a75bb31f9221cf93d.ab,,
chr_0031_mifu,mifu,Lady,model_asset,,assets/beyond/arts/entity/actor/lady/mifu/models/sk_actor_mifu_01.fbx##s_actor_mifu_body_01_lod0,,,,541278,139104,main/9549cd6a75bb31f9221cf93d.ab,,
chr_0031_mifu,mifu,Lady,model_asset,,assets/beyond/arts/entity/actor/lady/mifu/models/sk_actor_mifu_01.fbx##s_actor_mifu_body_01_lod1,,,,269930,139104,main/9549cd6a75bb31f9221cf93d.ab,,
chr_0031_mifu,mifu,Lady,model_asset,,assets/beyond/arts/entity/actor/lady/mifu/models/sk_actor_mifu_01.fbx##s_actor_mifu_body_01_lod2,,,,157702,139104,main/9549cd6a75bb31f9221cf93d.ab,,
chr_0031_mifu,mifu,Lady,model_asset,,assets/beyond/arts/entity/actor/lady/mifu/models/sk_actor_mifu_01.fbx##s_actor_mifu_body_01_lod3,,,,87794,139104,main/9549cd6a75bb31f9221cf93d.ab,,
chr_0031_mifu,mifu,Lady,model_asset,,assets/beyond/arts/entity/actor/lady/mifu/models/sk_actor_mifu_01.fbx##s_actor_mifu_cloth_01_lod0,,,,2645443,139104,main/9549cd6a75bb31f9221cf93d.ab,,
chr_0031_mifu,mifu,Lady,model_asset,,assets/beyond/arts/entity/actor/lady/mifu/models/sk_actor_mifu_01.fbx##s_actor_mifu_cloth_01_lod1,,,,1394603,139104,main/9549cd6a75bb31f9221cf93d.ab,,
chr_0031_mifu,mifu,Lady,model_asset,,assets/beyond/arts/entity/actor/lady/mifu/models/sk_actor_mifu_01.fbx##s_actor_mifu_cloth_01_lod2,,,,825643,139104,main/9549cd6a75bb31f9221cf93d.ab,,
chr_0031_mifu,mifu,Lady,model_asset,,assets/beyond/arts/entity/actor/lady/mifu/models/sk_actor_mifu_01.fbx##s_actor_mifu_cloth_01_lod3,,,,429499,139104,main/9549cd6a75bb31f9221cf93d.ab,,
chr_0031_mifu,mifu,Lady,model_asset,,assets/beyond/arts/entity/actor/lady/mifu/models/sk_actor_mifu_01.fbx##s_actor_mifu_cloth_02_lod0,,,,3051759,139104,main/9549cd6a75bb31f9221cf93d.ab,,
chr_0031_mifu,mifu,Lady,model_asset,,assets/beyond/arts/entity/actor/lady/mifu/models/sk_actor_mifu_01.fbx##s_actor_mifu_cloth_02_lod1,,,,1754967,139104,main/9549cd6a75bb31f9221cf93d.ab,,
chr_0031_mifu,mifu,Lady,model_asset,,assets/beyond/arts/entity/actor/lady/mifu/models/sk_actor_mifu_01.fbx##s_actor_mifu_cloth_02_lod2,,,,967295,139104,main/9549cd6a75bb31f9221cf93d.ab,,
chr_0031_mifu,mifu,Lady,model_asset,,assets/beyond/arts/entity/actor/lady/mifu/models/sk_actor_mifu_01.fbx##s_actor_mifu_cloth_02_lod3,,,,286231,139104,main/9549cd6a75bb31f9221cf93d.ab,,
chr_0031_mifu,mifu,Lady,model_asset,,assets/beyond/arts/entity/actor/lady/mifu/models/sk_actor_mifu_01.fbx##s_actor_mifu_cloth_03_lod0,,,,24191,139104,main/9549cd6a75bb31f9221cf93d.ab,,
chr_0031_mifu,mifu,Lady,model_asset,,assets/beyond/arts/entity/actor/lady/mifu/models/sk_actor_mifu_01.fbx##s_actor_mifu_cloth_03_lod1,,,,15751,139104,main/9549cd6a75bb31f9221cf93d.ab,,
chr_0031_mifu,mifu,Lady,model_asset,,assets/beyond/arts/entity/actor/lady/mifu/models/sk_actor_mifu_01.fbx##s_actor_mifu_cloth_03_lod2,,,,10915,139104,main/9549cd6a75bb31f9221cf93d.ab,,
chr_0031_mifu,mifu,Lady,model_asset,,assets/beyond/arts/entity/actor/lady/mifu/models/sk_actor_mifu_01.fbx##s_actor_mifu_eyebrow_01_lod0,,,,114517,139104,main/9549cd6a75bb31f9221cf93d.ab,,
chr_0031_mifu,mifu,Lady,model_asset,,assets/beyond/arts/entity/actor/lady/mifu/models/sk_actor_mifu_01.fbx##s_actor_mifu_eyebrow_01_lod1,,,,114517,139104,main/9549cd6a75bb31f9221cf93d.ab,,
chr_0031_mifu,mifu,Lady,model_asset,,assets/beyond/arts/entity/actor/lady/mifu/models/sk_actor_mifu_01.fbx##s_actor_mifu_eyebrow_01_lod2,,,,21457,139104,main/9549cd6a75bb31f9221cf93d.ab,,
chr_0031_mifu,mifu,Lady,model_asset,,assets/beyond/arts/entity/actor/lady/mifu/models/sk_actor_mifu_01.fbx##s_actor_mifu_eyebrow_01_lod3,,,,19585,139104,main/9549cd6a75bb31f9221cf93d.ab,,
chr_0031_mifu,mifu,Lady,model_asset,,assets/beyond/arts/entity/actor/lady/mifu/models/sk_actor_mifu_01.fbx##s_actor_mifu_eyeshadow_01_lod0,,,,7583,139104,main/9549cd6a75bb31f9221cf93d.ab,,
chr_0031_mifu,mifu,Lady,model_asset,,assets/beyond/arts/entity/actor/lady/mifu/models/sk_actor_mifu_01.fbx##s_actor_mifu_eyeshadow_01_lod1,,,,7583,139104,main/9549cd6a75bb31f9221cf93d.ab,,
chr_0031_mifu,mifu,Lady,model_asset,,assets/beyond/arts/entity/actor/lady/mifu/models/sk_actor_mifu_01.fbx##s_actor_mifu_face_01_lod0,,,,291358,139104,main/9549cd6a75bb31f9221cf93d.ab,,
chr_0031_mifu,mifu,Lady,model_asset,,assets/beyond/arts/entity/actor/lady/mifu/models/sk_actor_mifu_01.fbx##s_actor_mifu_face_01_lod1,,,,291358,139104,main/9549cd6a75bb31f9221cf93d.ab,,
chr_0031_mifu,mifu,Lady,model_asset,,assets/beyond/arts/entity/actor/lady/mifu/models/sk_actor_mifu_01.fbx##s_actor_mifu_face_01_lod2,,,,88658,139104,main/9549cd6a75bb31f9221cf93d.ab,,
chr_0031_mifu,mifu,Lady,model_asset,,assets/beyond/arts/entity/actor/lady/mifu/models/sk_actor_mifu_01.fbx##s_actor_mifu_face_01_lod3,,,,34330,139104,main/9549cd6a75bb31f9221cf93d.ab,,
chr_0031_mifu,mifu,Lady,model_asset,,assets/beyond/arts/entity/actor/lady/mifu/models/sk_actor_mifu_01.fbx##s_actor_mifu_hair_01_lod0,,,,1304506,139104,main/9549cd6a75bb31f9221cf93d.ab,,
chr_0031_mifu,mifu,Lady,model_asset,,assets/beyond/arts/entity/actor/lady/mifu/models/sk_actor_mifu_01.fbx##s_actor_mifu_hair_01_lod1,,,,654146,139104,main/9549cd6a75bb31f9221cf93d.ab,,
chr_0031_mifu,mifu,Lady,model_asset,,assets/beyond/arts/entity/actor/lady/mifu/models/sk_actor_mifu_01.fbx##s_actor_mifu_hair_01_lod2,,,,366374,139104,main/9549cd6a75bb31f9221cf93d.ab,,
chr_0031_mifu,mifu,Lady,model_asset,,assets/beyond/arts/entity/actor/lady/mifu/models/sk_actor_mifu_01.fbx##s_actor_mifu_hair_01_lod3,,,,216702,139104,main/9549cd6a75bb31f9221cf93d.ab,,
chr_0031_mifu,mifu,Lady,model_asset,,assets/beyond/arts/entity/actor/lady/mifu/models/sk_actor_mifu_01.fbx##s_actor_mifu_hair_02_lod0,,,,411806,139104,main/9549cd6a75bb31f9221cf93d.ab,,
chr_0031_mifu,mifu,Lady,model_asset,,assets/beyond/arts/entity/actor/lady/mifu/models/sk_actor_mifu_01.fbx##s_actor_mifu_hair_02_lod1,,,,245638,139104,main/9549cd6a75bb31f9221cf93d.ab,,
chr_0031_mifu,mifu,Lady,model_asset,,assets/beyond/arts/entity/actor/lady/mifu/models/sk_actor_mifu_01.fbx##s_actor_mifu_hair_02_lod2,,,,124550,139104,main/9549cd6a75bb31f9221cf93d.ab,,
chr_0031_mifu,mifu,Lady,model_asset,,assets/beyond/arts/entity/actor/lady/mifu/models/sk_actor_mifu_01.fbx##s_actor_mifu_hairshadow_01_lod0,,,,22384,139104,main/9549cd6a75bb31f9221cf93d.ab,,
chr_0031_mifu,mifu,Lady,model_asset,,assets/beyond/arts/entity/actor/lady/mifu/models/sk_actor_mifu_01.fbx##s_actor_mifu_hairshadow_01_lod1,,,,14000,139104,main/9549cd6a75bb31f9221cf93d.ab,,
chr_0031_mifu,mifu,Lady,model_asset,,assets/beyond/arts/entity/actor/lady/mifu/models/sk_actor_mifu_01.fbx##s_actor_mifu_iris_01_lod0,,,,22090,139104,main/9549cd6a75bb31f9221cf93d.ab,,
chr_0031_mifu,mifu,Lady,model_asset,,assets/beyond/arts/entity/actor/lady/mifu/models/sk_actor_mifu_01.fbx##s_actor_mifu_iris_01_lod1,,,,22090,139104,main/9549cd6a75bb31f9221cf93d.ab,,
chr_0031_mifu,mifu,Lady,model_asset,,assets/beyond/arts/entity/actor/lady/mifu/models/sk_actor_mifu_01.fbx##s_actor_mifu_iris_01_lod2,,,,6478,139104,main/9549cd6a75bb31f9221cf93d.ab,,
chr_0031_mifu,mifu,Lady,model_asset,,assets/beyond/arts/entity/actor/lady/mifu/models/sk_actor_mifu_01.fbx##s_actor_mifu_iris_01_lod3,,,,4994,139104,main/9549cd6a75bb31f9221cf93d.ab,,
chr_0031_mifu,mifu,Lady,model_asset,,assets/beyond/arts/entity/actor/lady/mifu/models/sk_actor_mifu_01.fbx##s_actor_mifu_vfxpart_01_lod0,,,,16917,139104,main/9549cd6a75bb31f9221cf93d.ab,,
chr_0031_mifu,mifu,Lady,model_asset,,assets/beyond/arts/entity/actor/lady/mifu/models/sk_actor_mifu_01.fbx##s_actor_mifu_vfxpart_01_lod1,,,,15645,139104,main/9549cd6a75bb31f9221cf93d.ab,,
chr_0031_mifu,mifu,Lady,model_asset,,assets/beyond/arts/entity/actor/lady/mifu/models/sk_actor_mifu_01.fbx##s_actor_mifu_vfxpart_01_lod2,,,,14269,139104,main/9549cd6a75bb31f9221cf93d.ab,,
chr_0031_mifu,mifu,Lady,model_asset,,assets/beyond/arts/entity/actor/lady/mifu/models/sk_actor_mifu_01.fbx##s_actor_mifu_vfxpart_02_lod0,,,,41701,139104,main/9549cd6a75bb31f9221cf93d.ab,,
chr_0031_mifu,mifu,Lady,model_asset,,assets/beyond/arts/entity/actor/lady/mifu/models/sk_actor_mifu_01.fbx##s_actor_mifu_vfxpart_02_lod1,,,,16413,139104,main/9549cd6a75bb31f9221cf93d.ab,,
chr_0031_mifu,mifu,Lady,model_asset,,assets/beyond/arts/entity/actor/lady/mifu/models/sk_actor_mifu_01.fbx##s_actor_mifu_vfxpart_02_lod2,,,,12001,139104,main/9549cd6a75bb31f9221cf93d.ab,,
chr_0031_mifu,mifu,Lady,model_asset,,assets/beyond/arts/entity/actor/lady/mifu/models/sk_actor_mifu_01.fbx##s_actor_mifu_vfxpart_03_lod0,,,,121965,139104,main/9549cd6a75bb31f9221cf93d.ab,,
chr_0031_mifu,mifu,Lady,model_asset,,assets/beyond/arts/entity/actor/lady/mifu/models/sk_actor_mifu_01.fbx##s_actor_mifu_vfxpart_03_lod1,,,,72817,139104,main/9549cd6a75bb31f9221cf93d.ab,,
chr_0031_mifu,mifu,Lady,model_asset,,assets/beyond/arts/entity/actor/lady/mifu/models/sk_actor_mifu_01.fbx##s_actor_mifu_vfxpart_03_lod2,,,,34465,139104,main/9549cd6a75bb31f9221cf93d.ab,,
chr_0031_mifu,mifu,Lady,model_asset,,assets/beyond/arts/entity/actor/lady/mifu/models/sk_actor_mifu_01.fbx##s_actor_mifu_vfxpart_03_lod3,,,,26469,139104,main/9549cd6a75bb31f9221cf93d.ab,,
chr_0031_mifu,mifu,Lady,model_asset,,assets/beyond/arts/entity/actor/lady/mifu/models/sk_actor_mifu_01.fbx##s_actor_mifu_vfxpart_04_lod0,,,,49873,139104,main/9549cd6a75bb31f9221cf93d.ab,,
chr_0031_mifu,mifu,Lady,model_asset,,assets/beyond/arts/entity/actor/lady/mifu/models/sk_actor_mifu_01.fbx##s_actor_mifu_vfxpart_04_lod1,,,,25433,139104,main/9549cd6a75bb31f9221cf93d.ab,,
chr_0031_mifu,mifu,Lady,model_asset,,assets/beyond/arts/entity/actor/lady/mifu/models/sk_actor_mifu_01.fbx##s_actor_mifu_vfxpart_04_lod2,,,,11241,139104,main/9549cd6a75bb31f9221cf93d.ab,,
chr_0031_mifu,mifu,Lady,model_asset,,assets/beyond/arts/entity/actor/lady/mifu/models/sk_actor_mifu_01.fbx##s_actor_mifu_vfxpart_04_lod3,,,,5817,139104,main/9549cd6a75bb31f9221cf93d.ab,,
chr_0031_mifu,mifu,Lady,model_asset,,assets/beyond/arts/entity/actor/lady/mifu/models/sk_actor_mifu_01.fbx##sk_actor_mifu_01avatar,,,,252626,139104,main/9549cd6a75bb31f9221cf93d.ab,,
chr_0032_lizhiyan,lizhiyan,Girl,postmodel,chr_0032_lizhiyan_postmodel,assets/beyond/dynamicassets/gameplay/actors/postmodels/characters/chr_0032_lizhiyan_postmodel.prefab,assets/beyond/dynamicassets/gameplay/actors/postmodels/characters/chr_0032_lizhiyan_postmodel.prefab,897327396584365613,0x0C73F28350A31E2D,568,121421,main/8229c4301795d3f1e1440bfc.ab,821197892537723385,0x0B657B21E302A9F9
chr_0032_lizhiyan,lizhiyan,Girl,model_asset,,assets/beyond/arts/entity/actor/girl/lizhiyan/models/s_actor_lizhiyan_body_01_lod0.asset,,,,130054,143321,main/99e1699eadda191e39d0c7e3.ab,,
chr_0032_lizhiyan,lizhiyan,Girl,model_asset,,assets/beyond/arts/entity/actor/girl/lizhiyan/models/s_actor_lizhiyan_cloth_01_lod0.asset,,,,3158127,119274,main/7fcfccd9cf85062e3e37e096.ab,,
chr_0032_lizhiyan,lizhiyan,Girl,model_asset,,assets/beyond/arts/entity/actor/girl/lizhiyan/models/s_actor_lizhiyan_cloth_02_lod0.asset,,,,3406135,132652,main/8e4dcc2789e6f07537b575b9.ab,,
chr_0032_lizhiyan,lizhiyan,Girl,model_asset,,assets/beyond/arts/entity/actor/girl/lizhiyan/models/s_actor_lizhiyan_cloth_03_lod0.asset,,,,213947,101987,main/6d4ab9e96439b4753697b724.ab,,
chr_0032_lizhiyan,lizhiyan,Girl,model_asset,,assets/beyond/arts/entity/actor/girl/lizhiyan/models/s_actor_lizhiyan_cloth_04_lod0.asset,,,,18467,201790,main/d9096b1ecaabad35d4c61cf4.ab,,
chr_0032_lizhiyan,lizhiyan,Girl,model_asset,,assets/beyond/arts/entity/actor/girl/lizhiyan/models/s_actor_lizhiyan_cloth_05_lod0.asset,,,,510443,197762,main/d4a5e7a83320e05c648f200a.ab,,
chr_0032_lizhiyan,lizhiyan,Girl,model_asset,,assets/beyond/arts/entity/actor/girl/lizhiyan/models/s_actor_lizhiyan_cloth_06_lod0.asset,,,,13483,18398,main/12d8b7154de8684342bb6b95.ab,,
chr_0032_lizhiyan,lizhiyan,Girl,model_asset,,assets/beyond/arts/entity/actor/girl/lizhiyan/models/s_actor_lizhiyan_face_01_lod0.asset,,,,281934,29031,main/1e4a415f110e95bb12848286.ab,,
chr_0032_lizhiyan,lizhiyan,Girl,model_asset,,assets/beyond/arts/entity/actor/girl/lizhiyan/models/s_actor_lizhiyan_hair_01_lod0.asset,,,,2932630,45632,main/304c51dfe10ecd79d5c0fdf7.ab,,
chr_0032_lizhiyan,lizhiyan,Girl,model_asset,,assets/beyond/arts/entity/actor/girl/lizhiyan/models/sk_actor_lizhiyan_01.fbx,,,,0,163931,main/b01a3cd57f13f16465d9369e.ab,,
chr_0032_lizhiyan,lizhiyan,Girl,model_asset,,assets/beyond/arts/entity/actor/girl/lizhiyan/models/sk_actor_lizhiyan_01.fbx,,,,0,163931,main/b01a3cd57f13f16465d9369e.ab,,
chr_0032_lizhiyan,lizhiyan,Girl,model_asset,,assets/beyond/arts/entity/actor/girl/lizhiyan/models/sk_actor_lizhiyan_01.fbx,,,,0,163931,main/b01a3cd57f13f16465d9369e.ab,,
chr_0032_lizhiyan,lizhiyan,Girl,model_asset,,assets/beyond/arts/entity/actor/girl/lizhiyan/models/sk_actor_lizhiyan_01.fbx,,,,0,163931,main/b01a3cd57f13f16465d9369e.ab,,
chr_0032_lizhiyan,lizhiyan,Girl,model_asset,,assets/beyond/arts/entity/actor/girl/lizhiyan/models/sk_actor_lizhiyan_01.fbx,,,,0,163931,main/b01a3cd57f13f16465d9369e.ab,,
chr_0032_lizhiyan,lizhiyan,Girl,model_asset,,assets/beyond/arts/entity/actor/girl/lizhiyan/models/sk_actor_lizhiyan_01.fbx,,,,0,163931,main/b01a3cd57f13f16465d9369e.ab,,
chr_0032_lizhiyan,lizhiyan,Girl,model_asset,,assets/beyond/arts/entity/actor/girl/lizhiyan/models/sk_actor_lizhiyan_01.fbx,,,,0,163931,main/b01a3cd57f13f16465d9369e.ab,,
chr_0032_lizhiyan,lizhiyan,Girl,model_asset,,assets/beyond/arts/entity/actor/girl/lizhiyan/models/sk_actor_lizhiyan_01.fbx,,,,0,163931,main/b01a3cd57f13f16465d9369e.ab,,
chr_0032_lizhiyan,lizhiyan,Girl,model_asset,,assets/beyond/arts/entity/actor/girl/lizhiyan/models/sk_actor_lizhiyan_01.fbx,,,,0,163931,main/b01a3cd57f13f16465d9369e.ab,,
chr_0032_lizhiyan,lizhiyan,Girl,model_asset,,assets/beyond/arts/entity/actor/girl/lizhiyan/models/sk_actor_lizhiyan_01.fbx,,,,0,163931,main/b01a3cd57f13f16465d9369e.ab,,
chr_0032_lizhiyan,lizhiyan,Girl,model_asset,,assets/beyond/arts/entity/actor/girl/lizhiyan/models/sk_actor_lizhiyan_01.fbx,,,,0,163931,main/b01a3cd57f13f16465d9369e.ab,,
chr_0032_lizhiyan,lizhiyan,Girl,model_asset,,assets/beyond/arts/entity/actor/girl/lizhiyan/models/sk_actor_lizhiyan_01.fbx,,,,0,163931,main/b01a3cd57f13f16465d9369e.ab,,
chr_0032_lizhiyan,lizhiyan,Girl,model_asset,,assets/beyond/arts/entity/actor/girl/lizhiyan/models/sk_actor_lizhiyan_01.fbx,,,,0,163931,main/b01a3cd57f13f16465d9369e.ab,,
chr_0032_lizhiyan,lizhiyan,Girl,model_asset,,assets/beyond/arts/entity/actor/girl/lizhiyan/models/sk_actor_lizhiyan_01.fbx,,,,0,163931,main/b01a3cd57f13f16465d9369e.ab,,
chr_0032_lizhiyan,lizhiyan,Girl,model_asset,,assets/beyond/arts/entity/actor/girl/lizhiyan/models/sk_actor_lizhiyan_01.fbx,,,,0,163931,main/b01a3cd57f13f16465d9369e.ab,,
chr_0032_lizhiyan,lizhiyan,Girl,model_asset,,assets/beyond/arts/entity/actor/girl/lizhiyan/models/sk_actor_lizhiyan_01.fbx,,,,0,163931,main/b01a3cd57f13f16465d9369e.ab,,
chr_0032_lizhiyan,lizhiyan,Girl,model_asset,,assets/beyond/arts/entity/actor/girl/lizhiyan/models/sk_actor_lizhiyan_01.fbx,,,,0,163931,main/b01a3cd57f13f16465d9369e.ab,,
chr_0032_lizhiyan,lizhiyan,Girl,model_asset,,assets/beyond/arts/entity/actor/girl/lizhiyan/models/sk_actor_lizhiyan_01.fbx,,,,0,163931,main/b01a3cd57f13f16465d9369e.ab,,
chr_0032_lizhiyan,lizhiyan,Girl,model_asset,,assets/beyond/arts/entity/actor/girl/lizhiyan/models/sk_actor_lizhiyan_01.fbx,,,,0,163931,main/b01a3cd57f13f16465d9369e.ab,,
chr_0032_lizhiyan,lizhiyan,Girl,model_asset,,assets/beyond/arts/entity/actor/girl/lizhiyan/models/sk_actor_lizhiyan_01.fbx,,,,0,163931,main/b01a3cd57f13f16465d9369e.ab,,
chr_0032_lizhiyan,lizhiyan,Girl,model_asset,,assets/beyond/arts/entity/actor/girl/lizhiyan/models/sk_actor_lizhiyan_01.fbx,,,,0,163931,main/b01a3cd57f13f16465d9369e.ab,,
chr_0032_lizhiyan,lizhiyan,Girl,model_asset,,assets/beyond/arts/entity/actor/girl/lizhiyan/models/sk_actor_lizhiyan_01.fbx,,,,0,163931,main/b01a3cd57f13f16465d9369e.ab,,
chr_0032_lizhiyan,lizhiyan,Girl,model_asset,,assets/beyond/arts/entity/actor/girl/lizhiyan/models/sk_actor_lizhiyan_01.fbx,,,,0,163931,main/b01a3cd57f13f16465d9369e.ab,,
chr_0032_lizhiyan,lizhiyan,Girl,model_asset,,assets/beyond/arts/entity/actor/girl/lizhiyan/models/sk_actor_lizhiyan_01.fbx,,,,0,163931,main/b01a3cd57f13f16465d9369e.ab,,
chr_0032_lizhiyan,lizhiyan,Girl,model_asset,,assets/beyond/arts/entity/actor/girl/lizhiyan/models/sk_actor_lizhiyan_01.fbx,,,,0,163931,main/b01a3cd57f13f16465d9369e.ab,,
chr_0032_lizhiyan,lizhiyan,Girl,model_asset,,assets/beyond/arts/entity/actor/girl/lizhiyan/models/sk_actor_lizhiyan_01.fbx,,,,0,163931,main/b01a3cd57f13f16465d9369e.ab,,
chr_0032_lizhiyan,lizhiyan,Girl,model_asset,,assets/beyond/arts/entity/actor/girl/lizhiyan/models/sk_actor_lizhiyan_01.fbx,,,,0,163931,main/b01a3cd57f13f16465d9369e.ab,,
chr_0032_lizhiyan,lizhiyan,Girl,model_asset,,assets/beyond/arts/entity/actor/girl/lizhiyan/models/sk_actor_lizhiyan_01.fbx,,,,0,163931,main/b01a3cd57f13f16465d9369e.ab,,
chr_0032_lizhiyan,lizhiyan,Girl,model_asset,,assets/beyond/arts/entity/actor/girl/lizhiyan/models/sk_actor_lizhiyan_01.fbx,,,,0,163931,main/b01a3cd57f13f16465d9369e.ab,,
chr_0032_lizhiyan,lizhiyan,Girl,model_asset,,assets/beyond/arts/entity/actor/girl/lizhiyan/models/sk_actor_lizhiyan_01.fbx,,,,0,163931,main/b01a3cd57f13f16465d9369e.ab,,
chr_0032_lizhiyan,lizhiyan,Girl,model_asset,,assets/beyond/arts/entity/actor/girl/lizhiyan/models/sk_actor_lizhiyan_01.fbx,,,,0,163931,main/b01a3cd57f13f16465d9369e.ab,,
chr_0032_lizhiyan,lizhiyan,Girl,model_asset,,assets/beyond/arts/entity/actor/girl/lizhiyan/models/sk_actor_lizhiyan_01.fbx,,,,0,163931,main/b01a3cd57f13f16465d9369e.ab,,
chr_0032_lizhiyan,lizhiyan,Girl,model_asset,,assets/beyond/arts/entity/actor/girl/lizhiyan/models/sk_actor_lizhiyan_01.fbx,,,,0,163931,main/b01a3cd57f13f16465d9369e.ab,,
chr_0032_lizhiyan,lizhiyan,Girl,model_asset,,assets/beyond/arts/entity/actor/girl/lizhiyan/models/sk_actor_lizhiyan_01.fbx,,,,0,163931,main/b01a3cd57f13f16465d9369e.ab,,
chr_0032_lizhiyan,lizhiyan,Girl,model_asset,,assets/beyond/arts/entity/actor/girl/lizhiyan/models/sk_actor_lizhiyan_01.fbx,,,,0,163931,main/b01a3cd57f13f16465d9369e.ab,,
chr_0032_lizhiyan,lizhiyan,Girl,model_asset,,assets/beyond/arts/entity/actor/girl/lizhiyan/models/sk_actor_lizhiyan_01.fbx,,,,0,163931,main/b01a3cd57f13f16465d9369e.ab,,
chr_0032_lizhiyan,lizhiyan,Girl,model_asset,,assets/beyond/arts/entity/actor/girl/lizhiyan/models/sk_actor_lizhiyan_01.fbx,,,,0,163931,main/b01a3cd57f13f16465d9369e.ab,,
chr_0032_lizhiyan,lizhiyan,Girl,model_asset,,assets/beyond/arts/entity/actor/girl/lizhiyan/models/sk_actor_lizhiyan_01.fbx,,,,0,163931,main/b01a3cd57f13f16465d9369e.ab,,
chr_0032_lizhiyan,lizhiyan,Girl,model_asset,,assets/beyond/arts/entity/actor/girl/lizhiyan/models/sk_actor_lizhiyan_01.fbx,,,,0,163931,main/b01a3cd57f13f16465d9369e.ab,,
chr_0032_lizhiyan,lizhiyan,Girl,model_asset,,assets/beyond/arts/entity/actor/girl/lizhiyan/models/sk_actor_lizhiyan_01.fbx,,,,0,163931,main/b01a3cd57f13f16465d9369e.ab,,
chr_0032_lizhiyan,lizhiyan,Girl,model_asset,,assets/beyond/arts/entity/actor/girl/lizhiyan/models/sk_actor_lizhiyan_01.fbx,,,,0,163931,main/b01a3cd57f13f16465d9369e.ab,,
chr_0032_lizhiyan,lizhiyan,Girl,model_asset,,assets/beyond/arts/entity/actor/girl/lizhiyan/models/sk_actor_lizhiyan_01.fbx,,,,0,163931,main/b01a3cd57f13f16465d9369e.ab,,
chr_0032_lizhiyan,lizhiyan,Girl,model_asset,,assets/beyond/arts/entity/actor/girl/lizhiyan/models/sk_actor_lizhiyan_01.fbx,,,,0,163931,main/b01a3cd57f13f16465d9369e.ab,,
chr_0032_lizhiyan,lizhiyan,Girl,model_asset,,assets/beyond/arts/entity/actor/girl/lizhiyan/models/sk_actor_lizhiyan_01.fbx,,,,0,163931,main/b01a3cd57f13f16465d9369e.ab,,
chr_0032_lizhiyan,lizhiyan,Girl,model_asset,,assets/beyond/arts/entity/actor/girl/lizhiyan/models/sk_actor_lizhiyan_01.fbx,,,,0,163931,main/b01a3cd57f13f16465d9369e.ab,,
chr_0032_lizhiyan,lizhiyan,Girl,model_asset,,assets/beyond/arts/entity/actor/girl/lizhiyan/models/sk_actor_lizhiyan_01.fbx,,,,0,163931,main/b01a3cd57f13f16465d9369e.ab,,
chr_0032_lizhiyan,lizhiyan,Girl,model_asset,,assets/beyond/arts/entity/actor/girl/lizhiyan/models/sk_actor_lizhiyan_01.fbx,,,,0,163931,main/b01a3cd57f13f16465d9369e.ab,,
chr_0032_lizhiyan,lizhiyan,Girl,model_asset,,assets/beyond/arts/entity/actor/girl/lizhiyan/models/sk_actor_lizhiyan_01.fbx,,,,0,163931,main/b01a3cd57f13f16465d9369e.ab,,
chr_0032_lizhiyan,lizhiyan,Girl,model_asset,,assets/beyond/arts/entity/actor/girl/lizhiyan/models/sk_actor_lizhiyan_01.fbx,,,,0,163931,main/b01a3cd57f13f16465d9369e.ab,,
chr_0032_lizhiyan,lizhiyan,Girl,model_asset,,assets/beyond/arts/entity/actor/girl/lizhiyan/models/sk_actor_lizhiyan_01.fbx,,,,0,163931,main/b01a3cd57f13f16465d9369e.ab,,
chr_0032_lizhiyan,lizhiyan,Girl,model_asset,,assets/beyond/arts/entity/actor/girl/lizhiyan/models/sk_actor_lizhiyan_01.fbx,,,,0,163931,main/b01a3cd57f13f16465d9369e.ab,,
chr_0032_lizhiyan,lizhiyan,Girl,model_asset,,assets/beyond/arts/entity/actor/girl/lizhiyan/models/sk_actor_lizhiyan_01.fbx,,,,0,163931,main/b01a3cd57f13f16465d9369e.ab,,
chr_0032_lizhiyan,lizhiyan,Girl,model_asset,,assets/beyond/arts/entity/actor/girl/lizhiyan/models/sk_actor_lizhiyan_01.fbx,,,,0,163931,main/b01a3cd57f13f16465d9369e.ab,,
chr_0032_lizhiyan,lizhiyan,Girl,model_asset,,assets/beyond/arts/entity/actor/girl/lizhiyan/models/sk_actor_lizhiyan_01.fbx,,,,0,163931,main/b01a3cd57f13f16465d9369e.ab,,
chr_0032_lizhiyan,lizhiyan,Girl,model_asset,,assets/beyond/arts/entity/actor/girl/lizhiyan/models/sk_actor_lizhiyan_01.fbx,,,,0,163931,main/b01a3cd57f13f16465d9369e.ab,,
chr_0032_lizhiyan,lizhiyan,Girl,model_asset,,assets/beyond/arts/entity/actor/girl/lizhiyan/models/sk_actor_lizhiyan_01.fbx,,,,0,163931,main/b01a3cd57f13f16465d9369e.ab,,
chr_0032_lizhiyan,lizhiyan,Girl,model_asset,,assets/beyond/arts/entity/actor/girl/lizhiyan/models/sk_actor_lizhiyan_01.fbx,,,,0,163931,main/b01a3cd57f13f16465d9369e.ab,,
chr_0032_lizhiyan,lizhiyan,Girl,model_asset,,assets/beyond/arts/entity/actor/girl/lizhiyan/models/sk_actor_lizhiyan_01.fbx,,,,0,163931,main/b01a3cd57f13f16465d9369e.ab,,
chr_0032_lizhiyan,lizhiyan,Girl,model_asset,,assets/beyond/arts/entity/actor/girl/lizhiyan/models/sk_actor_lizhiyan_01.fbx,,,,0,163931,main/b01a3cd57f13f16465d9369e.ab,,
chr_0032_lizhiyan,lizhiyan,Girl,model_asset,,assets/beyond/arts/entity/actor/girl/lizhiyan/models/sk_actor_lizhiyan_01.fbx,,,,0,163931,main/b01a3cd57f13f16465d9369e.ab,,
chr_0032_lizhiyan,lizhiyan,Girl,model_asset,,assets/beyond/arts/entity/actor/girl/lizhiyan/models/sk_actor_lizhiyan_01.fbx,,,,0,163931,main/b01a3cd57f13f16465d9369e.ab,,
chr_0032_lizhiyan,lizhiyan,Girl,model_asset,,assets/beyond/arts/entity/actor/girl/lizhiyan/models/sk_actor_lizhiyan_01.fbx,,,,0,163931,main/b01a3cd57f13f16465d9369e.ab,,
chr_0032_lizhiyan,lizhiyan,Girl,model_asset,,assets/beyond/arts/entity/actor/girl/lizhiyan/models/sk_actor_lizhiyan_01.fbx,,,,0,163931,main/b01a3cd57f13f16465d9369e.ab,,
chr_0032_lizhiyan,lizhiyan,Girl,model_asset,,assets/beyond/arts/entity/actor/girl/lizhiyan/models/sk_actor_lizhiyan_01.fbx,,,,0,163931,main/b01a3cd57f13f16465d9369e.ab,,
chr_0032_lizhiyan,lizhiyan,Girl,model_asset,,assets/beyond/arts/entity/actor/girl/lizhiyan/models/sk_actor_lizhiyan_01.fbx,,,,0,163931,main/b01a3cd57f13f16465d9369e.ab,,
chr_0032_lizhiyan,lizhiyan,Girl,model_asset,,assets/beyond/arts/entity/actor/girl/lizhiyan/models/sk_actor_lizhiyan_01.fbx,,,,0,163931,main/b01a3cd57f13f16465d9369e.ab,,
chr_0032_lizhiyan,lizhiyan,Girl,model_asset,,assets/beyond/arts/entity/actor/girl/lizhiyan/models/sk_actor_lizhiyan_01.fbx,,,,0,163931,main/b01a3cd57f13f16465d9369e.ab,,
chr_0032_lizhiyan,lizhiyan,Girl,model_asset,,assets/beyond/arts/entity/actor/girl/lizhiyan/models/sk_actor_lizhiyan_01.fbx##s_actor_lizhiyan_body_01_lod0,,,,119814,163931,main/b01a3cd57f13f16465d9369e.ab,,
chr_0032_lizhiyan,lizhiyan,Girl,model_asset,,assets/beyond/arts/entity/actor/girl/lizhiyan/models/sk_actor_lizhiyan_01.fbx##s_actor_lizhiyan_body_01_lod1,,,,86794,163931,main/b01a3cd57f13f16465d9369e.ab,,
chr_0032_lizhiyan,lizhiyan,Girl,model_asset,,assets/beyond/arts/entity/actor/girl/lizhiyan/models/sk_actor_lizhiyan_01.fbx##s_actor_lizhiyan_body_01_lod2,,,,53022,163931,main/b01a3cd57f13f16465d9369e.ab,,
chr_0032_lizhiyan,lizhiyan,Girl,model_asset,,assets/beyond/arts/entity/actor/girl/lizhiyan/models/sk_actor_lizhiyan_01.fbx##s_actor_lizhiyan_body_01_lod3,,,,29814,163931,main/b01a3cd57f13f16465d9369e.ab,,
chr_0032_lizhiyan,lizhiyan,Girl,model_asset,,assets/beyond/arts/entity/actor/girl/lizhiyan/models/sk_actor_lizhiyan_01.fbx##s_actor_lizhiyan_cloth_01_lod0,,,,2915311,163931,main/b01a3cd57f13f16465d9369e.ab,,
chr_0032_lizhiyan,lizhiyan,Girl,model_asset,,assets/beyond/arts/entity/actor/girl/lizhiyan/models/sk_actor_lizhiyan_01.fbx##s_actor_lizhiyan_cloth_01_lod1,,,,1577607,163931,main/b01a3cd57f13f16465d9369e.ab,,
chr_0032_lizhiyan,lizhiyan,Girl,model_asset,,assets/beyond/arts/entity/actor/girl/lizhiyan/models/sk_actor_lizhiyan_01.fbx##s_actor_lizhiyan_cloth_01_lod2,,,,803223,163931,main/b01a3cd57f13f16465d9369e.ab,,
chr_0032_lizhiyan,lizhiyan,Girl,model_asset,,assets/beyond/arts/entity/actor/girl/lizhiyan/models/sk_actor_lizhiyan_01.fbx##s_actor_lizhiyan_cloth_01_lod3,,,,330823,163931,main/b01a3cd57f13f16465d9369e.ab,,
chr_0032_lizhiyan,lizhiyan,Girl,model_asset,,assets/beyond/arts/entity/actor/girl/lizhiyan/models/sk_actor_lizhiyan_01.fbx##s_actor_lizhiyan_cloth_02_lod0,,,,3147079,163931,main/b01a3cd57f13f16465d9369e.ab,,
chr_0032_lizhiyan,lizhiyan,Girl,model_asset,,assets/beyond/arts/entity/actor/girl/lizhiyan/models/sk_actor_lizhiyan_01.fbx##s_actor_lizhiyan_cloth_02_lod1,,,,1571323,163931,main/b01a3cd57f13f16465d9369e.ab,,
chr_0032_lizhiyan,lizhiyan,Girl,model_asset,,assets/beyond/arts/entity/actor/girl/lizhiyan/models/sk_actor_lizhiyan_01.fbx##s_actor_lizhiyan_cloth_02_lod2,,,,867739,163931,main/b01a3cd57f13f16465d9369e.ab,,
chr_0032_lizhiyan,lizhiyan,Girl,model_asset,,assets/beyond/arts/entity/actor/girl/lizhiyan/models/sk_actor_lizhiyan_01.fbx##s_actor_lizhiyan_cloth_02_lod3,,,,315487,163931,main/b01a3cd57f13f16465d9369e.ab,,
chr_0032_lizhiyan,lizhiyan,Girl,model_asset,,assets/beyond/arts/entity/actor/girl/lizhiyan/models/sk_actor_lizhiyan_01.fbx##s_actor_lizhiyan_cloth_03_lod0,,,,196811,163931,main/b01a3cd57f13f16465d9369e.ab,,
chr_0032_lizhiyan,lizhiyan,Girl,model_asset,,assets/beyond/arts/entity/actor/girl/lizhiyan/models/sk_actor_lizhiyan_01.fbx##s_actor_lizhiyan_cloth_03_lod1,,,,97711,163931,main/b01a3cd57f13f16465d9369e.ab,,
chr_0032_lizhiyan,lizhiyan,Girl,model_asset,,assets/beyond/arts/entity/actor/girl/lizhiyan/models/sk_actor_lizhiyan_01.fbx##s_actor_lizhiyan_cloth_03_lod2,,,,69907,163931,main/b01a3cd57f13f16465d9369e.ab,,
chr_0032_lizhiyan,lizhiyan,Girl,model_asset,,assets/beyond/arts/entity/actor/girl/lizhiyan/models/sk_actor_lizhiyan_01.fbx##s_actor_lizhiyan_cloth_03_lod3,,,,34983,163931,main/b01a3cd57f13f16465d9369e.ab,,
chr_0032_lizhiyan,lizhiyan,Girl,model_asset,,assets/beyond/arts/entity/actor/girl/lizhiyan/models/sk_actor_lizhiyan_01.fbx##s_actor_lizhiyan_cloth_04_lod0,,,,17219,163931,main/b01a3cd57f13f16465d9369e.ab,,
chr_0032_lizhiyan,lizhiyan,Girl,model_asset,,assets/beyond/arts/entity/actor/girl/lizhiyan/models/sk_actor_lizhiyan_01.fbx##s_actor_lizhiyan_cloth_04_lod1,,,,14435,163931,main/b01a3cd57f13f16465d9369e.ab,,
chr_0032_lizhiyan,lizhiyan,Girl,model_asset,,assets/beyond/arts/entity/actor/girl/lizhiyan/models/sk_actor_lizhiyan_01.fbx##s_actor_lizhiyan_cloth_04_lod2,,,,14435,163931,main/b01a3cd57f13f16465d9369e.ab,,
chr_0032_lizhiyan,lizhiyan,Girl,model_asset,,assets/beyond/arts/entity/actor/girl/lizhiyan/models/sk_actor_lizhiyan_01.fbx##s_actor_lizhiyan_cloth_05_lod0,,,,466491,163931,main/b01a3cd57f13f16465d9369e.ab,,
chr_0032_lizhiyan,lizhiyan,Girl,model_asset,,assets/beyond/arts/entity/actor/girl/lizhiyan/models/sk_actor_lizhiyan_01.fbx##s_actor_lizhiyan_cloth_05_lod1,,,,223511,163931,main/b01a3cd57f13f16465d9369e.ab,,
chr_0032_lizhiyan,lizhiyan,Girl,model_asset,,assets/beyond/arts/entity/actor/girl/lizhiyan/models/sk_actor_lizhiyan_01.fbx##s_actor_lizhiyan_cloth_05_lod2,,,,122875,163931,main/b01a3cd57f13f16465d9369e.ab,,
chr_0032_lizhiyan,lizhiyan,Girl,model_asset,,assets/beyond/arts/entity/actor/girl/lizhiyan/models/sk_actor_lizhiyan_01.fbx##s_actor_lizhiyan_cloth_05_lod3,,,,40915,163931,main/b01a3cd57f13f16465d9369e.ab,,
chr_0032_lizhiyan,lizhiyan,Girl,model_asset,,assets/beyond/arts/entity/actor/girl/lizhiyan/models/sk_actor_lizhiyan_01.fbx##s_actor_lizhiyan_cloth_06_lod0,,,,12091,163931,main/b01a3cd57f13f16465d9369e.ab,,
chr_0032_lizhiyan,lizhiyan,Girl,model_asset,,assets/beyond/arts/entity/actor/girl/lizhiyan/models/sk_actor_lizhiyan_01.fbx##s_actor_lizhiyan_cloth_06_lod1,,,,5067,163931,main/b01a3cd57f13f16465d9369e.ab,,
chr_0032_lizhiyan,lizhiyan,Girl,model_asset,,assets/beyond/arts/entity/actor/girl/lizhiyan/models/sk_actor_lizhiyan_01.fbx##s_actor_lizhiyan_cloth_06_lod2,,,,4059,163931,main/b01a3cd57f13f16465d9369e.ab,,
chr_0032_lizhiyan,lizhiyan,Girl,model_asset,,assets/beyond/arts/entity/actor/girl/lizhiyan/models/sk_actor_lizhiyan_01.fbx##s_actor_lizhiyan_eyebrow_01_lod0,,,,117121,163931,main/b01a3cd57f13f16465d9369e.ab,,
chr_0032_lizhiyan,lizhiyan,Girl,model_asset,,assets/beyond/arts/entity/actor/girl/lizhiyan/models/sk_actor_lizhiyan_01.fbx##s_actor_lizhiyan_eyebrow_01_lod1,,,,117121,163931,main/b01a3cd57f13f16465d9369e.ab,,
chr_0032_lizhiyan,lizhiyan,Girl,model_asset,,assets/beyond/arts/entity/actor/girl/lizhiyan/models/sk_actor_lizhiyan_01.fbx##s_actor_lizhiyan_eyebrow_01_lod2,,,,24949,163931,main/b01a3cd57f13f16465d9369e.ab,,
chr_0032_lizhiyan,lizhiyan,Girl,model_asset,,assets/beyond/arts/entity/actor/girl/lizhiyan/models/sk_actor_lizhiyan_01.fbx##s_actor_lizhiyan_eyebrow_01_lod3,,,,12869,163931,main/b01a3cd57f13f16465d9369e.ab,,
chr_0032_lizhiyan,lizhiyan,Girl,model_asset,,assets/beyond/arts/entity/actor/girl/lizhiyan/models/sk_actor_lizhiyan_01.fbx##s_actor_lizhiyan_eyeshadow_01_lod0,,,,7771,163931,main/b01a3cd57f13f16465d9369e.ab,,
chr_0032_lizhiyan,lizhiyan,Girl,model_asset,,assets/beyond/arts/entity/actor/girl/lizhiyan/models/sk_actor_lizhiyan_01.fbx##s_actor_lizhiyan_eyeshadow_01_lod1,,,,7771,163931,main/b01a3cd57f13f16465d9369e.ab,,
chr_0032_lizhiyan,lizhiyan,Girl,model_asset,,assets/beyond/arts/entity/actor/girl/lizhiyan/models/sk_actor_lizhiyan_01.fbx##s_actor_lizhiyan_face_01_lod0,,,,259614,163931,main/b01a3cd57f13f16465d9369e.ab,,
chr_0032_lizhiyan,lizhiyan,Girl,model_asset,,assets/beyond/arts/entity/actor/girl/lizhiyan/models/sk_actor_lizhiyan_01.fbx##s_actor_lizhiyan_face_01_lod1,,,,259614,163931,main/b01a3cd57f13f16465d9369e.ab,,
chr_0032_lizhiyan,lizhiyan,Girl,model_asset,,assets/beyond/arts/entity/actor/girl/lizhiyan/models/sk_actor_lizhiyan_01.fbx##s_actor_lizhiyan_face_01_lod2,,,,79526,163931,main/b01a3cd57f13f16465d9369e.ab,,
chr_0032_lizhiyan,lizhiyan,Girl,model_asset,,assets/beyond/arts/entity/actor/girl/lizhiyan/models/sk_actor_lizhiyan_01.fbx##s_actor_lizhiyan_face_01_lod3,,,,18998,163931,main/b01a3cd57f13f16465d9369e.ab,,
chr_0032_lizhiyan,lizhiyan,Girl,model_asset,,assets/beyond/arts/entity/actor/girl/lizhiyan/models/sk_actor_lizhiyan_01.fbx##s_actor_lizhiyan_hair_01_lod0,,,,2686662,163931,main/b01a3cd57f13f16465d9369e.ab,,
chr_0032_lizhiyan,lizhiyan,Girl,model_asset,,assets/beyond/arts/entity/actor/girl/lizhiyan/models/sk_actor_lizhiyan_01.fbx##s_actor_lizhiyan_hair_01_lod1,,,,1353434,163931,main/b01a3cd57f13f16465d9369e.ab,,
chr_0032_lizhiyan,lizhiyan,Girl,model_asset,,assets/beyond/arts/entity/actor/girl/lizhiyan/models/sk_actor_lizhiyan_01.fbx##s_actor_lizhiyan_hair_01_lod2,,,,846058,163931,main/b01a3cd57f13f16465d9369e.ab,,
chr_0032_lizhiyan,lizhiyan,Girl,model_asset,,assets/beyond/arts/entity/actor/girl/lizhiyan/models/sk_actor_lizhiyan_01.fbx##s_actor_lizhiyan_hair_01_lod3,,,,407338,163931,main/b01a3cd57f13f16465d9369e.ab,,
chr_0032_lizhiyan,lizhiyan,Girl,model_asset,,assets/beyond/arts/entity/actor/girl/lizhiyan/models/sk_actor_lizhiyan_01.fbx##s_actor_lizhiyan_hairshadow_01_lod0,,,,40616,163931,main/b01a3cd57f13f16465d9369e.ab,,
chr_0032_lizhiyan,lizhiyan,Girl,model_asset,,assets/beyond/arts/entity/actor/girl/lizhiyan/models/sk_actor_lizhiyan_01.fbx##s_actor_lizhiyan_hairshadow_01_lod1,,,,34364,163931,main/b01a3cd57f13f16465d9369e.ab,,
chr_0032_lizhiyan,lizhiyan,Girl,model_asset,,assets/beyond/arts/entity/actor/girl/lizhiyan/models/sk_actor_lizhiyan_01.fbx##s_actor_lizhiyan_iris_01_lod0,,,,19750,163931,main/b01a3cd57f13f16465d9369e.ab,,
chr_0032_lizhiyan,lizhiyan,Girl,model_asset,,assets/beyond/arts/entity/actor/girl/lizhiyan/models/sk_actor_lizhiyan_01.fbx##s_actor_lizhiyan_iris_01_lod1,,,,19750,163931,main/b01a3cd57f13f16465d9369e.ab,,
chr_0032_lizhiyan,lizhiyan,Girl,model_asset,,assets/beyond/arts/entity/actor/girl/lizhiyan/models/sk_actor_lizhiyan_01.fbx##s_actor_lizhiyan_iris_01_lod2,,,,7002,163931,main/b01a3cd57f13f16465d9369e.ab,,
chr_0032_lizhiyan,lizhiyan,Girl,model_asset,,assets/beyond/arts/entity/actor/girl/lizhiyan/models/sk_actor_lizhiyan_01.fbx##s_actor_lizhiyan_iris_01_lod3,,,,4322,163931,main/b01a3cd57f13f16465d9369e.ab,,
chr_0032_lizhiyan,lizhiyan,Girl,model_asset,,assets/beyond/arts/entity/actor/girl/lizhiyan/models/sk_actor_lizhiyan_01.fbx##s_actor_lizhiyan_vfxpart_01_lod0,,,,37829,163931,main/b01a3cd57f13f16465d9369e.ab,,
chr_0032_lizhiyan,lizhiyan,Girl,model_asset,,assets/beyond/arts/entity/actor/girl/lizhiyan/models/sk_actor_lizhiyan_01.fbx##s_actor_lizhiyan_vfxpart_01_lod1,,,,22537,163931,main/b01a3cd57f13f16465d9369e.ab,,
chr_0032_lizhiyan,lizhiyan,Girl,model_asset,,assets/beyond/arts/entity/actor/girl/lizhiyan/models/sk_actor_lizhiyan_01.fbx##s_actor_lizhiyan_vfxpart_01_lod2,,,,15505,163931,main/b01a3cd57f13f16465d9369e.ab,,
chr_0032_lizhiyan,lizhiyan,Girl,model_asset,,assets/beyond/arts/entity/actor/girl/lizhiyan/models/sk_actor_lizhiyan_01.fbx##s_actor_lizhiyan_vfxpart_01_lod3,,,,15437,163931,main/b01a3cd57f13f16465d9369e.ab,,
chr_0032_lizhiyan,lizhiyan,Girl,model_asset,,assets/beyond/arts/entity/actor/girl/lizhiyan/models/sk_actor_lizhiyan_01.fbx##s_actor_lizhiyan_vfxpart_02_lod0,,,,34845,163931,main/b01a3cd57f13f16465d9369e.ab,,
chr_0032_lizhiyan,lizhiyan,Girl,model_asset,,assets/beyond/arts/entity/actor/girl/lizhiyan/models/sk_actor_lizhiyan_01.fbx##s_actor_lizhiyan_vfxpart_02_lod1,,,,23949,163931,main/b01a3cd57f13f16465d9369e.ab,,
chr_0032_lizhiyan,lizhiyan,Girl,model_asset,,assets/beyond/arts/entity/actor/girl/lizhiyan/models/sk_actor_lizhiyan_01.fbx##s_actor_lizhiyan_vfxpart_02_lod2,,,,17085,163931,main/b01a3cd57f13f16465d9369e.ab,,
chr_0032_lizhiyan,lizhiyan,Girl,model_asset,,assets/beyond/arts/entity/actor/girl/lizhiyan/models/sk_actor_lizhiyan_01.fbx##s_actor_lizhiyan_vfxpart_02_lod3,,,,16745,163931,main/b01a3cd57f13f16465d9369e.ab,,
chr_0032_lizhiyan,lizhiyan,Girl,model_asset,,assets/beyond/arts/entity/actor/girl/lizhiyan/models/sk_actor_lizhiyan_01.fbx##s_actor_lizhiyan_vfxpart_03_lod0,,,,33265,163931,main/b01a3cd57f13f16465d9369e.ab,,
chr_0032_lizhiyan,lizhiyan,Girl,model_asset,,assets/beyond/arts/entity/actor/girl/lizhiyan/models/sk_actor_lizhiyan_01.fbx##s_actor_lizhiyan_vfxpart_03_lod1,,,,21637,163931,main/b01a3cd57f13f16465d9369e.ab,,
chr_0032_lizhiyan,lizhiyan,Girl,model_asset,,assets/beyond/arts/entity/actor/girl/lizhiyan/models/sk_actor_lizhiyan_01.fbx##s_actor_lizhiyan_vfxpart_03_lod2,,,,17773,163931,main/b01a3cd57f13f16465d9369e.ab,,
chr_0032_lizhiyan,lizhiyan,Girl,model_asset,,assets/beyond/arts/entity/actor/girl/lizhiyan/models/sk_actor_lizhiyan_01.fbx##s_actor_lizhiyan_vfxpart_03_lod3,,,,17229,163931,main/b01a3cd57f13f16465d9369e.ab,,
chr_0032_lizhiyan,lizhiyan,Girl,model_asset,,assets/beyond/arts/entity/actor/girl/lizhiyan/models/sk_actor_lizhiyan_01.fbx##s_actor_lizhiyan_vfxpart_04_lod0,,,,46505,163931,main/b01a3cd57f13f16465d9369e.ab,,
chr_0032_lizhiyan,lizhiyan,Girl,model_asset,,assets/beyond/arts/entity/actor/girl/lizhiyan/models/sk_actor_lizhiyan_01.fbx##s_actor_lizhiyan_vfxpart_04_lod1,,,,41485,163931,main/b01a3cd57f13f16465d9369e.ab,,
chr_0032_lizhiyan,lizhiyan,Girl,model_asset,,assets/beyond/arts/entity/actor/girl/lizhiyan/models/sk_actor_lizhiyan_01.fbx##s_actor_lizhiyan_vfxpart_04_lod2,,,,32029,163931,main/b01a3cd57f13f16465d9369e.ab,,
chr_0032_lizhiyan,lizhiyan,Girl,model_asset,,assets/beyond/arts/entity/actor/girl/lizhiyan/models/sk_actor_lizhiyan_01.fbx##s_actor_lizhiyan_vfxpart_04_lod3,,,,31961,163931,main/b01a3cd57f13f16465d9369e.ab,,
chr_0032_lizhiyan,lizhiyan,Girl,model_asset,,assets/beyond/arts/entity/actor/girl/lizhiyan/models/sk_actor_lizhiyan_01.fbx##s_actor_lizhiyan_vfxpart_05_lod0,,,,82013,163931,main/b01a3cd57f13f16465d9369e.ab,,
chr_0032_lizhiyan,lizhiyan,Girl,model_asset,,assets/beyond/arts/entity/actor/girl/lizhiyan/models/sk_actor_lizhiyan_01.fbx##s_actor_lizhiyan_vfxpart_05_lod1,,,,79133,163931,main/b01a3cd57f13f16465d9369e.ab,,
chr_0032_lizhiyan,lizhiyan,Girl,model_asset,,assets/beyond/arts/entity/actor/girl/lizhiyan/models/sk_actor_lizhiyan_01.fbx##s_actor_lizhiyan_vfxpart_05_lod2,,,,86045,163931,main/b01a3cd57f13f16465d9369e.ab,,
chr_0032_lizhiyan,lizhiyan,Girl,model_asset,,assets/beyond/arts/entity/actor/girl/lizhiyan/models/sk_actor_lizhiyan_01.fbx##s_actor_lizhiyan_vfxpart_05_lod3,,,,86045,163931,main/b01a3cd57f13f16465d9369e.ab,,
chr_0032_lizhiyan,lizhiyan,Girl,model_asset,,assets/beyond/arts/entity/actor/girl/lizhiyan/models/sk_actor_lizhiyan_01.fbx##sk_actor_lizhiyan_01avatar,,,,259615,163931,main/b01a3cd57f13f16465d9369e.ab,,
chr_0033_camille,camille,Boy,postmodel,chr_0033_camille_postmodel,assets/beyond/dynamicassets/gameplay/actors/postmodels/characters/chr_0033_camille_postmodel.prefab,assets/beyond/dynamicassets/gameplay/actors/postmodels/characters/chr_0033_camille_postmodel.prefab,490840137250548875,0x06CFD0811652AC8B,568,140342,main/969204856889c5e3a941c3c6.ab,463197672562792991,0x066D9BD43DE49A1F
chr_0033_camille,camille,Boy,model_asset,,assets/beyond/arts/entity/actor/boy/camille/models/s_actor_camille_body_01_lod0.asset,,,,46809,229365,main/f6c7aa7113df1e5c1ea637e7.ab,,
chr_0033_camille,camille,Boy,model_asset,,assets/beyond/arts/entity/actor/boy/camille/models/s_actor_camille_cloth_01_lod0.asset,,,,2994966,59408,main/3f2b6c493432e60813e0c782.ab,,
chr_0033_camille,camille,Boy,model_asset,,assets/beyond/arts/entity/actor/boy/camille/models/s_actor_camille_cloth_02_lod0.asset,,,,490486,199364,main/d65b4e7de69bbeca5887016c.ab,,
chr_0033_camille,camille,Boy,model_asset,,assets/beyond/arts/entity/actor/boy/camille/models/s_actor_camille_cloth_03_lod0.asset,,,,2083846,198975,main/d5f74625160733783dc8e7cf.ab,,
chr_0033_camille,camille,Boy,model_asset,,assets/beyond/arts/entity/actor/boy/camille/models/s_actor_camille_cloth_04_lod0.asset,,,,232094,103379,main/6ecb8f887cc31571efd3c200.ab,,
chr_0033_camille,camille,Boy,model_asset,,assets/beyond/arts/entity/actor/boy/camille/models/s_actor_camille_cloth_05_lod0.asset,,,,959602,122476,main/833df0aa04900b71fa452e21.ab,,
chr_0033_camille,camille,Boy,model_asset,,assets/beyond/arts/entity/actor/boy/camille/models/s_actor_camille_cloth_06_lod0.asset,,,,71722,210846,main/e2d51a17addd4c5203e4b70e.ab,,
chr_0033_camille,camille,Boy,model_asset,,assets/beyond/arts/entity/actor/boy/camille/models/s_actor_camille_cloth_07_lod0.asset,,,,14306,63276,main/433c46dfd6fb91ecea798676.ab,,
chr_0033_camille,camille,Boy,model_asset,,assets/beyond/arts/entity/actor/boy/camille/models/s_actor_camille_face_01_lod0.asset,,,,354349,6881,main/065123c745d1286d6483f1d3.ab,,
chr_0033_camille,camille,Boy,model_asset,,assets/beyond/arts/entity/actor/boy/camille/models/s_actor_camille_hair_01_lod0.asset,,,,2146357,194442,main/d10a04df6ec6c626cb0b7fca.ab,,
chr_0033_camille,camille,Boy,model_asset,,assets/beyond/arts/entity/actor/boy/camille/models/sk_actor_camille_01.fbx,,,,0,20491,main/1512bf302d4f4cb00fff5d55.ab,,
chr_0033_camille,camille,Boy,model_asset,,assets/beyond/arts/entity/actor/boy/camille/models/sk_actor_camille_01.fbx,,,,0,20491,main/1512bf302d4f4cb00fff5d55.ab,,
chr_0033_camille,camille,Boy,model_asset,,assets/beyond/arts/entity/actor/boy/camille/models/sk_actor_camille_01.fbx,,,,0,20491,main/1512bf302d4f4cb00fff5d55.ab,,
chr_0033_camille,camille,Boy,model_asset,,assets/beyond/arts/entity/actor/boy/camille/models/sk_actor_camille_01.fbx,,,,0,20491,main/1512bf302d4f4cb00fff5d55.ab,,
chr_0033_camille,camille,Boy,model_asset,,assets/beyond/arts/entity/actor/boy/camille/models/sk_actor_camille_01.fbx,,,,0,20491,main/1512bf302d4f4cb00fff5d55.ab,,
chr_0033_camille,camille,Boy,model_asset,,assets/beyond/arts/entity/actor/boy/camille/models/sk_actor_camille_01.fbx,,,,0,20491,main/1512bf302d4f4cb00fff5d55.ab,,
chr_0033_camille,camille,Boy,model_asset,,assets/beyond/arts/entity/actor/boy/camille/models/sk_actor_camille_01.fbx,,,,0,20491,main/1512bf302d4f4cb00fff5d55.ab,,
chr_0033_camille,camille,Boy,model_asset,,assets/beyond/arts/entity/actor/boy/camille/models/sk_actor_camille_01.fbx,,,,0,20491,main/1512bf302d4f4cb00fff5d55.ab,,
chr_0033_camille,camille,Boy,model_asset,,assets/beyond/arts/entity/actor/boy/camille/models/sk_actor_camille_01.fbx,,,,0,20491,main/1512bf302d4f4cb00fff5d55.ab,,
chr_0033_camille,camille,Boy,model_asset,,assets/beyond/arts/entity/actor/boy/camille/models/sk_actor_camille_01.fbx,,,,0,20491,main/1512bf302d4f4cb00fff5d55.ab,,
chr_0033_camille,camille,Boy,model_asset,,assets/beyond/arts/entity/actor/boy/camille/models/sk_actor_camille_01.fbx,,,,0,20491,main/1512bf302d4f4cb00fff5d55.ab,,
chr_0033_camille,camille,Boy,model_asset,,assets/beyond/arts/entity/actor/boy/camille/models/sk_actor_camille_01.fbx,,,,0,20491,main/1512bf302d4f4cb00fff5d55.ab,,
chr_0033_camille,camille,Boy,model_asset,,assets/beyond/arts/entity/actor/boy/camille/models/sk_actor_camille_01.fbx,,,,0,20491,main/1512bf302d4f4cb00fff5d55.ab,,
chr_0033_camille,camille,Boy,model_asset,,assets/beyond/arts/entity/actor/boy/camille/models/sk_actor_camille_01.fbx,,,,0,20491,main/1512bf302d4f4cb00fff5d55.ab,,
chr_0033_camille,camille,Boy,model_asset,,assets/beyond/arts/entity/actor/boy/camille/models/sk_actor_camille_01.fbx,,,,0,20491,main/1512bf302d4f4cb00fff5d55.ab,,
chr_0033_camille,camille,Boy,model_asset,,assets/beyond/arts/entity/actor/boy/camille/models/sk_actor_camille_01.fbx,,,,0,20491,main/1512bf302d4f4cb00fff5d55.ab,,
chr_0033_camille,camille,Boy,model_asset,,assets/beyond/arts/entity/actor/boy/camille/models/sk_actor_camille_01.fbx,,,,0,20491,main/1512bf302d4f4cb00fff5d55.ab,,
chr_0033_camille,camille,Boy,model_asset,,assets/beyond/arts/entity/actor/boy/camille/models/sk_actor_camille_01.fbx,,,,0,20491,main/1512bf302d4f4cb00fff5d55.ab,,
chr_0033_camille,camille,Boy,model_asset,,assets/beyond/arts/entity/actor/boy/camille/models/sk_actor_camille_01.fbx,,,,0,20491,main/1512bf302d4f4cb00fff5d55.ab,,
chr_0033_camille,camille,Boy,model_asset,,assets/beyond/arts/entity/actor/boy/camille/models/sk_actor_camille_01.fbx,,,,0,20491,main/1512bf302d4f4cb00fff5d55.ab,,
chr_0033_camille,camille,Boy,model_asset,,assets/beyond/arts/entity/actor/boy/camille/models/sk_actor_camille_01.fbx,,,,0,20491,main/1512bf302d4f4cb00fff5d55.ab,,
chr_0033_camille,camille,Boy,model_asset,,assets/beyond/arts/entity/actor/boy/camille/models/sk_actor_camille_01.fbx,,,,0,20491,main/1512bf302d4f4cb00fff5d55.ab,,
chr_0033_camille,camille,Boy,model_asset,,assets/beyond/arts/entity/actor/boy/camille/models/sk_actor_camille_01.fbx,,,,0,20491,main/1512bf302d4f4cb00fff5d55.ab,,
chr_0033_camille,camille,Boy,model_asset,,assets/beyond/arts/entity/actor/boy/camille/models/sk_actor_camille_01.fbx,,,,0,20491,main/1512bf302d4f4cb00fff5d55.ab,,
chr_0033_camille,camille,Boy,model_asset,,assets/beyond/arts/entity/actor/boy/camille/models/sk_actor_camille_01.fbx,,,,0,20491,main/1512bf302d4f4cb00fff5d55.ab,,
chr_0033_camille,camille,Boy,model_asset,,assets/beyond/arts/entity/actor/boy/camille/models/sk_actor_camille_01.fbx,,,,0,20491,main/1512bf302d4f4cb00fff5d55.ab,,
chr_0033_camille,camille,Boy,model_asset,,assets/beyond/arts/entity/actor/boy/camille/models/sk_actor_camille_01.fbx,,,,0,20491,main/1512bf302d4f4cb00fff5d55.ab,,
chr_0033_camille,camille,Boy,model_asset,,assets/beyond/arts/entity/actor/boy/camille/models/sk_actor_camille_01.fbx,,,,0,20491,main/1512bf302d4f4cb00fff5d55.ab,,
chr_0033_camille,camille,Boy,model_asset,,assets/beyond/arts/entity/actor/boy/camille/models/sk_actor_camille_01.fbx,,,,0,20491,main/1512bf302d4f4cb00fff5d55.ab,,
chr_0033_camille,camille,Boy,model_asset,,assets/beyond/arts/entity/actor/boy/camille/models/sk_actor_camille_01.fbx,,,,0,20491,main/1512bf302d4f4cb00fff5d55.ab,,
chr_0033_camille,camille,Boy,model_asset,,assets/beyond/arts/entity/actor/boy/camille/models/sk_actor_camille_01.fbx,,,,0,20491,main/1512bf302d4f4cb00fff5d55.ab,,
chr_0033_camille,camille,Boy,model_asset,,assets/beyond/arts/entity/actor/boy/camille/models/sk_actor_camille_01.fbx,,,,0,20491,main/1512bf302d4f4cb00fff5d55.ab,,
chr_0033_camille,camille,Boy,model_asset,,assets/beyond/arts/entity/actor/boy/camille/models/sk_actor_camille_01.fbx,,,,0,20491,main/1512bf302d4f4cb00fff5d55.ab,,
chr_0033_camille,camille,Boy,model_asset,,assets/beyond/arts/entity/actor/boy/camille/models/sk_actor_camille_01.fbx,,,,0,20491,main/1512bf302d4f4cb00fff5d55.ab,,
chr_0033_camille,camille,Boy,model_asset,,assets/beyond/arts/entity/actor/boy/camille/models/sk_actor_camille_01.fbx,,,,0,20491,main/1512bf302d4f4cb00fff5d55.ab,,
chr_0033_camille,camille,Boy,model_asset,,assets/beyond/arts/entity/actor/boy/camille/models/sk_actor_camille_01.fbx,,,,0,20491,main/1512bf302d4f4cb00fff5d55.ab,,
chr_0033_camille,camille,Boy,model_asset,,assets/beyond/arts/entity/actor/boy/camille/models/sk_actor_camille_01.fbx,,,,0,20491,main/1512bf302d4f4cb00fff5d55.ab,,
chr_0033_camille,camille,Boy,model_asset,,assets/beyond/arts/entity/actor/boy/camille/models/sk_actor_camille_01.fbx,,,,0,20491,main/1512bf302d4f4cb00fff5d55.ab,,
chr_0033_camille,camille,Boy,model_asset,,assets/beyond/arts/entity/actor/boy/camille/models/sk_actor_camille_01.fbx,,,,0,20491,main/1512bf302d4f4cb00fff5d55.ab,,
chr_0033_camille,camille,Boy,model_asset,,assets/beyond/arts/entity/actor/boy/camille/models/sk_actor_camille_01.fbx,,,,0,20491,main/1512bf302d4f4cb00fff5d55.ab,,
chr_0033_camille,camille,Boy,model_asset,,assets/beyond/arts/entity/actor/boy/camille/models/sk_actor_camille_01.fbx,,,,0,20491,main/1512bf302d4f4cb00fff5d55.ab,,
chr_0033_camille,camille,Boy,model_asset,,assets/beyond/arts/entity/actor/boy/camille/models/sk_actor_camille_01.fbx,,,,0,20491,main/1512bf302d4f4cb00fff5d55.ab,,
chr_0033_camille,camille,Boy,model_asset,,assets/beyond/arts/entity/actor/boy/camille/models/sk_actor_camille_01.fbx,,,,0,20491,main/1512bf302d4f4cb00fff5d55.ab,,
chr_0033_camille,camille,Boy,model_asset,,assets/beyond/arts/entity/actor/boy/camille/models/sk_actor_camille_01.fbx,,,,0,20491,main/1512bf302d4f4cb00fff5d55.ab,,
chr_0033_camille,camille,Boy,model_asset,,assets/beyond/arts/entity/actor/boy/camille/models/sk_actor_camille_01.fbx,,,,0,20491,main/1512bf302d4f4cb00fff5d55.ab,,
chr_0033_camille,camille,Boy,model_asset,,assets/beyond/arts/entity/actor/boy/camille/models/sk_actor_camille_01.fbx,,,,0,20491,main/1512bf302d4f4cb00fff5d55.ab,,
chr_0033_camille,camille,Boy,model_asset,,assets/beyond/arts/entity/actor/boy/camille/models/sk_actor_camille_01.fbx,,,,0,20491,main/1512bf302d4f4cb00fff5d55.ab,,
chr_0033_camille,camille,Boy,model_asset,,assets/beyond/arts/entity/actor/boy/camille/models/sk_actor_camille_01.fbx,,,,0,20491,main/1512bf302d4f4cb00fff5d55.ab,,
chr_0033_camille,camille,Boy,model_asset,,assets/beyond/arts/entity/actor/boy/camille/models/sk_actor_camille_01.fbx,,,,0,20491,main/1512bf302d4f4cb00fff5d55.ab,,
chr_0033_camille,camille,Boy,model_asset,,assets/beyond/arts/entity/actor/boy/camille/models/sk_actor_camille_01.fbx,,,,0,20491,main/1512bf302d4f4cb00fff5d55.ab,,
chr_0033_camille,camille,Boy,model_asset,,assets/beyond/arts/entity/actor/boy/camille/models/sk_actor_camille_01.fbx,,,,0,20491,main/1512bf302d4f4cb00fff5d55.ab,,
chr_0033_camille,camille,Boy,model_asset,,assets/beyond/arts/entity/actor/boy/camille/models/sk_actor_camille_01.fbx,,,,0,20491,main/1512bf302d4f4cb00fff5d55.ab,,
chr_0033_camille,camille,Boy,model_asset,,assets/beyond/arts/entity/actor/boy/camille/models/sk_actor_camille_01.fbx,,,,0,20491,main/1512bf302d4f4cb00fff5d55.ab,,
chr_0033_camille,camille,Boy,model_asset,,assets/beyond/arts/entity/actor/boy/camille/models/sk_actor_camille_01.fbx,,,,0,20491,main/1512bf302d4f4cb00fff5d55.ab,,
chr_0033_camille,camille,Boy,model_asset,,assets/beyond/arts/entity/actor/boy/camille/models/sk_actor_camille_01.fbx,,,,0,20491,main/1512bf302d4f4cb00fff5d55.ab,,
chr_0033_camille,camille,Boy,model_asset,,assets/beyond/arts/entity/actor/boy/camille/models/sk_actor_camille_01.fbx,,,,0,20491,main/1512bf302d4f4cb00fff5d55.ab,,
chr_0033_camille,camille,Boy,model_asset,,assets/beyond/arts/entity/actor/boy/camille/models/sk_actor_camille_01.fbx,,,,0,20491,main/1512bf302d4f4cb00fff5d55.ab,,
chr_0033_camille,camille,Boy,model_asset,,assets/beyond/arts/entity/actor/boy/camille/models/sk_actor_camille_01.fbx,,,,0,20491,main/1512bf302d4f4cb00fff5d55.ab,,
chr_0033_camille,camille,Boy,model_asset,,assets/beyond/arts/entity/actor/boy/camille/models/sk_actor_camille_01.fbx,,,,0,20491,main/1512bf302d4f4cb00fff5d55.ab,,
chr_0033_camille,camille,Boy,model_asset,,assets/beyond/arts/entity/actor/boy/camille/models/sk_actor_camille_01.fbx,,,,0,20491,main/1512bf302d4f4cb00fff5d55.ab,,
chr_0033_camille,camille,Boy,model_asset,,assets/beyond/arts/entity/actor/boy/camille/models/sk_actor_camille_01.fbx,,,,0,20491,main/1512bf302d4f4cb00fff5d55.ab,,
chr_0033_camille,camille,Boy,model_asset,,assets/beyond/arts/entity/actor/boy/camille/models/sk_actor_camille_01.fbx,,,,0,20491,main/1512bf302d4f4cb00fff5d55.ab,,
chr_0033_camille,camille,Boy,model_asset,,assets/beyond/arts/entity/actor/boy/camille/models/sk_actor_camille_01.fbx,,,,0,20491,main/1512bf302d4f4cb00fff5d55.ab,,
chr_0033_camille,camille,Boy,model_asset,,assets/beyond/arts/entity/actor/boy/camille/models/sk_actor_camille_01.fbx,,,,0,20491,main/1512bf302d4f4cb00fff5d55.ab,,
chr_0033_camille,camille,Boy,model_asset,,assets/beyond/arts/entity/actor/boy/camille/models/sk_actor_camille_01.fbx,,,,0,20491,main/1512bf302d4f4cb00fff5d55.ab,,
chr_0033_camille,camille,Boy,model_asset,,assets/beyond/arts/entity/actor/boy/camille/models/sk_actor_camille_01.fbx,,,,0,20491,main/1512bf302d4f4cb00fff5d55.ab,,
chr_0033_camille,camille,Boy,model_asset,,assets/beyond/arts/entity/actor/boy/camille/models/sk_actor_camille_01.fbx,,,,0,20491,main/1512bf302d4f4cb00fff5d55.ab,,
chr_0033_camille,camille,Boy,model_asset,,assets/beyond/arts/entity/actor/boy/camille/models/sk_actor_camille_01.fbx,,,,0,20491,main/1512bf302d4f4cb00fff5d55.ab,,
chr_0033_camille,camille,Boy,model_asset,,assets/beyond/arts/entity/actor/boy/camille/models/sk_actor_camille_01.fbx,,,,0,20491,main/1512bf302d4f4cb00fff5d55.ab,,
chr_0033_camille,camille,Boy,model_asset,,assets/beyond/arts/entity/actor/boy/camille/models/sk_actor_camille_01.fbx,,,,0,20491,main/1512bf302d4f4cb00fff5d55.ab,,
chr_0033_camille,camille,Boy,model_asset,,assets/beyond/arts/entity/actor/boy/camille/models/sk_actor_camille_01.fbx,,,,0,20491,main/1512bf302d4f4cb00fff5d55.ab,,
chr_0033_camille,camille,Boy,model_asset,,assets/beyond/arts/entity/actor/boy/camille/models/sk_actor_camille_01.fbx,,,,0,20491,main/1512bf302d4f4cb00fff5d55.ab,,
chr_0033_camille,camille,Boy,model_asset,,assets/beyond/arts/entity/actor/boy/camille/models/sk_actor_camille_01.fbx,,,,0,20491,main/1512bf302d4f4cb00fff5d55.ab,,
chr_0033_camille,camille,Boy,model_asset,,assets/beyond/arts/entity/actor/boy/camille/models/sk_actor_camille_01.fbx##s_actor_camille_body_01_lod0,,,,43177,20491,main/1512bf302d4f4cb00fff5d55.ab,,
chr_0033_camille,camille,Boy,model_asset,,assets/beyond/arts/entity/actor/boy/camille/models/sk_actor_camille_01.fbx##s_actor_camille_body_01_lod1,,,,29893,20491,main/1512bf302d4f4cb00fff5d55.ab,,
chr_0033_camille,camille,Boy,model_asset,,assets/beyond/arts/entity/actor/boy/camille/models/sk_actor_camille_01.fbx##s_actor_camille_body_01_lod2,,,,17897,20491,main/1512bf302d4f4cb00fff5d55.ab,,
chr_0033_camille,camille,Boy,model_asset,,assets/beyond/arts/entity/actor/boy/camille/models/sk_actor_camille_01.fbx##s_actor_camille_body_01_lod3,,,,13773,20491,main/1512bf302d4f4cb00fff5d55.ab,,
chr_0033_camille,camille,Boy,model_asset,,assets/beyond/arts/entity/actor/boy/camille/models/sk_actor_camille_01.fbx##s_actor_camille_brow_01_lod0,,,,84685,20491,main/1512bf302d4f4cb00fff5d55.ab,,
chr_0033_camille,camille,Boy,model_asset,,assets/beyond/arts/entity/actor/boy/camille/models/sk_actor_camille_01.fbx##s_actor_camille_brow_01_lod1,,,,84685,20491,main/1512bf302d4f4cb00fff5d55.ab,,
chr_0033_camille,camille,Boy,model_asset,,assets/beyond/arts/entity/actor/boy/camille/models/sk_actor_camille_01.fbx##s_actor_camille_brow_01_lod2,,,,37305,20491,main/1512bf302d4f4cb00fff5d55.ab,,
chr_0033_camille,camille,Boy,model_asset,,assets/beyond/arts/entity/actor/boy/camille/models/sk_actor_camille_01.fbx##s_actor_camille_brow_01_lod3,,,,9741,20491,main/1512bf302d4f4cb00fff5d55.ab,,
chr_0033_camille,camille,Boy,model_asset,,assets/beyond/arts/entity/actor/boy/camille/models/sk_actor_camille_01.fbx##s_actor_camille_cloth_01_lod0,,,,2742470,20491,main/1512bf302d4f4cb00fff5d55.ab,,
chr_0033_camille,camille,Boy,model_asset,,assets/beyond/arts/entity/actor/boy/camille/models/sk_actor_camille_01.fbx##s_actor_camille_cloth_01_lod1,,,,1585118,20491,main/1512bf302d4f4cb00fff5d55.ab,,
chr_0033_camille,camille,Boy,model_asset,,assets/beyond/arts/entity/actor/boy/camille/models/sk_actor_camille_01.fbx##s_actor_camille_cloth_01_lod2,,,,840766,20491,main/1512bf302d4f4cb00fff5d55.ab,,
chr_0033_camille,camille,Boy,model_asset,,assets/beyond/arts/entity/actor/boy/camille/models/sk_actor_camille_01.fbx##s_actor_camille_cloth_01_lod3,,,,358334,20491,main/1512bf302d4f4cb00fff5d55.ab,,
chr_0033_camille,camille,Boy,model_asset,,assets/beyond/arts/entity/actor/boy/camille/models/sk_actor_camille_01.fbx##s_actor_camille_cloth_02_lod0,,,,449750,20491,main/1512bf302d4f4cb00fff5d55.ab,,
chr_0033_camille,camille,Boy,model_asset,,assets/beyond/arts/entity/actor/boy/camille/models/sk_actor_camille_01.fbx##s_actor_camille_cloth_02_lod1,,,,242166,20491,main/1512bf302d4f4cb00fff5d55.ab,,
chr_0033_camille,camille,Boy,model_asset,,assets/beyond/arts/entity/actor/boy/camille/models/sk_actor_camille_01.fbx##s_actor_camille_cloth_02_lod2,,,,166726,20491,main/1512bf302d4f4cb00fff5d55.ab,,
chr_0033_camille,camille,Boy,model_asset,,assets/beyond/arts/entity/actor/boy/camille/models/sk_actor_camille_01.fbx##s_actor_camille_cloth_02_lod3,,,,88562,20491,main/1512bf302d4f4cb00fff5d55.ab,,
chr_0033_camille,camille,Boy,model_asset,,assets/beyond/arts/entity/actor/boy/camille/models/sk_actor_camille_01.fbx##s_actor_camille_cloth_03_lod0,,,,1909334,20491,main/1512bf302d4f4cb00fff5d55.ab,,
chr_0033_camille,camille,Boy,model_asset,,assets/beyond/arts/entity/actor/boy/camille/models/sk_actor_camille_01.fbx##s_actor_camille_cloth_03_lod1,,,,928854,20491,main/1512bf302d4f4cb00fff5d55.ab,,
chr_0033_camille,camille,Boy,model_asset,,assets/beyond/arts/entity/actor/boy/camille/models/sk_actor_camille_01.fbx##s_actor_camille_cloth_03_lod2,,,,487290,20491,main/1512bf302d4f4cb00fff5d55.ab,,
chr_0033_camille,camille,Boy,model_asset,,assets/beyond/arts/entity/actor/boy/camille/models/sk_actor_camille_01.fbx##s_actor_camille_cloth_03_lod3,,,,194802,20491,main/1512bf302d4f4cb00fff5d55.ab,,
chr_0033_camille,camille,Boy,model_asset,,assets/beyond/arts/entity/actor/boy/camille/models/sk_actor_camille_01.fbx##s_actor_camille_cloth_04_lod0,,,,204510,20491,main/1512bf302d4f4cb00fff5d55.ab,,
chr_0033_camille,camille,Boy,model_asset,,assets/beyond/arts/entity/actor/boy/camille/models/sk_actor_camille_01.fbx##s_actor_camille_cloth_04_lod1,,,,129434,20491,main/1512bf302d4f4cb00fff5d55.ab,,
chr_0033_camille,camille,Boy,model_asset,,assets/beyond/arts/entity/actor/boy/camille/models/sk_actor_camille_01.fbx##s_actor_camille_cloth_04_lod2,,,,34994,20491,main/1512bf302d4f4cb00fff5d55.ab,,
chr_0033_camille,camille,Boy,model_asset,,assets/beyond/arts/entity/actor/boy/camille/models/sk_actor_camille_01.fbx##s_actor_camille_cloth_04_lod3,,,,12642,20491,main/1512bf302d4f4cb00fff5d55.ab,,
chr_0033_camille,camille,Boy,model_asset,,assets/beyond/arts/entity/actor/boy/camille/models/sk_actor_camille_01.fbx##s_actor_camille_cloth_05_lod0,,,,875858,20491,main/1512bf302d4f4cb00fff5d55.ab,,
chr_0033_camille,camille,Boy,model_asset,,assets/beyond/arts/entity/actor/boy/camille/models/sk_actor_camille_01.fbx##s_actor_camille_cloth_05_lod1,,,,654326,20491,main/1512bf302d4f4cb00fff5d55.ab,,
chr_0033_camille,camille,Boy,model_asset,,assets/beyond/arts/entity/actor/boy/camille/models/sk_actor_camille_01.fbx##s_actor_camille_cloth_05_lod2,,,,345166,20491,main/1512bf302d4f4cb00fff5d55.ab,,
chr_0033_camille,camille,Boy,model_asset,,assets/beyond/arts/entity/actor/boy/camille/models/sk_actor_camille_01.fbx##s_actor_camille_cloth_05_lod3,,,,115518,20491,main/1512bf302d4f4cb00fff5d55.ab,,
chr_0033_camille,camille,Boy,model_asset,,assets/beyond/arts/entity/actor/boy/camille/models/sk_actor_camille_01.fbx##s_actor_camille_cloth_06_lod0,,,,64058,20491,main/1512bf302d4f4cb00fff5d55.ab,,
chr_0033_camille,camille,Boy,model_asset,,assets/beyond/arts/entity/actor/boy/camille/models/sk_actor_camille_01.fbx##s_actor_camille_cloth_06_lod1,,,,36406,20491,main/1512bf302d4f4cb00fff5d55.ab,,
chr_0033_camille,camille,Boy,model_asset,,assets/beyond/arts/entity/actor/boy/camille/models/sk_actor_camille_01.fbx##s_actor_camille_cloth_06_lod2,,,,24690,20491,main/1512bf302d4f4cb00fff5d55.ab,,
chr_0033_camille,camille,Boy,model_asset,,assets/beyond/arts/entity/actor/boy/camille/models/sk_actor_camille_01.fbx##s_actor_camille_cloth_06_lod3,,,,14418,20491,main/1512bf302d4f4cb00fff5d55.ab,,
chr_0033_camille,camille,Boy,model_asset,,assets/beyond/arts/entity/actor/boy/camille/models/sk_actor_camille_01.fbx##s_actor_camille_cloth_07_lod0,,,,13250,20491,main/1512bf302d4f4cb00fff5d55.ab,,
chr_0033_camille,camille,Boy,model_asset,,assets/beyond/arts/entity/actor/boy/camille/models/sk_actor_camille_01.fbx##s_actor_camille_cloth_07_lod1,,,,9642,20491,main/1512bf302d4f4cb00fff5d55.ab,,
chr_0033_camille,camille,Boy,model_asset,,assets/beyond/arts/entity/actor/boy/camille/models/sk_actor_camille_01.fbx##s_actor_camille_cloth_07_lod2,,,,7194,20491,main/1512bf302d4f4cb00fff5d55.ab,,
chr_0033_camille,camille,Boy,model_asset,,assets/beyond/arts/entity/actor/boy/camille/models/sk_actor_camille_01.fbx##s_actor_camille_cloth_07_lod3,,,,3002,20491,main/1512bf302d4f4cb00fff5d55.ab,,
chr_0033_camille,camille,Boy,model_asset,,assets/beyond/arts/entity/actor/boy/camille/models/sk_actor_camille_01.fbx##s_actor_camille_eyeshadow_01_lod0,,,,9258,20491,main/1512bf302d4f4cb00fff5d55.ab,,
chr_0033_camille,camille,Boy,model_asset,,assets/beyond/arts/entity/actor/boy/camille/models/sk_actor_camille_01.fbx##s_actor_camille_eyeshadow_01_lod1,,,,9258,20491,main/1512bf302d4f4cb00fff5d55.ab,,
chr_0033_camille,camille,Boy,model_asset,,assets/beyond/arts/entity/actor/boy/camille/models/sk_actor_camille_01.fbx##s_actor_camille_face_01_lod0,,,,326013,20491,main/1512bf302d4f4cb00fff5d55.ab,,
chr_0033_camille,camille,Boy,model_asset,,assets/beyond/arts/entity/actor/boy/camille/models/sk_actor_camille_01.fbx##s_actor_camille_face_01_lod1,,,,326013,20491,main/1512bf302d4f4cb00fff5d55.ab,,
chr_0033_camille,camille,Boy,model_asset,,assets/beyond/arts/entity/actor/boy/camille/models/sk_actor_camille_01.fbx##s_actor_camille_face_01_lod2,,,,95821,20491,main/1512bf302d4f4cb00fff5d55.ab,,
chr_0033_camille,camille,Boy,model_asset,,assets/beyond/arts/entity/actor/boy/camille/models/sk_actor_camille_01.fbx##s_actor_camille_face_01_lod3,,,,24897,20491,main/1512bf302d4f4cb00fff5d55.ab,,
chr_0033_camille,camille,Boy,model_asset,,assets/beyond/arts/entity/actor/boy/camille/models/sk_actor_camille_01.fbx##s_actor_camille_hair_01_lod0,,,,1965845,20491,main/1512bf302d4f4cb00fff5d55.ab,,
chr_0033_camille,camille,Boy,model_asset,,assets/beyond/arts/entity/actor/boy/camille/models/sk_actor_camille_01.fbx##s_actor_camille_hair_01_lod1,,,,844609,20491,main/1512bf302d4f4cb00fff5d55.ab,,
chr_0033_camille,camille,Boy,model_asset,,assets/beyond/arts/entity/actor/boy/camille/models/sk_actor_camille_01.fbx##s_actor_camille_hair_01_lod2,,,,588577,20491,main/1512bf302d4f4cb00fff5d55.ab,,
chr_0033_camille,camille,Boy,model_asset,,assets/beyond/arts/entity/actor/boy/camille/models/sk_actor_camille_01.fbx##s_actor_camille_hair_01_lod3,,,,152445,20491,main/1512bf302d4f4cb00fff5d55.ab,,
chr_0033_camille,camille,Boy,model_asset,,assets/beyond/arts/entity/actor/boy/camille/models/sk_actor_camille_01.fbx##s_actor_camille_hairshadow_01_lod0,,,,49199,20491,main/1512bf302d4f4cb00fff5d55.ab,,
chr_0033_camille,camille,Boy,model_asset,,assets/beyond/arts/entity/actor/boy/camille/models/sk_actor_camille_01.fbx##s_actor_camille_hairshadow_01_lod1,,,,29139,20491,main/1512bf302d4f4cb00fff5d55.ab,,
chr_0033_camille,camille,Boy,model_asset,,assets/beyond/arts/entity/actor/boy/camille/models/sk_actor_camille_01.fbx##s_actor_camille_iris_01_lod0,,,,20725,20491,main/1512bf302d4f4cb00fff5d55.ab,,
chr_0033_camille,camille,Boy,model_asset,,assets/beyond/arts/entity/actor/boy/camille/models/sk_actor_camille_01.fbx##s_actor_camille_iris_01_lod1,,,,20725,20491,main/1512bf302d4f4cb00fff5d55.ab,,
chr_0033_camille,camille,Boy,model_asset,,assets/beyond/arts/entity/actor/boy/camille/models/sk_actor_camille_01.fbx##s_actor_camille_iris_01_lod2,,,,5009,20491,main/1512bf302d4f4cb00fff5d55.ab,,
chr_0033_camille,camille,Boy,model_asset,,assets/beyond/arts/entity/actor/boy/camille/models/sk_actor_camille_01.fbx##s_actor_camille_iris_01_lod3,,,,3025,20491,main/1512bf302d4f4cb00fff5d55.ab,,
chr_0033_camille,camille,Boy,model_asset,,assets/beyond/arts/entity/actor/boy/camille/models/sk_actor_camille_01.fbx##s_actor_camille_skill_01_lod0,,,,148310,20491,main/1512bf302d4f4cb00fff5d55.ab,,
chr_0033_camille,camille,Boy,model_asset,,assets/beyond/arts/entity/actor/boy/camille/models/sk_actor_camille_01.fbx##s_actor_camille_skill_01_lod1,,,,115030,20491,main/1512bf302d4f4cb00fff5d55.ab,,
chr_0033_camille,camille,Boy,model_asset,,assets/beyond/arts/entity/actor/boy/camille/models/sk_actor_camille_01.fbx##s_actor_camille_skill_01_lod2,,,,114542,20491,main/1512bf302d4f4cb00fff5d55.ab,,
chr_0033_camille,camille,Boy,model_asset,,assets/beyond/arts/entity/actor/boy/camille/models/sk_actor_camille_01.fbx##s_actor_camille_skill_01_lod3,,,,42950,20491,main/1512bf302d4f4cb00fff5d55.ab,,
chr_0033_camille,camille,Boy,model_asset,,assets/beyond/arts/entity/actor/boy/camille/models/sk_actor_camille_01.fbx##s_actor_camille_vfxpart_01_lod0,,,,16032,20491,main/1512bf302d4f4cb00fff5d55.ab,,
chr_0033_camille,camille,Boy,model_asset,,assets/beyond/arts/entity/actor/boy/camille/models/sk_actor_camille_01.fbx##s_actor_camille_vfxpart_01_lod1,,,,11800,20491,main/1512bf302d4f4cb00fff5d55.ab,,
chr_0033_camille,camille,Boy,model_asset,,assets/beyond/arts/entity/actor/boy/camille/models/sk_actor_camille_01.fbx##s_actor_camille_vfxpart_01_lod2,,,,10224,20491,main/1512bf302d4f4cb00fff5d55.ab,,
chr_0033_camille,camille,Boy,model_asset,,assets/beyond/arts/entity/actor/boy/camille/models/sk_actor_camille_01.fbx##s_actor_camille_vfxpart_01_lod3,,,,6532,20491,main/1512bf302d4f4cb00fff5d55.ab,,
chr_0033_camille,camille,Boy,model_asset,,assets/beyond/arts/entity/actor/boy/camille/models/sk_actor_camille_01.fbx##s_actor_camille_vfxpart_02_lod0,,,,74284,20491,main/1512bf302d4f4cb00fff5d55.ab,,
chr_0033_camille,camille,Boy,model_asset,,assets/beyond/arts/entity/actor/boy/camille/models/sk_actor_camille_01.fbx##s_actor_camille_vfxpart_02_lod1,,,,42148,20491,main/1512bf302d4f4cb00fff5d55.ab,,
chr_0033_camille,camille,Boy,model_asset,,assets/beyond/arts/entity/actor/boy/camille/models/sk_actor_camille_01.fbx##s_actor_camille_vfxpart_02_lod2,,,,28872,20491,main/1512bf302d4f4cb00fff5d55.ab,,
chr_0033_camille,camille,Boy,model_asset,,assets/beyond/arts/entity/actor/boy/camille/models/sk_actor_camille_01.fbx##s_actor_camille_vfxpart_02_lod3,,,,16660,20491,main/1512bf302d4f4cb00fff5d55.ab,,
chr_0033_camille,camille,Boy,model_asset,,assets/beyond/arts/entity/actor/boy/camille/models/sk_actor_camille_01.fbx##s_actor_camille_vfxpart_03_lod0,,,,80264,20491,main/1512bf302d4f4cb00fff5d55.ab,,
chr_0033_camille,camille,Boy,model_asset,,assets/beyond/arts/entity/actor/boy/camille/models/sk_actor_camille_01.fbx##s_actor_camille_vfxpart_03_lod1,,,,58624,20491,main/1512bf302d4f4cb00fff5d55.ab,,
chr_0033_camille,camille,Boy,model_asset,,assets/beyond/arts/entity/actor/boy/camille/models/sk_actor_camille_01.fbx##s_actor_camille_vfxpart_03_lod2,,,,41396,20491,main/1512bf302d4f4cb00fff5d55.ab,,
chr_0033_camille,camille,Boy,model_asset,,assets/beyond/arts/entity/actor/boy/camille/models/sk_actor_camille_01.fbx##s_actor_camille_vfxpart_03_lod3,,,,19096,20491,main/1512bf302d4f4cb00fff5d55.ab,,
chr_0033_camille,camille,Boy,model_asset,,assets/beyond/arts/entity/actor/boy/camille/models/sk_actor_camille_01.fbx##s_actor_camille_vfxpart_04_lod0,,,,141844,20491,main/1512bf302d4f4cb00fff5d55.ab,,
chr_0033_camille,camille,Boy,model_asset,,assets/beyond/arts/entity/actor/boy/camille/models/sk_actor_camille_01.fbx##s_actor_camille_vfxpart_04_lod1,,,,98368,20491,main/1512bf302d4f4cb00fff5d55.ab,,
chr_0033_camille,camille,Boy,model_asset,,assets/beyond/arts/entity/actor/boy/camille/models/sk_actor_camille_01.fbx##s_actor_camille_vfxpart_04_lod2,,,,72236,20491,main/1512bf302d4f4cb00fff5d55.ab,,
chr_0033_camille,camille,Boy,model_asset,,assets/beyond/arts/entity/actor/boy/camille/models/sk_actor_camille_01.fbx##s_actor_camille_vfxpart_04_lod3,,,,31084,20491,main/1512bf302d4f4cb00fff5d55.ab,,
chr_0033_camille,camille,Boy,model_asset,,assets/beyond/arts/entity/actor/boy/camille/models/sk_actor_camille_01.fbx##sk_actor_camille_01avatar,,,,203029,20491,main/1512bf302d4f4cb00fff5d55.ab,,
chr_0035_liino,liino,Girl,postmodel,chr_0035_liino_postmodel,assets/beyond/dynamicassets/gameplay/actors/postmodels/characters/chr_0035_liino_postmodel.prefab,assets/beyond/dynamicassets/gameplay/actors/postmodels/characters/chr_0035_liino_postmodel.prefab,882537074650246319,0x0C3F66CB23A3ECAF,520,40910,main/2b3309373794eab53df96fdb.ab,394944085092880676,0x057B1F8D8A1A5124
chr_0035_liino,liino,Girl,model_asset,,assets/beyond/arts/entity/actor/girl/liino/models/s_actor_liino_body_01_lod0.asset,,,,388055,197519,main/d465d5d46a0b22657830a2db.ab,,
chr_0035_liino,liino,Girl,model_asset,,assets/beyond/arts/entity/actor/girl/liino/models/s_actor_liino_cloth_01_lod0.asset,,,,2469212,83137,main/58ec01974555e2194eeabbf2.ab,,
chr_0035_liino,liino,Girl,model_asset,,assets/beyond/arts/entity/actor/girl/liino/models/s_actor_liino_cloth_02_lod0.asset,,,,110260,186603,main/c8b528aff3492477124369ee.ab,,
chr_0035_liino,liino,Girl,model_asset,,assets/beyond/arts/entity/actor/girl/liino/models/s_actor_liino_cloth_03_lod0.asset,,,,953112,145800,main/9ca1a16b8fca63fa5083b4e9.ab,,
chr_0035_liino,liino,Girl,model_asset,,assets/beyond/arts/entity/actor/girl/liino/models/s_actor_liino_cloth_04_lod0.asset,,,,34012,140143,main/965cf5d6bd9f36966ab93f46.ab,,
chr_0035_liino,liino,Girl,model_asset,,assets/beyond/arts/entity/actor/girl/liino/models/s_actor_liino_cloth_05_lod0.asset,,,,19480,115081,main/7b4d45cd6d7b724b82768db5.ab,,
chr_0035_liino,liino,Girl,model_asset,,assets/beyond/arts/entity/actor/girl/liino/models/s_actor_liino_cloth_06_lod0.asset,,,,1993212,212688,main/e4c8fa91142476bfd60b30a1.ab,,
chr_0035_liino,liino,Girl,model_asset,,assets/beyond/arts/entity/actor/girl/liino/models/s_actor_liino_cloth_07_lod0.asset,,,,928644,208246,main/e0088324a58ac33f6d53cb6b.ab,,
chr_0035_liino,liino,Girl,model_asset,,assets/beyond/arts/entity/actor/girl/liino/models/s_actor_liino_cloth_08_lod0.asset,,,,145712,45214,main/2fd60faf7a8f721b9099a554.ab,,
chr_0035_liino,liino,Girl,model_asset,,assets/beyond/arts/entity/actor/girl/liino/models/s_actor_liino_cloth_09_lod0.asset,,,,11520,74129,main/4f0d621d3a9be975bee465c1.ab,,
chr_0035_liino,liino,Girl,model_asset,,assets/beyond/arts/entity/actor/girl/liino/models/s_actor_liino_face_01_lod0.asset,,,,320367,91578,main/61f788f26af4cb73ebc9c2cb.ab,,
chr_0035_liino,liino,Girl,model_asset,,assets/beyond/arts/entity/actor/girl/liino/models/s_actor_liino_hair_01_lod0.asset,,,,1906879,194070,main/d0a50615e22e9b6e54e73c15.ab,,
chr_0035_liino,liino,Girl,model_asset,,assets/beyond/arts/entity/actor/girl/liino/models/sk_actor_liino_01.fbx,,,,0,69172,main/49b403b752248ee1da395fa9.ab,,
chr_0035_liino,liino,Girl,model_asset,,assets/beyond/arts/entity/actor/girl/liino/models/sk_actor_liino_01.fbx,,,,0,69172,main/49b403b752248ee1da395fa9.ab,,
chr_0035_liino,liino,Girl,model_asset,,assets/beyond/arts/entity/actor/girl/liino/models/sk_actor_liino_01.fbx,,,,0,69172,main/49b403b752248ee1da395fa9.ab,,
chr_0035_liino,liino,Girl,model_asset,,assets/beyond/arts/entity/actor/girl/liino/models/sk_actor_liino_01.fbx,,,,0,69172,main/49b403b752248ee1da395fa9.ab,,
chr_0035_liino,liino,Girl,model_asset,,assets/beyond/arts/entity/actor/girl/liino/models/sk_actor_liino_01.fbx,,,,0,69172,main/49b403b752248ee1da395fa9.ab,,
chr_0035_liino,liino,Girl,model_asset,,assets/beyond/arts/entity/actor/girl/liino/models/sk_actor_liino_01.fbx,,,,0,69172,main/49b403b752248ee1da395fa9.ab,,
chr_0035_liino,liino,Girl,model_asset,,assets/beyond/arts/entity/actor/girl/liino/models/sk_actor_liino_01.fbx,,,,0,69172,main/49b403b752248ee1da395fa9.ab,,
chr_0035_liino,liino,Girl,model_asset,,assets/beyond/arts/entity/actor/girl/liino/models/sk_actor_liino_01.fbx,,,,0,69172,main/49b403b752248ee1da395fa9.ab,,
chr_0035_liino,liino,Girl,model_asset,,assets/beyond/arts/entity/actor/girl/liino/models/sk_actor_liino_01.fbx,,,,0,69172,main/49b403b752248ee1da395fa9.ab,,
chr_0035_liino,liino,Girl,model_asset,,assets/beyond/arts/entity/actor/girl/liino/models/sk_actor_liino_01.fbx,,,,0,69172,main/49b403b752248ee1da395fa9.ab,,
chr_0035_liino,liino,Girl,model_asset,,assets/beyond/arts/entity/actor/girl/liino/models/sk_actor_liino_01.fbx,,,,0,69172,main/49b403b752248ee1da395fa9.ab,,
chr_0035_liino,liino,Girl,model_asset,,assets/beyond/arts/entity/actor/girl/liino/models/sk_actor_liino_01.fbx,,,,0,69172,main/49b403b752248ee1da395fa9.ab,,
chr_0035_liino,liino,Girl,model_asset,,assets/beyond/arts/entity/actor/girl/liino/models/sk_actor_liino_01.fbx,,,,0,69172,main/49b403b752248ee1da395fa9.ab,,
chr_0035_liino,liino,Girl,model_asset,,assets/beyond/arts/entity/actor/girl/liino/models/sk_actor_liino_01.fbx,,,,0,69172,main/49b403b752248ee1da395fa9.ab,,
chr_0035_liino,liino,Girl,model_asset,,assets/beyond/arts/entity/actor/girl/liino/models/sk_actor_liino_01.fbx,,,,0,69172,main/49b403b752248ee1da395fa9.ab,,
chr_0035_liino,liino,Girl,model_asset,,assets/beyond/arts/entity/actor/girl/liino/models/sk_actor_liino_01.fbx,,,,0,69172,main/49b403b752248ee1da395fa9.ab,,
chr_0035_liino,liino,Girl,model_asset,,assets/beyond/arts/entity/actor/girl/liino/models/sk_actor_liino_01.fbx,,,,0,69172,main/49b403b752248ee1da395fa9.ab,,
chr_0035_liino,liino,Girl,model_asset,,assets/beyond/arts/entity/actor/girl/liino/models/sk_actor_liino_01.fbx,,,,0,69172,main/49b403b752248ee1da395fa9.ab,,
chr_0035_liino,liino,Girl,model_asset,,assets/beyond/arts/entity/actor/girl/liino/models/sk_actor_liino_01.fbx,,,,0,69172,main/49b403b752248ee1da395fa9.ab,,
chr_0035_liino,liino,Girl,model_asset,,assets/beyond/arts/entity/actor/girl/liino/models/sk_actor_liino_01.fbx,,,,0,69172,main/49b403b752248ee1da395fa9.ab,,
chr_0035_liino,liino,Girl,model_asset,,assets/beyond/arts/entity/actor/girl/liino/models/sk_actor_liino_01.fbx,,,,0,69172,main/49b403b752248ee1da395fa9.ab,,
chr_0035_liino,liino,Girl,model_asset,,assets/beyond/arts/entity/actor/girl/liino/models/sk_actor_liino_01.fbx,,,,0,69172,main/49b403b752248ee1da395fa9.ab,,
chr_0035_liino,liino,Girl,model_asset,,assets/beyond/arts/entity/actor/girl/liino/models/sk_actor_liino_01.fbx,,,,0,69172,main/49b403b752248ee1da395fa9.ab,,
chr_0035_liino,liino,Girl,model_asset,,assets/beyond/arts/entity/actor/girl/liino/models/sk_actor_liino_01.fbx,,,,0,69172,main/49b403b752248ee1da395fa9.ab,,
chr_0035_liino,liino,Girl,model_asset,,assets/beyond/arts/entity/actor/girl/liino/models/sk_actor_liino_01.fbx,,,,0,69172,main/49b403b752248ee1da395fa9.ab,,
chr_0035_liino,liino,Girl,model_asset,,assets/beyond/arts/entity/actor/girl/liino/models/sk_actor_liino_01.fbx,,,,0,69172,main/49b403b752248ee1da395fa9.ab,,
chr_0035_liino,liino,Girl,model_asset,,assets/beyond/arts/entity/actor/girl/liino/models/sk_actor_liino_01.fbx,,,,0,69172,main/49b403b752248ee1da395fa9.ab,,
chr_0035_liino,liino,Girl,model_asset,,assets/beyond/arts/entity/actor/girl/liino/models/sk_actor_liino_01.fbx,,,,0,69172,main/49b403b752248ee1da395fa9.ab,,
chr_0035_liino,liino,Girl,model_asset,,assets/beyond/arts/entity/actor/girl/liino/models/sk_actor_liino_01.fbx,,,,0,69172,main/49b403b752248ee1da395fa9.ab,,
chr_0035_liino,liino,Girl,model_asset,,assets/beyond/arts/entity/actor/girl/liino/models/sk_actor_liino_01.fbx,,,,0,69172,main/49b403b752248ee1da395fa9.ab,,
chr_0035_liino,liino,Girl,model_asset,,assets/beyond/arts/entity/actor/girl/liino/models/sk_actor_liino_01.fbx,,,,0,69172,main/49b403b752248ee1da395fa9.ab,,
chr_0035_liino,liino,Girl,model_asset,,assets/beyond/arts/entity/actor/girl/liino/models/sk_actor_liino_01.fbx,,,,0,69172,main/49b403b752248ee1da395fa9.ab,,
chr_0035_liino,liino,Girl,model_asset,,assets/beyond/arts/entity/actor/girl/liino/models/sk_actor_liino_01.fbx,,,,0,69172,main/49b403b752248ee1da395fa9.ab,,
chr_0035_liino,liino,Girl,model_asset,,assets/beyond/arts/entity/actor/girl/liino/models/sk_actor_liino_01.fbx,,,,0,69172,main/49b403b752248ee1da395fa9.ab,,
chr_0035_liino,liino,Girl,model_asset,,assets/beyond/arts/entity/actor/girl/liino/models/sk_actor_liino_01.fbx,,,,0,69172,main/49b403b752248ee1da395fa9.ab,,
chr_0035_liino,liino,Girl,model_asset,,assets/beyond/arts/entity/actor/girl/liino/models/sk_actor_liino_01.fbx,,,,0,69172,main/49b403b752248ee1da395fa9.ab,,
chr_0035_liino,liino,Girl,model_asset,,assets/beyond/arts/entity/actor/girl/liino/models/sk_actor_liino_01.fbx,,,,0,69172,main/49b403b752248ee1da395fa9.ab,,
chr_0035_liino,liino,Girl,model_asset,,assets/beyond/arts/entity/actor/girl/liino/models/sk_actor_liino_01.fbx,,,,0,69172,main/49b403b752248ee1da395fa9.ab,,
chr_0035_liino,liino,Girl,model_asset,,assets/beyond/arts/entity/actor/girl/liino/models/sk_actor_liino_01.fbx,,,,0,69172,main/49b403b752248ee1da395fa9.ab,,
chr_0035_liino,liino,Girl,model_asset,,assets/beyond/arts/entity/actor/girl/liino/models/sk_actor_liino_01.fbx,,,,0,69172,main/49b403b752248ee1da395fa9.ab,,
chr_0035_liino,liino,Girl,model_asset,,assets/beyond/arts/entity/actor/girl/liino/models/sk_actor_liino_01.fbx,,,,0,69172,main/49b403b752248ee1da395fa9.ab,,
chr_0035_liino,liino,Girl,model_asset,,assets/beyond/arts/entity/actor/girl/liino/models/sk_actor_liino_01.fbx,,,,0,69172,main/49b403b752248ee1da395fa9.ab,,
chr_0035_liino,liino,Girl,model_asset,,assets/beyond/arts/entity/actor/girl/liino/models/sk_actor_liino_01.fbx,,,,0,69172,main/49b403b752248ee1da395fa9.ab,,
chr_0035_liino,liino,Girl,model_asset,,assets/beyond/arts/entity/actor/girl/liino/models/sk_actor_liino_01.fbx,,,,0,69172,main/49b403b752248ee1da395fa9.ab,,
chr_0035_liino,liino,Girl,model_asset,,assets/beyond/arts/entity/actor/girl/liino/models/sk_actor_liino_01.fbx,,,,0,69172,main/49b403b752248ee1da395fa9.ab,,
chr_0035_liino,liino,Girl,model_asset,,assets/beyond/arts/entity/actor/girl/liino/models/sk_actor_liino_01.fbx,,,,0,69172,main/49b403b752248ee1da395fa9.ab,,
chr_0035_liino,liino,Girl,model_asset,,assets/beyond/arts/entity/actor/girl/liino/models/sk_actor_liino_01.fbx,,,,0,69172,main/49b403b752248ee1da395fa9.ab,,
chr_0035_liino,liino,Girl,model_asset,,assets/beyond/arts/entity/actor/girl/liino/models/sk_actor_liino_01.fbx,,,,0,69172,main/49b403b752248ee1da395fa9.ab,,
chr_0035_liino,liino,Girl,model_asset,,assets/beyond/arts/entity/actor/girl/liino/models/sk_actor_liino_01.fbx,,,,0,69172,main/49b403b752248ee1da395fa9.ab,,
chr_0035_liino,liino,Girl,model_asset,,assets/beyond/arts/entity/actor/girl/liino/models/sk_actor_liino_01.fbx,,,,0,69172,main/49b403b752248ee1da395fa9.ab,,
chr_0035_liino,liino,Girl,model_asset,,assets/beyond/arts/entity/actor/girl/liino/models/sk_actor_liino_01.fbx,,,,0,69172,main/49b403b752248ee1da395fa9.ab,,
chr_0035_liino,liino,Girl,model_asset,,assets/beyond/arts/entity/actor/girl/liino/models/sk_actor_liino_01.fbx,,,,0,69172,main/49b403b752248ee1da395fa9.ab,,
chr_0035_liino,liino,Girl,model_asset,,assets/beyond/arts/entity/actor/girl/liino/models/sk_actor_liino_01.fbx,,,,0,69172,main/49b403b752248ee1da395fa9.ab,,
chr_0035_liino,liino,Girl,model_asset,,assets/beyond/arts/entity/actor/girl/liino/models/sk_actor_liino_01.fbx,,,,0,69172,main/49b403b752248ee1da395fa9.ab,,
chr_0035_liino,liino,Girl,model_asset,,assets/beyond/arts/entity/actor/girl/liino/models/sk_actor_liino_01.fbx,,,,0,69172,main/49b403b752248ee1da395fa9.ab,,
chr_0035_liino,liino,Girl,model_asset,,assets/beyond/arts/entity/actor/girl/liino/models/sk_actor_liino_01.fbx,,,,0,69172,main/49b403b752248ee1da395fa9.ab,,
chr_0035_liino,liino,Girl,model_asset,,assets/beyond/arts/entity/actor/girl/liino/models/sk_actor_liino_01.fbx,,,,0,69172,main/49b403b752248ee1da395fa9.ab,,
chr_0035_liino,liino,Girl,model_asset,,assets/beyond/arts/entity/actor/girl/liino/models/sk_actor_liino_01.fbx,,,,0,69172,main/49b403b752248ee1da395fa9.ab,,
chr_0035_liino,liino,Girl,model_asset,,assets/beyond/arts/entity/actor/girl/liino/models/sk_actor_liino_01.fbx,,,,0,69172,main/49b403b752248ee1da395fa9.ab,,
chr_0035_liino,liino,Girl,model_asset,,assets/beyond/arts/entity/actor/girl/liino/models/sk_actor_liino_01.fbx,,,,0,69172,main/49b403b752248ee1da395fa9.ab,,
chr_0035_liino,liino,Girl,model_asset,,assets/beyond/arts/entity/actor/girl/liino/models/sk_actor_liino_01.fbx,,,,0,69172,main/49b403b752248ee1da395fa9.ab,,
chr_0035_liino,liino,Girl,model_asset,,assets/beyond/arts/entity/actor/girl/liino/models/sk_actor_liino_01.fbx,,,,0,69172,main/49b403b752248ee1da395fa9.ab,,
chr_0035_liino,liino,Girl,model_asset,,assets/beyond/arts/entity/actor/girl/liino/models/sk_actor_liino_01.fbx,,,,0,69172,main/49b403b752248ee1da395fa9.ab,,
chr_0035_liino,liino,Girl,model_asset,,assets/beyond/arts/entity/actor/girl/liino/models/sk_actor_liino_01.fbx,,,,0,69172,main/49b403b752248ee1da395fa9.ab,,
chr_0035_liino,liino,Girl,model_asset,,assets/beyond/arts/entity/actor/girl/liino/models/sk_actor_liino_01.fbx,,,,0,69172,main/49b403b752248ee1da395fa9.ab,,
chr_0035_liino,liino,Girl,model_asset,,assets/beyond/arts/entity/actor/girl/liino/models/sk_actor_liino_01.fbx,,,,0,69172,main/49b403b752248ee1da395fa9.ab,,
chr_0035_liino,liino,Girl,model_asset,,assets/beyond/arts/entity/actor/girl/liino/models/sk_actor_liino_01.fbx,,,,0,69172,main/49b403b752248ee1da395fa9.ab,,
chr_0035_liino,liino,Girl,model_asset,,assets/beyond/arts/entity/actor/girl/liino/models/sk_actor_liino_01.fbx,,,,0,69172,main/49b403b752248ee1da395fa9.ab,,
chr_0035_liino,liino,Girl,model_asset,,assets/beyond/arts/entity/actor/girl/liino/models/sk_actor_liino_01.fbx,,,,0,69172,main/49b403b752248ee1da395fa9.ab,,
chr_0035_liino,liino,Girl,model_asset,,assets/beyond/arts/entity/actor/girl/liino/models/sk_actor_liino_01.fbx,,,,0,69172,main/49b403b752248ee1da395fa9.ab,,
chr_0035_liino,liino,Girl,model_asset,,assets/beyond/arts/entity/actor/girl/liino/models/sk_actor_liino_01.fbx,,,,0,69172,main/49b403b752248ee1da395fa9.ab,,
chr_0035_liino,liino,Girl,model_asset,,assets/beyond/arts/entity/actor/girl/liino/models/sk_actor_liino_01.fbx,,,,0,69172,main/49b403b752248ee1da395fa9.ab,,
chr_0035_liino,liino,Girl,model_asset,,assets/beyond/arts/entity/actor/girl/liino/models/sk_actor_liino_01.fbx,,,,0,69172,main/49b403b752248ee1da395fa9.ab,,
chr_0035_liino,liino,Girl,model_asset,,assets/beyond/arts/entity/actor/girl/liino/models/sk_actor_liino_01.fbx,,,,0,69172,main/49b403b752248ee1da395fa9.ab,,
chr_0035_liino,liino,Girl,model_asset,,assets/beyond/arts/entity/actor/girl/liino/models/sk_actor_liino_01.fbx,,,,0,69172,main/49b403b752248ee1da395fa9.ab,,
chr_0035_liino,liino,Girl,model_asset,,assets/beyond/arts/entity/actor/girl/liino/models/sk_actor_liino_01.fbx,,,,0,69172,main/49b403b752248ee1da395fa9.ab,,
chr_0035_liino,liino,Girl,model_asset,,assets/beyond/arts/entity/actor/girl/liino/models/sk_actor_liino_01.fbx,,,,0,69172,main/49b403b752248ee1da395fa9.ab,,
chr_0035_liino,liino,Girl,model_asset,,assets/beyond/arts/entity/actor/girl/liino/models/sk_actor_liino_01.fbx,,,,0,69172,main/49b403b752248ee1da395fa9.ab,,
chr_0035_liino,liino,Girl,model_asset,,assets/beyond/arts/entity/actor/girl/liino/models/sk_actor_liino_01.fbx,,,,0,69172,main/49b403b752248ee1da395fa9.ab,,
chr_0035_liino,liino,Girl,model_asset,,assets/beyond/arts/entity/actor/girl/liino/models/sk_actor_liino_01.fbx,,,,0,69172,main/49b403b752248ee1da395fa9.ab,,
chr_0035_liino,liino,Girl,model_asset,,assets/beyond/arts/entity/actor/girl/liino/models/sk_actor_liino_01.fbx,,,,0,69172,main/49b403b752248ee1da395fa9.ab,,
chr_0035_liino,liino,Girl,model_asset,,assets/beyond/arts/entity/actor/girl/liino/models/sk_actor_liino_01.fbx,,,,0,69172,main/49b403b752248ee1da395fa9.ab,,
chr_0035_liino,liino,Girl,model_asset,,assets/beyond/arts/entity/actor/girl/liino/models/sk_actor_liino_01.fbx,,,,0,69172,main/49b403b752248ee1da395fa9.ab,,
chr_0035_liino,liino,Girl,model_asset,,assets/beyond/arts/entity/actor/girl/liino/models/sk_actor_liino_01.fbx,,,,0,69172,main/49b403b752248ee1da395fa9.ab,,
chr_0035_liino,liino,Girl,model_asset,,assets/beyond/arts/entity/actor/girl/liino/models/sk_actor_liino_01.fbx,,,,0,69172,main/49b403b752248ee1da395fa9.ab,,
chr_0035_liino,liino,Girl,model_asset,,assets/beyond/arts/entity/actor/girl/liino/models/sk_actor_liino_01.fbx,,,,0,69172,main/49b403b752248ee1da395fa9.ab,,
chr_0035_liino,liino,Girl,model_asset,,assets/beyond/arts/entity/actor/girl/liino/models/sk_actor_liino_01.fbx,,,,0,69172,main/49b403b752248ee1da395fa9.ab,,
chr_0035_liino,liino,Girl,model_asset,,assets/beyond/arts/entity/actor/girl/liino/models/sk_actor_liino_01.fbx,,,,0,69172,main/49b403b752248ee1da395fa9.ab,,
chr_0035_liino,liino,Girl,model_asset,,assets/beyond/arts/entity/actor/girl/liino/models/sk_actor_liino_01.fbx,,,,0,69172,main/49b403b752248ee1da395fa9.ab,,
chr_0035_liino,liino,Girl,model_asset,,assets/beyond/arts/entity/actor/girl/liino/models/sk_actor_liino_01.fbx##s_actor_liino_body_01_lod0,,,,356711,69172,main/49b403b752248ee1da395fa9.ab,,
chr_0035_liino,liino,Girl,model_asset,,assets/beyond/arts/entity/actor/girl/liino/models/sk_actor_liino_01.fbx##s_actor_liino_body_01_lod1,,,,236519,69172,main/49b403b752248ee1da395fa9.ab,,
chr_0035_liino,liino,Girl,model_asset,,assets/beyond/arts/entity/actor/girl/liino/models/sk_actor_liino_01.fbx##s_actor_liino_body_01_lod2,,,,158999,69172,main/49b403b752248ee1da395fa9.ab,,
chr_0035_liino,liino,Girl,model_asset,,assets/beyond/arts/entity/actor/girl/liino/models/sk_actor_liino_01.fbx##s_actor_liino_body_01_lod3,,,,84207,69172,main/49b403b752248ee1da395fa9.ab,,
chr_0035_liino,liino,Girl,model_asset,,assets/beyond/arts/entity/actor/girl/liino/models/sk_actor_liino_01.fbx##s_actor_liino_brow_01_lod0,,,,105043,69172,main/49b403b752248ee1da395fa9.ab,,
chr_0035_liino,liino,Girl,model_asset,,assets/beyond/arts/entity/actor/girl/liino/models/sk_actor_liino_01.fbx##s_actor_liino_brow_01_lod1,,,,105043,69172,main/49b403b752248ee1da395fa9.ab,,
chr_0035_liino,liino,Girl,model_asset,,assets/beyond/arts/entity/actor/girl/liino/models/sk_actor_liino_01.fbx##s_actor_liino_brow_01_lod2,,,,23351,69172,main/49b403b752248ee1da395fa9.ab,,
chr_0035_liino,liino,Girl,model_asset,,assets/beyond/arts/entity/actor/girl/liino/models/sk_actor_liino_01.fbx##s_actor_liino_brow_01_lod3,,,,7531,69172,main/49b403b752248ee1da395fa9.ab,,
chr_0035_liino,liino,Girl,model_asset,,assets/beyond/arts/entity/actor/girl/liino/models/sk_actor_liino_01.fbx##s_actor_liino_cloth_01_lod0,,,,2258268,69172,main/49b403b752248ee1da395fa9.ab,,
chr_0035_liino,liino,Girl,model_asset,,assets/beyond/arts/entity/actor/girl/liino/models/sk_actor_liino_01.fbx##s_actor_liino_cloth_01_lod1,,,,1043380,69172,main/49b403b752248ee1da395fa9.ab,,
chr_0035_liino,liino,Girl,model_asset,,assets/beyond/arts/entity/actor/girl/liino/models/sk_actor_liino_01.fbx##s_actor_liino_cloth_01_lod2,,,,631800,69172,main/49b403b752248ee1da395fa9.ab,,
chr_0035_liino,liino,Girl,model_asset,,assets/beyond/arts/entity/actor/girl/liino/models/sk_actor_liino_01.fbx##s_actor_liino_cloth_01_lod3,,,,306720,69172,main/49b403b752248ee1da395fa9.ab,,
chr_0035_liino,liino,Girl,model_asset,,assets/beyond/arts/entity/actor/girl/liino/models/sk_actor_liino_01.fbx##s_actor_liino_cloth_02_lod0,,,,101588,69172,main/49b403b752248ee1da395fa9.ab,,
chr_0035_liino,liino,Girl,model_asset,,assets/beyond/arts/entity/actor/girl/liino/models/sk_actor_liino_01.fbx##s_actor_liino_cloth_02_lod1,,,,58236,69172,main/49b403b752248ee1da395fa9.ab,,
chr_0035_liino,liino,Girl,model_asset,,assets/beyond/arts/entity/actor/girl/liino/models/sk_actor_liino_01.fbx##s_actor_liino_cloth_02_lod2,,,,39556,69172,main/49b403b752248ee1da395fa9.ab,,
chr_0035_liino,liino,Girl,model_asset,,assets/beyond/arts/entity/actor/girl/liino/models/sk_actor_liino_01.fbx##s_actor_liino_cloth_02_lod3,,,,21044,69172,main/49b403b752248ee1da395fa9.ab,,
chr_0035_liino,liino,Girl,model_asset,,assets/beyond/arts/entity/actor/girl/liino/models/sk_actor_liino_01.fbx##s_actor_liino_cloth_03_lod0,,,,873176,69172,main/49b403b752248ee1da395fa9.ab,,
chr_0035_liino,liino,Girl,model_asset,,assets/beyond/arts/entity/actor/girl/liino/models/sk_actor_liino_01.fbx##s_actor_liino_cloth_03_lod1,,,,338464,69172,main/49b403b752248ee1da395fa9.ab,,
chr_0035_liino,liino,Girl,model_asset,,assets/beyond/arts/entity/actor/girl/liino/models/sk_actor_liino_01.fbx##s_actor_liino_cloth_03_lod2,,,,224600,69172,main/49b403b752248ee1da395fa9.ab,,
chr_0035_liino,liino,Girl,model_asset,,assets/beyond/arts/entity/actor/girl/liino/models/sk_actor_liino_01.fbx##s_actor_liino_cloth_03_lod3,,,,80700,69172,main/49b403b752248ee1da395fa9.ab,,
chr_0035_liino,liino,Girl,model_asset,,assets/beyond/arts/entity/actor/girl/liino/models/sk_actor_liino_01.fbx##s_actor_liino_cloth_04_lod0,,,,31468,69172,main/49b403b752248ee1da395fa9.ab,,
chr_0035_liino,liino,Girl,model_asset,,assets/beyond/arts/entity/actor/girl/liino/models/sk_actor_liino_01.fbx##s_actor_liino_cloth_04_lod1,,,,30764,69172,main/49b403b752248ee1da395fa9.ab,,
chr_0035_liino,liino,Girl,model_asset,,assets/beyond/arts/entity/actor/girl/liino/models/sk_actor_liino_01.fbx##s_actor_liino_cloth_04_lod2,,,,20532,69172,main/49b403b752248ee1da395fa9.ab,,
chr_0035_liino,liino,Girl,model_asset,,assets/beyond/arts/entity/actor/girl/liino/models/sk_actor_liino_01.fbx##s_actor_liino_cloth_04_lod3,,,,14852,69172,main/49b403b752248ee1da395fa9.ab,,
chr_0035_liino,liino,Girl,model_asset,,assets/beyond/arts/entity/actor/girl/liino/models/sk_actor_liino_01.fbx##s_actor_liino_cloth_05_lod0,,,,17512,69172,main/49b403b752248ee1da395fa9.ab,,
chr_0035_liino,liino,Girl,model_asset,,assets/beyond/arts/entity/actor/girl/liino/models/sk_actor_liino_01.fbx##s_actor_liino_cloth_05_lod1,,,,15160,69172,main/49b403b752248ee1da395fa9.ab,,
chr_0035_liino,liino,Girl,model_asset,,assets/beyond/arts/entity/actor/girl/liino/models/sk_actor_liino_01.fbx##s_actor_liino_cloth_05_lod2,,,,8960,69172,main/49b403b752248ee1da395fa9.ab,,
chr_0035_liino,liino,Girl,model_asset,,assets/beyond/arts/entity/actor/girl/liino/models/sk_actor_liino_01.fbx##s_actor_liino_cloth_05_lod3,,,,7264,69172,main/49b403b752248ee1da395fa9.ab,,
chr_0035_liino,liino,Girl,model_asset,,assets/beyond/arts/entity/actor/girl/liino/models/sk_actor_liino_01.fbx##s_actor_liino_cloth_06_lod0,,,,1827436,69172,main/49b403b752248ee1da395fa9.ab,,
chr_0035_liino,liino,Girl,model_asset,,assets/beyond/arts/entity/actor/girl/liino/models/sk_actor_liino_01.fbx##s_actor_liino_cloth_06_lod1,,,,760140,69172,main/49b403b752248ee1da395fa9.ab,,
chr_0035_liino,liino,Girl,model_asset,,assets/beyond/arts/entity/actor/girl/liino/models/sk_actor_liino_01.fbx##s_actor_liino_cloth_06_lod2,,,,412792,69172,main/49b403b752248ee1da395fa9.ab,,
chr_0035_liino,liino,Girl,model_asset,,assets/beyond/arts/entity/actor/girl/liino/models/sk_actor_liino_01.fbx##s_actor_liino_cloth_06_lod3,,,,145144,69172,main/49b403b752248ee1da395fa9.ab,,
chr_0035_liino,liino,Girl,model_asset,,assets/beyond/arts/entity/actor/girl/liino/models/sk_actor_liino_01.fbx##s_actor_liino_cloth_07_lod0,,,,851460,69172,main/49b403b752248ee1da395fa9.ab,,
chr_0035_liino,liino,Girl,model_asset,,assets/beyond/arts/entity/actor/girl/liino/models/sk_actor_liino_01.fbx##s_actor_liino_cloth_07_lod1,,,,368468,69172,main/49b403b752248ee1da395fa9.ab,,
chr_0035_liino,liino,Girl,model_asset,,assets/beyond/arts/entity/actor/girl/liino/models/sk_actor_liino_01.fbx##s_actor_liino_cloth_07_lod2,,,,203708,69172,main/49b403b752248ee1da395fa9.ab,,
chr_0035_liino,liino,Girl,model_asset,,assets/beyond/arts/entity/actor/girl/liino/models/sk_actor_liino_01.fbx##s_actor_liino_cloth_07_lod3,,,,103348,69172,main/49b403b752248ee1da395fa9.ab,,
chr_0035_liino,liino,Girl,model_asset,,assets/beyond/arts/entity/actor/girl/liino/models/sk_actor_liino_01.fbx##s_actor_liino_cloth_08_lod0,,,,133744,69172,main/49b403b752248ee1da395fa9.ab,,
chr_0035_liino,liino,Girl,model_asset,,assets/beyond/arts/entity/actor/girl/liino/models/sk_actor_liino_01.fbx##s_actor_liino_cloth_08_lod1,,,,88408,69172,main/49b403b752248ee1da395fa9.ab,,
chr_0035_liino,liino,Girl,model_asset,,assets/beyond/arts/entity/actor/girl/liino/models/sk_actor_liino_01.fbx##s_actor_liino_cloth_08_lod2,,,,23572,69172,main/49b403b752248ee1da395fa9.ab,,
chr_0035_liino,liino,Girl,model_asset,,assets/beyond/arts/entity/actor/girl/liino/models/sk_actor_liino_01.fbx##s_actor_liino_cloth_08_lod3,,,,9204,69172,main/49b403b752248ee1da395fa9.ab,,
chr_0035_liino,liino,Girl,model_asset,,assets/beyond/arts/entity/actor/girl/liino/models/sk_actor_liino_01.fbx##s_actor_liino_cloth_09_lod0,,,,10736,69172,main/49b403b752248ee1da395fa9.ab,,
chr_0035_liino,liino,Girl,model_asset,,assets/beyond/arts/entity/actor/girl/liino/models/sk_actor_liino_01.fbx##s_actor_liino_cloth_09_lod1,,,,9384,69172,main/49b403b752248ee1da395fa9.ab,,
chr_0035_liino,liino,Girl,model_asset,,assets/beyond/arts/entity/actor/girl/liino/models/sk_actor_liino_01.fbx##s_actor_liino_cloth_09_lod2,,,,9384,69172,main/49b403b752248ee1da395fa9.ab,,
chr_0035_liino,liino,Girl,model_asset,,assets/beyond/arts/entity/actor/girl/liino/models/sk_actor_liino_01.fbx##s_actor_liino_cloth_09_lod3,,,,6144,69172,main/49b403b752248ee1da395fa9.ab,,
chr_0035_liino,liino,Girl,model_asset,,assets/beyond/arts/entity/actor/girl/liino/models/sk_actor_liino_01.fbx##s_actor_liino_eyeshadow_01_lod0,,,,12452,69172,main/49b403b752248ee1da395fa9.ab,,
chr_0035_liino,liino,Girl,model_asset,,assets/beyond/arts/entity/actor/girl/liino/models/sk_actor_liino_01.fbx##s_actor_liino_eyeshadow_01_lod1,,,,7972,69172,main/49b403b752248ee1da395fa9.ab,,
chr_0035_liino,liino,Girl,model_asset,,assets/beyond/arts/entity/actor/girl/liino/models/sk_actor_liino_01.fbx##s_actor_liino_face_01_lod0,,,,294895,69172,main/49b403b752248ee1da395fa9.ab,,
chr_0035_liino,liino,Girl,model_asset,,assets/beyond/arts/entity/actor/girl/liino/models/sk_actor_liino_01.fbx##s_actor_liino_face_01_lod1,,,,294895,69172,main/49b403b752248ee1da395fa9.ab,,
chr_0035_liino,liino,Girl,model_asset,,assets/beyond/arts/entity/actor/girl/liino/models/sk_actor_liino_01.fbx##s_actor_liino_face_01_lod2,,,,57055,69172,main/49b403b752248ee1da395fa9.ab,,
chr_0035_liino,liino,Girl,model_asset,,assets/beyond/arts/entity/actor/girl/liino/models/sk_actor_liino_01.fbx##s_actor_liino_face_01_lod3,,,,19723,69172,main/49b403b752248ee1da395fa9.ab,,
chr_0035_liino,liino,Girl,model_asset,,assets/beyond/arts/entity/actor/girl/liino/models/sk_actor_liino_01.fbx##s_actor_liino_hair_01_lod0,,,,1746927,69172,main/49b403b752248ee1da395fa9.ab,,
chr_0035_liino,liino,Girl,model_asset,,assets/beyond/arts/entity/actor/girl/liino/models/sk_actor_liino_01.fbx##s_actor_liino_hair_01_lod1,,,,901403,69172,main/49b403b752248ee1da395fa9.ab,,
chr_0035_liino,liino,Girl,model_asset,,assets/beyond/arts/entity/actor/girl/liino/models/sk_actor_liino_01.fbx##s_actor_liino_hair_01_lod2,,,,600283,69172,main/49b403b752248ee1da395fa9.ab,,
chr_0035_liino,liino,Girl,model_asset,,assets/beyond/arts/entity/actor/girl/liino/models/sk_actor_liino_01.fbx##s_actor_liino_hair_01_lod3,,,,247027,69172,main/49b403b752248ee1da395fa9.ab,,
chr_0035_liino,liino,Girl,model_asset,,assets/beyond/arts/entity/actor/girl/liino/models/sk_actor_liino_01.fbx##s_actor_liino_hairshadow_01_lod0,,,,24869,69172,main/49b403b752248ee1da395fa9.ab,,
chr_0035_liino,liino,Girl,model_asset,,assets/beyond/arts/entity/actor/girl/liino/models/sk_actor_liino_01.fbx##s_actor_liino_hairshadow_01_lod1,,,,17313,69172,main/49b403b752248ee1da395fa9.ab,,
chr_0035_liino,liino,Girl,model_asset,,assets/beyond/arts/entity/actor/girl/liino/models/sk_actor_liino_01.fbx##s_actor_liino_iris_01_lod0,,,,27163,69172,main/49b403b752248ee1da395fa9.ab,,
chr_0035_liino,liino,Girl,model_asset,,assets/beyond/arts/entity/actor/girl/liino/models/sk_actor_liino_01.fbx##s_actor_liino_iris_01_lod1,,,,27163,69172,main/49b403b752248ee1da395fa9.ab,,
chr_0035_liino,liino,Girl,model_asset,,assets/beyond/arts/entity/actor/girl/liino/models/sk_actor_liino_01.fbx##s_actor_liino_iris_01_lod2,,,,6867,69172,main/49b403b752248ee1da395fa9.ab,,
chr_0035_liino,liino,Girl,model_asset,,assets/beyond/arts/entity/actor/girl/liino/models/sk_actor_liino_01.fbx##s_actor_liino_iris_01_lod3,,,,3239,69172,main/49b403b752248ee1da395fa9.ab,,
chr_0035_liino,liino,Girl,model_asset,,assets/beyond/arts/entity/actor/girl/liino/models/sk_actor_liino_01.fbx##s_actor_liino_skill_01_lod0,,,,1885356,69172,main/49b403b752248ee1da395fa9.ab,,
chr_0035_liino,liino,Girl,model_asset,,assets/beyond/arts/entity/actor/girl/liino/models/sk_actor_liino_01.fbx##s_actor_liino_skill_01_lod1,,,,1093492,69172,main/49b403b752248ee1da395fa9.ab,,
chr_0035_liino,liino,Girl,model_asset,,assets/beyond/arts/entity/actor/girl/liino/models/sk_actor_liino_01.fbx##s_actor_liino_skill_01_lod2,,,,605188,69172,main/49b403b752248ee1da395fa9.ab,,
chr_0035_liino,liino,Girl,model_asset,,assets/beyond/arts/entity/actor/girl/liino/models/sk_actor_liino_01.fbx##s_actor_liino_skill_01_lod3,,,,312240,69172,main/49b403b752248ee1da395fa9.ab,,
chr_0035_liino,liino,Girl,model_asset,,assets/beyond/arts/entity/actor/girl/liino/models/sk_actor_liino_01.fbx##s_actor_liino_skill_02_lod0,,,,1243688,69172,main/49b403b752248ee1da395fa9.ab,,
chr_0035_liino,liino,Girl,model_asset,,assets/beyond/arts/entity/actor/girl/liino/models/sk_actor_liino_01.fbx##s_actor_liino_skill_02_lod1,,,,677120,69172,main/49b403b752248ee1da395fa9.ab,,
chr_0035_liino,liino,Girl,model_asset,,assets/beyond/arts/entity/actor/girl/liino/models/sk_actor_liino_01.fbx##s_actor_liino_skill_02_lod2,,,,356656,69172,main/49b403b752248ee1da395fa9.ab,,
chr_0035_liino,liino,Girl,model_asset,,assets/beyond/arts/entity/actor/girl/liino/models/sk_actor_liino_01.fbx##s_actor_liino_skill_02_lod3,,,,180956,69172,main/49b403b752248ee1da395fa9.ab,,
chr_0035_liino,liino,Girl,model_asset,,assets/beyond/arts/entity/actor/girl/liino/models/sk_actor_liino_01.fbx##s_actor_liino_vfxpart_01_lod0,,,,7026,69172,main/49b403b752248ee1da395fa9.ab,,
chr_0035_liino,liino,Girl,model_asset,,assets/beyond/arts/entity/actor/girl/liino/models/sk_actor_liino_01.fbx##s_actor_liino_vfxpart_01_lod1,,,,6162,69172,main/49b403b752248ee1da395fa9.ab,,
chr_0035_liino,liino,Girl,model_asset,,assets/beyond/arts/entity/actor/girl/liino/models/sk_actor_liino_01.fbx##s_actor_liino_vfxpart_01_lod2,,,,3346,69172,main/49b403b752248ee1da395fa9.ab,,
chr_0035_liino,liino,Girl,model_asset,,assets/beyond/arts/entity/actor/girl/liino/models/sk_actor_liino_01.fbx##s_actor_liino_vfxpart_01_lod3,,,,2898,69172,main/49b403b752248ee1da395fa9.ab,,
chr_0035_liino,liino,Girl,model_asset,,assets/beyond/arts/entity/actor/girl/liino/models/sk_actor_liino_01.fbx##s_actor_liino_vfxpart_02_lod0,,,,135146,69172,main/49b403b752248ee1da395fa9.ab,,
chr_0035_liino,liino,Girl,model_asset,,assets/beyond/arts/entity/actor/girl/liino/models/sk_actor_liino_01.fbx##s_actor_liino_vfxpart_02_lod1,,,,33370,69172,main/49b403b752248ee1da395fa9.ab,,
chr_0035_liino,liino,Girl,model_asset,,assets/beyond/arts/entity/actor/girl/liino/models/sk_actor_liino_01.fbx##s_actor_liino_vfxpart_02_lod2,,,,24446,69172,main/49b403b752248ee1da395fa9.ab,,
chr_0035_liino,liino,Girl,model_asset,,assets/beyond/arts/entity/actor/girl/liino/models/sk_actor_liino_01.fbx##s_actor_liino_vfxpart_02_lod3,,,,15314,69172,main/49b403b752248ee1da395fa9.ab,,
chr_0035_liino,liino,Girl,model_asset,,assets/beyond/arts/entity/actor/girl/liino/models/sk_actor_liino_01.fbx##s_actor_liino_vfxpart_03_lod0,,,,59974,69172,main/49b403b752248ee1da395fa9.ab,,
chr_0035_liino,liino,Girl,model_asset,,assets/beyond/arts/entity/actor/girl/liino/models/sk_actor_liino_01.fbx##s_actor_liino_vfxpart_03_lod1,,,,35762,69172,main/49b403b752248ee1da395fa9.ab,,
chr_0035_liino,liino,Girl,model_asset,,assets/beyond/arts/entity/actor/girl/liino/models/sk_actor_liino_01.fbx##s_actor_liino_vfxpart_03_lod2,,,,20890,69172,main/49b403b752248ee1da395fa9.ab,,
chr_0035_liino,liino,Girl,model_asset,,assets/beyond/arts/entity/actor/girl/liino/models/sk_actor_liino_01.fbx##s_actor_liino_vfxpart_03_lod3,,,,13642,69172,main/49b403b752248ee1da395fa9.ab,,
chr_0035_liino,liino,Girl,model_asset,,assets/beyond/arts/entity/actor/girl/liino/models/sk_actor_liino_01.fbx##s_actor_liino_vfxpart_04_lod0,,,,46334,69172,main/49b403b752248ee1da395fa9.ab,,
chr_0035_liino,liino,Girl,model_asset,,assets/beyond/arts/entity/actor/girl/liino/models/sk_actor_liino_01.fbx##s_actor_liino_vfxpart_04_lod1,,,,13398,69172,main/49b403b752248ee1da395fa9.ab,,
chr_0035_liino,liino,Girl,model_asset,,assets/beyond/arts/entity/actor/girl/liino/models/sk_actor_liino_01.fbx##s_actor_liino_vfxpart_04_lod2,,,,11538,69172,main/49b403b752248ee1da395fa9.ab,,
chr_0035_liino,liino,Girl,model_asset,,assets/beyond/arts/entity/actor/girl/liino/models/sk_actor_liino_01.fbx##s_actor_liino_vfxpart_04_lod3,,,,7610,69172,main/49b403b752248ee1da395fa9.ab,,
chr_0035_liino,liino,Girl,model_asset,,assets/beyond/arts/entity/actor/girl/liino/models/sk_actor_liino_01.fbx##s_actor_liino_vfxpart_05_lod0,,,,35110,69172,main/49b403b752248ee1da395fa9.ab,,
chr_0035_liino,liino,Girl,model_asset,,assets/beyond/arts/entity/actor/girl/liino/models/sk_actor_liino_01.fbx##s_actor_liino_vfxpart_05_lod1,,,,17590,69172,main/49b403b752248ee1da395fa9.ab,,
chr_0035_liino,liino,Girl,model_asset,,assets/beyond/arts/entity/actor/girl/liino/models/sk_actor_liino_01.fbx##s_actor_liino_vfxpart_05_lod2,,,,15030,69172,main/49b403b752248ee1da395fa9.ab,,
chr_0035_liino,liino,Girl,model_asset,,assets/beyond/arts/entity/actor/girl/liino/models/sk_actor_liino_01.fbx##s_actor_liino_vfxpart_05_lod3,,,,7342,69172,main/49b403b752248ee1da395fa9.ab,,
chr_0035_liino,liino,Girl,model_asset,,assets/beyond/arts/entity/actor/girl/liino/models/sk_actor_liino_01.fbx##sk_actor_liino_01avatar,,,,282909,69172,main/49b403b752248ee1da395fa9.ab,,
chr_0036_jsspsi,jsspsi,Girl,postmodel,chr_0036_jsspsi_postmodel,assets/beyond/dynamicassets/gameplay/actors/postmodels/characters/chr_0036_jsspsi_postmodel.prefab,assets/beyond/dynamicassets/gameplay/actors/postmodels/characters/chr_0036_jsspsi_postmodel.prefab,750258578023638001,0x0A697433A0C9E3F1,520,51402,main/367f5064fc08050749fa0c97.ab,169189643978559178,0x02591515B5044ECA
chr_0036_jsspsi,jsspsi,Girl,model_asset,,assets/beyond/arts/entity/actor/girl/jsspsi/models/s_actor_jsspsi_body_01_lod0.asset,,,,829800,186817,main/c8e9c3a9459b3bd4f160edbd.ab,,
chr_0036_jsspsi,jsspsi,Girl,model_asset,,assets/beyond/arts/entity/actor/girl/jsspsi/models/s_actor_jsspsi_cloth_01_lod0.asset,,,,3977965,222586,main/ef87ae209077bb071f00679e.ab,,
chr_0036_jsspsi,jsspsi,Girl,model_asset,,assets/beyond/arts/entity/actor/girl/jsspsi/models/s_actor_jsspsi_cloth_02_lod0.asset,,,,755029,2426,main/0187c1a9bde1e8f3e9db43a3.ab,,
chr_0036_jsspsi,jsspsi,Girl,model_asset,,assets/beyond/arts/entity/actor/girl/jsspsi/models/s_actor_jsspsi_cloth_03_lod0.asset,,,,74209,109678,main/757935f559948834e1a8731f.ab,,
chr_0036_jsspsi,jsspsi,Girl,model_asset,,assets/beyond/arts/entity/actor/girl/jsspsi/models/s_actor_jsspsi_cloth_04_lod0.asset,,,,21341,151376,main/a2b75fa96b7d612e395acbc5.ab,,
chr_0036_jsspsi,jsspsi,Girl,model_asset,,assets/beyond/arts/entity/actor/girl/jsspsi/models/s_actor_jsspsi_cloth_05_lod0.asset,,,,204913,46571,main/3148ce6d7d985d14260aa303.ab,,
chr_0036_jsspsi,jsspsi,Girl,model_asset,,assets/beyond/arts/entity/actor/girl/jsspsi/models/s_actor_jsspsi_cloth_06_lod0.asset,,,,149765,20452,main/1508687ccf52ea98de9077e2.ab,,
chr_0036_jsspsi,jsspsi,Girl,model_asset,,assets/beyond/arts/entity/actor/girl/jsspsi/models/s_actor_jsspsi_cloth_07_lod0.asset,,,,91917,50017,main/34fd40125b28a8b23cf6574f.ab,,
chr_0036_jsspsi,jsspsi,Girl,model_asset,,assets/beyond/arts/entity/actor/girl/jsspsi/models/s_actor_jsspsi_cloth_08_lod0.asset,,,,74957,118097,main/7e93314d16da76fb3cd15cc1.ab,,
chr_0036_jsspsi,jsspsi,Girl,model_asset,,assets/beyond/arts/entity/actor/girl/jsspsi/models/s_actor_jsspsi_cloth_09_lod0.asset,,,,29417,83989,main/59d747b1eda0346326f050af.ab,,
chr_0036_jsspsi,jsspsi,Girl,model_asset,,assets/beyond/arts/entity/actor/girl/jsspsi/models/s_actor_jsspsi_face_01_lod0.asset,,,,382632,107430,main/73196ecb21c64b6835067032.ab,,
chr_0036_jsspsi,jsspsi,Girl,model_asset,,assets/beyond/arts/entity/actor/girl/jsspsi/models/s_actor_jsspsi_hair_01_lod0.asset,,,,2440236,38957,main/291b02298f26b079b793c817.ab,,
chr_0036_jsspsi,jsspsi,Girl,model_asset,,assets/beyond/arts/entity/actor/girl/jsspsi/models/sk_actor_jsspsi_01.fbx,,,,0,147304,main/9e412ddfc434a71dcf834d6e.ab,,
chr_0036_jsspsi,jsspsi,Girl,model_asset,,assets/beyond/arts/entity/actor/girl/jsspsi/models/sk_actor_jsspsi_01.fbx,,,,0,147304,main/9e412ddfc434a71dcf834d6e.ab,,
chr_0036_jsspsi,jsspsi,Girl,model_asset,,assets/beyond/arts/entity/actor/girl/jsspsi/models/sk_actor_jsspsi_01.fbx,,,,0,147304,main/9e412ddfc434a71dcf834d6e.ab,,
chr_0036_jsspsi,jsspsi,Girl,model_asset,,assets/beyond/arts/entity/actor/girl/jsspsi/models/sk_actor_jsspsi_01.fbx,,,,0,147304,main/9e412ddfc434a71dcf834d6e.ab,,
chr_0036_jsspsi,jsspsi,Girl,model_asset,,assets/beyond/arts/entity/actor/girl/jsspsi/models/sk_actor_jsspsi_01.fbx,,,,0,147304,main/9e412ddfc434a71dcf834d6e.ab,,
chr_0036_jsspsi,jsspsi,Girl,model_asset,,assets/beyond/arts/entity/actor/girl/jsspsi/models/sk_actor_jsspsi_01.fbx,,,,0,147304,main/9e412ddfc434a71dcf834d6e.ab,,
chr_0036_jsspsi,jsspsi,Girl,model_asset,,assets/beyond/arts/entity/actor/girl/jsspsi/models/sk_actor_jsspsi_01.fbx,,,,0,147304,main/9e412ddfc434a71dcf834d6e.ab,,
chr_0036_jsspsi,jsspsi,Girl,model_asset,,assets/beyond/arts/entity/actor/girl/jsspsi/models/sk_actor_jsspsi_01.fbx,,,,0,147304,main/9e412ddfc434a71dcf834d6e.ab,,
chr_0036_jsspsi,jsspsi,Girl,model_asset,,assets/beyond/arts/entity/actor/girl/jsspsi/models/sk_actor_jsspsi_01.fbx,,,,0,147304,main/9e412ddfc434a71dcf834d6e.ab,,
chr_0036_jsspsi,jsspsi,Girl,model_asset,,assets/beyond/arts/entity/actor/girl/jsspsi/models/sk_actor_jsspsi_01.fbx,,,,0,147304,main/9e412ddfc434a71dcf834d6e.ab,,
chr_0036_jsspsi,jsspsi,Girl,model_asset,,assets/beyond/arts/entity/actor/girl/jsspsi/models/sk_actor_jsspsi_01.fbx,,,,0,147304,main/9e412ddfc434a71dcf834d6e.ab,,
chr_0036_jsspsi,jsspsi,Girl,model_asset,,assets/beyond/arts/entity/actor/girl/jsspsi/models/sk_actor_jsspsi_01.fbx,,,,0,147304,main/9e412ddfc434a71dcf834d6e.ab,,
chr_0036_jsspsi,jsspsi,Girl,model_asset,,assets/beyond/arts/entity/actor/girl/jsspsi/models/sk_actor_jsspsi_01.fbx,,,,0,147304,main/9e412ddfc434a71dcf834d6e.ab,,
chr_0036_jsspsi,jsspsi,Girl,model_asset,,assets/beyond/arts/entity/actor/girl/jsspsi/models/sk_actor_jsspsi_01.fbx,,,,0,147304,main/9e412ddfc434a71dcf834d6e.ab,,
chr_0036_jsspsi,jsspsi,Girl,model_asset,,assets/beyond/arts/entity/actor/girl/jsspsi/models/sk_actor_jsspsi_01.fbx,,,,0,147304,main/9e412ddfc434a71dcf834d6e.ab,,
chr_0036_jsspsi,jsspsi,Girl,model_asset,,assets/beyond/arts/entity/actor/girl/jsspsi/models/sk_actor_jsspsi_01.fbx,,,,0,147304,main/9e412ddfc434a71dcf834d6e.ab,,
chr_0036_jsspsi,jsspsi,Girl,model_asset,,assets/beyond/arts/entity/actor/girl/jsspsi/models/sk_actor_jsspsi_01.fbx,,,,0,147304,main/9e412ddfc434a71dcf834d6e.ab,,
chr_0036_jsspsi,jsspsi,Girl,model_asset,,assets/beyond/arts/entity/actor/girl/jsspsi/models/sk_actor_jsspsi_01.fbx,,,,0,147304,main/9e412ddfc434a71dcf834d6e.ab,,
chr_0036_jsspsi,jsspsi,Girl,model_asset,,assets/beyond/arts/entity/actor/girl/jsspsi/models/sk_actor_jsspsi_01.fbx,,,,0,147304,main/9e412ddfc434a71dcf834d6e.ab,,
chr_0036_jsspsi,jsspsi,Girl,model_asset,,assets/beyond/arts/entity/actor/girl/jsspsi/models/sk_actor_jsspsi_01.fbx,,,,0,147304,main/9e412ddfc434a71dcf834d6e.ab,,
chr_0036_jsspsi,jsspsi,Girl,model_asset,,assets/beyond/arts/entity/actor/girl/jsspsi/models/sk_actor_jsspsi_01.fbx,,,,0,147304,main/9e412ddfc434a71dcf834d6e.ab,,
chr_0036_jsspsi,jsspsi,Girl,model_asset,,assets/beyond/arts/entity/actor/girl/jsspsi/models/sk_actor_jsspsi_01.fbx,,,,0,147304,main/9e412ddfc434a71dcf834d6e.ab,,
chr_0036_jsspsi,jsspsi,Girl,model_asset,,assets/beyond/arts/entity/actor/girl/jsspsi/models/sk_actor_jsspsi_01.fbx,,,,0,147304,main/9e412ddfc434a71dcf834d6e.ab,,
chr_0036_jsspsi,jsspsi,Girl,model_asset,,assets/beyond/arts/entity/actor/girl/jsspsi/models/sk_actor_jsspsi_01.fbx,,,,0,147304,main/9e412ddfc434a71dcf834d6e.ab,,
chr_0036_jsspsi,jsspsi,Girl,model_asset,,assets/beyond/arts/entity/actor/girl/jsspsi/models/sk_actor_jsspsi_01.fbx,,,,0,147304,main/9e412ddfc434a71dcf834d6e.ab,,
chr_0036_jsspsi,jsspsi,Girl,model_asset,,assets/beyond/arts/entity/actor/girl/jsspsi/models/sk_actor_jsspsi_01.fbx,,,,0,147304,main/9e412ddfc434a71dcf834d6e.ab,,
chr_0036_jsspsi,jsspsi,Girl,model_asset,,assets/beyond/arts/entity/actor/girl/jsspsi/models/sk_actor_jsspsi_01.fbx,,,,0,147304,main/9e412ddfc434a71dcf834d6e.ab,,
chr_0036_jsspsi,jsspsi,Girl,model_asset,,assets/beyond/arts/entity/actor/girl/jsspsi/models/sk_actor_jsspsi_01.fbx,,,,0,147304,main/9e412ddfc434a71dcf834d6e.ab,,
chr_0036_jsspsi,jsspsi,Girl,model_asset,,assets/beyond/arts/entity/actor/girl/jsspsi/models/sk_actor_jsspsi_01.fbx,,,,0,147304,main/9e412ddfc434a71dcf834d6e.ab,,
chr_0036_jsspsi,jsspsi,Girl,model_asset,,assets/beyond/arts/entity/actor/girl/jsspsi/models/sk_actor_jsspsi_01.fbx,,,,0,147304,main/9e412ddfc434a71dcf834d6e.ab,,
chr_0036_jsspsi,jsspsi,Girl,model_asset,,assets/beyond/arts/entity/actor/girl/jsspsi/models/sk_actor_jsspsi_01.fbx,,,,0,147304,main/9e412ddfc434a71dcf834d6e.ab,,
chr_0036_jsspsi,jsspsi,Girl,model_asset,,assets/beyond/arts/entity/actor/girl/jsspsi/models/sk_actor_jsspsi_01.fbx,,,,0,147304,main/9e412ddfc434a71dcf834d6e.ab,,
chr_0036_jsspsi,jsspsi,Girl,model_asset,,assets/beyond/arts/entity/actor/girl/jsspsi/models/sk_actor_jsspsi_01.fbx,,,,0,147304,main/9e412ddfc434a71dcf834d6e.ab,,
chr_0036_jsspsi,jsspsi,Girl,model_asset,,assets/beyond/arts/entity/actor/girl/jsspsi/models/sk_actor_jsspsi_01.fbx,,,,0,147304,main/9e412ddfc434a71dcf834d6e.ab,,
chr_0036_jsspsi,jsspsi,Girl,model_asset,,assets/beyond/arts/entity/actor/girl/jsspsi/models/sk_actor_jsspsi_01.fbx,,,,0,147304,main/9e412ddfc434a71dcf834d6e.ab,,
chr_0036_jsspsi,jsspsi,Girl,model_asset,,assets/beyond/arts/entity/actor/girl/jsspsi/models/sk_actor_jsspsi_01.fbx,,,,0,147304,main/9e412ddfc434a71dcf834d6e.ab,,
chr_0036_jsspsi,jsspsi,Girl,model_asset,,assets/beyond/arts/entity/actor/girl/jsspsi/models/sk_actor_jsspsi_01.fbx,,,,0,147304,main/9e412ddfc434a71dcf834d6e.ab,,
chr_0036_jsspsi,jsspsi,Girl,model_asset,,assets/beyond/arts/entity/actor/girl/jsspsi/models/sk_actor_jsspsi_01.fbx,,,,0,147304,main/9e412ddfc434a71dcf834d6e.ab,,
chr_0036_jsspsi,jsspsi,Girl,model_asset,,assets/beyond/arts/entity/actor/girl/jsspsi/models/sk_actor_jsspsi_01.fbx,,,,0,147304,main/9e412ddfc434a71dcf834d6e.ab,,
chr_0036_jsspsi,jsspsi,Girl,model_asset,,assets/beyond/arts/entity/actor/girl/jsspsi/models/sk_actor_jsspsi_01.fbx,,,,0,147304,main/9e412ddfc434a71dcf834d6e.ab,,
chr_0036_jsspsi,jsspsi,Girl,model_asset,,assets/beyond/arts/entity/actor/girl/jsspsi/models/sk_actor_jsspsi_01.fbx,,,,0,147304,main/9e412ddfc434a71dcf834d6e.ab,,
chr_0036_jsspsi,jsspsi,Girl,model_asset,,assets/beyond/arts/entity/actor/girl/jsspsi/models/sk_actor_jsspsi_01.fbx,,,,0,147304,main/9e412ddfc434a71dcf834d6e.ab,,
chr_0036_jsspsi,jsspsi,Girl,model_asset,,assets/beyond/arts/entity/actor/girl/jsspsi/models/sk_actor_jsspsi_01.fbx,,,,0,147304,main/9e412ddfc434a71dcf834d6e.ab,,
chr_0036_jsspsi,jsspsi,Girl,model_asset,,assets/beyond/arts/entity/actor/girl/jsspsi/models/sk_actor_jsspsi_01.fbx,,,,0,147304,main/9e412ddfc434a71dcf834d6e.ab,,
chr_0036_jsspsi,jsspsi,Girl,model_asset,,assets/beyond/arts/entity/actor/girl/jsspsi/models/sk_actor_jsspsi_01.fbx,,,,0,147304,main/9e412ddfc434a71dcf834d6e.ab,,
chr_0036_jsspsi,jsspsi,Girl,model_asset,,assets/beyond/arts/entity/actor/girl/jsspsi/models/sk_actor_jsspsi_01.fbx,,,,0,147304,main/9e412ddfc434a71dcf834d6e.ab,,
chr_0036_jsspsi,jsspsi,Girl,model_asset,,assets/beyond/arts/entity/actor/girl/jsspsi/models/sk_actor_jsspsi_01.fbx,,,,0,147304,main/9e412ddfc434a71dcf834d6e.ab,,
chr_0036_jsspsi,jsspsi,Girl,model_asset,,assets/beyond/arts/entity/actor/girl/jsspsi/models/sk_actor_jsspsi_01.fbx,,,,0,147304,main/9e412ddfc434a71dcf834d6e.ab,,
chr_0036_jsspsi,jsspsi,Girl,model_asset,,assets/beyond/arts/entity/actor/girl/jsspsi/models/sk_actor_jsspsi_01.fbx,,,,0,147304,main/9e412ddfc434a71dcf834d6e.ab,,
chr_0036_jsspsi,jsspsi,Girl,model_asset,,assets/beyond/arts/entity/actor/girl/jsspsi/models/sk_actor_jsspsi_01.fbx,,,,0,147304,main/9e412ddfc434a71dcf834d6e.ab,,
chr_0036_jsspsi,jsspsi,Girl,model_asset,,assets/beyond/arts/entity/actor/girl/jsspsi/models/sk_actor_jsspsi_01.fbx,,,,0,147304,main/9e412ddfc434a71dcf834d6e.ab,,
chr_0036_jsspsi,jsspsi,Girl,model_asset,,assets/beyond/arts/entity/actor/girl/jsspsi/models/sk_actor_jsspsi_01.fbx,,,,0,147304,main/9e412ddfc434a71dcf834d6e.ab,,
chr_0036_jsspsi,jsspsi,Girl,model_asset,,assets/beyond/arts/entity/actor/girl/jsspsi/models/sk_actor_jsspsi_01.fbx,,,,0,147304,main/9e412ddfc434a71dcf834d6e.ab,,
chr_0036_jsspsi,jsspsi,Girl,model_asset,,assets/beyond/arts/entity/actor/girl/jsspsi/models/sk_actor_jsspsi_01.fbx,,,,0,147304,main/9e412ddfc434a71dcf834d6e.ab,,
chr_0036_jsspsi,jsspsi,Girl,model_asset,,assets/beyond/arts/entity/actor/girl/jsspsi/models/sk_actor_jsspsi_01.fbx,,,,0,147304,main/9e412ddfc434a71dcf834d6e.ab,,
chr_0036_jsspsi,jsspsi,Girl,model_asset,,assets/beyond/arts/entity/actor/girl/jsspsi/models/sk_actor_jsspsi_01.fbx,,,,0,147304,main/9e412ddfc434a71dcf834d6e.ab,,
chr_0036_jsspsi,jsspsi,Girl,model_asset,,assets/beyond/arts/entity/actor/girl/jsspsi/models/sk_actor_jsspsi_01.fbx,,,,0,147304,main/9e412ddfc434a71dcf834d6e.ab,,
chr_0036_jsspsi,jsspsi,Girl,model_asset,,assets/beyond/arts/entity/actor/girl/jsspsi/models/sk_actor_jsspsi_01.fbx,,,,0,147304,main/9e412ddfc434a71dcf834d6e.ab,,
chr_0036_jsspsi,jsspsi,Girl,model_asset,,assets/beyond/arts/entity/actor/girl/jsspsi/models/sk_actor_jsspsi_01.fbx,,,,0,147304,main/9e412ddfc434a71dcf834d6e.ab,,
chr_0036_jsspsi,jsspsi,Girl,model_asset,,assets/beyond/arts/entity/actor/girl/jsspsi/models/sk_actor_jsspsi_01.fbx,,,,0,147304,main/9e412ddfc434a71dcf834d6e.ab,,
chr_0036_jsspsi,jsspsi,Girl,model_asset,,assets/beyond/arts/entity/actor/girl/jsspsi/models/sk_actor_jsspsi_01.fbx,,,,0,147304,main/9e412ddfc434a71dcf834d6e.ab,,
chr_0036_jsspsi,jsspsi,Girl,model_asset,,assets/beyond/arts/entity/actor/girl/jsspsi/models/sk_actor_jsspsi_01.fbx,,,,0,147304,main/9e412ddfc434a71dcf834d6e.ab,,
chr_0036_jsspsi,jsspsi,Girl,model_asset,,assets/beyond/arts/entity/actor/girl/jsspsi/models/sk_actor_jsspsi_01.fbx,,,,0,147304,main/9e412ddfc434a71dcf834d6e.ab,,
chr_0036_jsspsi,jsspsi,Girl,model_asset,,assets/beyond/arts/entity/actor/girl/jsspsi/models/sk_actor_jsspsi_01.fbx,,,,0,147304,main/9e412ddfc434a71dcf834d6e.ab,,
chr_0036_jsspsi,jsspsi,Girl,model_asset,,assets/beyond/arts/entity/actor/girl/jsspsi/models/sk_actor_jsspsi_01.fbx,,,,0,147304,main/9e412ddfc434a71dcf834d6e.ab,,
chr_0036_jsspsi,jsspsi,Girl,model_asset,,assets/beyond/arts/entity/actor/girl/jsspsi/models/sk_actor_jsspsi_01.fbx,,,,0,147304,main/9e412ddfc434a71dcf834d6e.ab,,
chr_0036_jsspsi,jsspsi,Girl,model_asset,,assets/beyond/arts/entity/actor/girl/jsspsi/models/sk_actor_jsspsi_01.fbx,,,,0,147304,main/9e412ddfc434a71dcf834d6e.ab,,
chr_0036_jsspsi,jsspsi,Girl,model_asset,,assets/beyond/arts/entity/actor/girl/jsspsi/models/sk_actor_jsspsi_01.fbx,,,,0,147304,main/9e412ddfc434a71dcf834d6e.ab,,
chr_0036_jsspsi,jsspsi,Girl,model_asset,,assets/beyond/arts/entity/actor/girl/jsspsi/models/sk_actor_jsspsi_01.fbx,,,,0,147304,main/9e412ddfc434a71dcf834d6e.ab,,
chr_0036_jsspsi,jsspsi,Girl,model_asset,,assets/beyond/arts/entity/actor/girl/jsspsi/models/sk_actor_jsspsi_01.fbx##s_actor_jsspsi_body_01_lod0,,,,763160,147304,main/9e412ddfc434a71dcf834d6e.ab,,
chr_0036_jsspsi,jsspsi,Girl,model_asset,,assets/beyond/arts/entity/actor/girl/jsspsi/models/sk_actor_jsspsi_01.fbx##s_actor_jsspsi_body_01_lod1,,,,543112,147304,main/9e412ddfc434a71dcf834d6e.ab,,
chr_0036_jsspsi,jsspsi,Girl,model_asset,,assets/beyond/arts/entity/actor/girl/jsspsi/models/sk_actor_jsspsi_01.fbx##s_actor_jsspsi_body_01_lod2,,,,284080,147304,main/9e412ddfc434a71dcf834d6e.ab,,
chr_0036_jsspsi,jsspsi,Girl,model_asset,,assets/beyond/arts/entity/actor/girl/jsspsi/models/sk_actor_jsspsi_01.fbx##s_actor_jsspsi_body_01_lod3,,,,99792,147304,main/9e412ddfc434a71dcf834d6e.ab,,
chr_0036_jsspsi,jsspsi,Girl,model_asset,,assets/beyond/arts/entity/actor/girl/jsspsi/models/sk_actor_jsspsi_01.fbx##s_actor_jsspsi_brow_01_lod0,,,,991732,147304,main/9e412ddfc434a71dcf834d6e.ab,,
chr_0036_jsspsi,jsspsi,Girl,model_asset,,assets/beyond/arts/entity/actor/girl/jsspsi/models/sk_actor_jsspsi_01.fbx##s_actor_jsspsi_brow_01_lod1,,,,991732,147304,main/9e412ddfc434a71dcf834d6e.ab,,
chr_0036_jsspsi,jsspsi,Girl,model_asset,,assets/beyond/arts/entity/actor/girl/jsspsi/models/sk_actor_jsspsi_01.fbx##s_actor_jsspsi_brow_01_lod2,,,,77848,147304,main/9e412ddfc434a71dcf834d6e.ab,,
chr_0036_jsspsi,jsspsi,Girl,model_asset,,assets/beyond/arts/entity/actor/girl/jsspsi/models/sk_actor_jsspsi_01.fbx##s_actor_jsspsi_brow_01_lod3,,,,36488,147304,main/9e412ddfc434a71dcf834d6e.ab,,
chr_0036_jsspsi,jsspsi,Girl,model_asset,,assets/beyond/arts/entity/actor/girl/jsspsi/models/sk_actor_jsspsi_01.fbx##s_actor_jsspsi_cloth_01_lod0,,,,3639485,147304,main/9e412ddfc434a71dcf834d6e.ab,,
chr_0036_jsspsi,jsspsi,Girl,model_asset,,assets/beyond/arts/entity/actor/girl/jsspsi/models/sk_actor_jsspsi_01.fbx##s_actor_jsspsi_cloth_01_lod1,,,,2079097,147304,main/9e412ddfc434a71dcf834d6e.ab,,
chr_0036_jsspsi,jsspsi,Girl,model_asset,,assets/beyond/arts/entity/actor/girl/jsspsi/models/sk_actor_jsspsi_01.fbx##s_actor_jsspsi_cloth_01_lod2,,,,1014657,147304,main/9e412ddfc434a71dcf834d6e.ab,,
chr_0036_jsspsi,jsspsi,Girl,model_asset,,assets/beyond/arts/entity/actor/girl/jsspsi/models/sk_actor_jsspsi_01.fbx##s_actor_jsspsi_cloth_01_lod3,,,,498833,147304,main/9e412ddfc434a71dcf834d6e.ab,,
chr_0036_jsspsi,jsspsi,Girl,model_asset,,assets/beyond/arts/entity/actor/girl/jsspsi/models/sk_actor_jsspsi_01.fbx##s_actor_jsspsi_cloth_02_lod0,,,,697525,147304,main/9e412ddfc434a71dcf834d6e.ab,,
chr_0036_jsspsi,jsspsi,Girl,model_asset,,assets/beyond/arts/entity/actor/girl/jsspsi/models/sk_actor_jsspsi_01.fbx##s_actor_jsspsi_cloth_02_lod1,,,,379565,147304,main/9e412ddfc434a71dcf834d6e.ab,,
chr_0036_jsspsi,jsspsi,Girl,model_asset,,assets/beyond/arts/entity/actor/girl/jsspsi/models/sk_actor_jsspsi_01.fbx##s_actor_jsspsi_cloth_02_lod2,,,,194205,147304,main/9e412ddfc434a71dcf834d6e.ab,,
chr_0036_jsspsi,jsspsi,Girl,model_asset,,assets/beyond/arts/entity/actor/girl/jsspsi/models/sk_actor_jsspsi_01.fbx##s_actor_jsspsi_cloth_02_lod3,,,,85501,147304,main/9e412ddfc434a71dcf834d6e.ab,,
chr_0036_jsspsi,jsspsi,Girl,model_asset,,assets/beyond/arts/entity/actor/girl/jsspsi/models/sk_actor_jsspsi_01.fbx##s_actor_jsspsi_cloth_03_lod0,,,,68385,147304,main/9e412ddfc434a71dcf834d6e.ab,,
chr_0036_jsspsi,jsspsi,Girl,model_asset,,assets/beyond/arts/entity/actor/girl/jsspsi/models/sk_actor_jsspsi_01.fbx##s_actor_jsspsi_cloth_03_lod1,,,,52993,147304,main/9e412ddfc434a71dcf834d6e.ab,,
chr_0036_jsspsi,jsspsi,Girl,model_asset,,assets/beyond/arts/entity/actor/girl/jsspsi/models/sk_actor_jsspsi_01.fbx##s_actor_jsspsi_cloth_03_lod2,,,,28061,147304,main/9e412ddfc434a71dcf834d6e.ab,,
chr_0036_jsspsi,jsspsi,Girl,model_asset,,assets/beyond/arts/entity/actor/girl/jsspsi/models/sk_actor_jsspsi_01.fbx##s_actor_jsspsi_cloth_03_lod3,,,,19737,147304,main/9e412ddfc434a71dcf834d6e.ab,,
chr_0036_jsspsi,jsspsi,Girl,model_asset,,assets/beyond/arts/entity/actor/girl/jsspsi/models/sk_actor_jsspsi_01.fbx##s_actor_jsspsi_cloth_04_lod0,,,,20013,147304,main/9e412ddfc434a71dcf834d6e.ab,,
chr_0036_jsspsi,jsspsi,Girl,model_asset,,assets/beyond/arts/entity/actor/girl/jsspsi/models/sk_actor_jsspsi_01.fbx##s_actor_jsspsi_cloth_04_lod1,,,,22869,147304,main/9e412ddfc434a71dcf834d6e.ab,,
chr_0036_jsspsi,jsspsi,Girl,model_asset,,assets/beyond/arts/entity/actor/girl/jsspsi/models/sk_actor_jsspsi_01.fbx##s_actor_jsspsi_cloth_05_lod0,,,,189841,147304,main/9e412ddfc434a71dcf834d6e.ab,,
chr_0036_jsspsi,jsspsi,Girl,model_asset,,assets/beyond/arts/entity/actor/girl/jsspsi/models/sk_actor_jsspsi_01.fbx##s_actor_jsspsi_cloth_05_lod1,,,,72865,147304,main/9e412ddfc434a71dcf834d6e.ab,,
chr_0036_jsspsi,jsspsi,Girl,model_asset,,assets/beyond/arts/entity/actor/girl/jsspsi/models/sk_actor_jsspsi_01.fbx##s_actor_jsspsi_cloth_06_lod0,,,,135429,147304,main/9e412ddfc434a71dcf834d6e.ab,,
chr_0036_jsspsi,jsspsi,Girl,model_asset,,assets/beyond/arts/entity/actor/girl/jsspsi/models/sk_actor_jsspsi_01.fbx##s_actor_jsspsi_cloth_06_lod1,,,,73989,147304,main/9e412ddfc434a71dcf834d6e.ab,,
chr_0036_jsspsi,jsspsi,Girl,model_asset,,assets/beyond/arts/entity/actor/girl/jsspsi/models/sk_actor_jsspsi_01.fbx##s_actor_jsspsi_cloth_06_lod2,,,,72333,147304,main/9e412ddfc434a71dcf834d6e.ab,,
chr_0036_jsspsi,jsspsi,Girl,model_asset,,assets/beyond/arts/entity/actor/girl/jsspsi/models/sk_actor_jsspsi_01.fbx##s_actor_jsspsi_cloth_07_lod0,,,,85149,147304,main/9e412ddfc434a71dcf834d6e.ab,,
chr_0036_jsspsi,jsspsi,Girl,model_asset,,assets/beyond/arts/entity/actor/girl/jsspsi/models/sk_actor_jsspsi_01.fbx##s_actor_jsspsi_cloth_07_lod1,,,,45353,147304,main/9e412ddfc434a71dcf834d6e.ab,,
chr_0036_jsspsi,jsspsi,Girl,model_asset,,assets/beyond/arts/entity/actor/girl/jsspsi/models/sk_actor_jsspsi_01.fbx##s_actor_jsspsi_cloth_08_lod0,,,,69485,147304,main/9e412ddfc434a71dcf834d6e.ab,,
chr_0036_jsspsi,jsspsi,Girl,model_asset,,assets/beyond/arts/entity/actor/girl/jsspsi/models/sk_actor_jsspsi_01.fbx##s_actor_jsspsi_cloth_08_lod1,,,,38477,147304,main/9e412ddfc434a71dcf834d6e.ab,,
chr_0036_jsspsi,jsspsi,Girl,model_asset,,assets/beyond/arts/entity/actor/girl/jsspsi/models/sk_actor_jsspsi_01.fbx##s_actor_jsspsi_cloth_09_lod0,,,,26777,147304,main/9e412ddfc434a71dcf834d6e.ab,,
chr_0036_jsspsi,jsspsi,Girl,model_asset,,assets/beyond/arts/entity/actor/girl/jsspsi/models/sk_actor_jsspsi_01.fbx##s_actor_jsspsi_cloth_09_lod1,,,,14781,147304,main/9e412ddfc434a71dcf834d6e.ab,,
chr_0036_jsspsi,jsspsi,Girl,model_asset,,assets/beyond/arts/entity/actor/girl/jsspsi/models/sk_actor_jsspsi_01.fbx##s_actor_jsspsi_cloth_09_lod2,,,,14781,147304,main/9e412ddfc434a71dcf834d6e.ab,,
chr_0036_jsspsi,jsspsi,Girl,model_asset,,assets/beyond/arts/entity/actor/girl/jsspsi/models/sk_actor_jsspsi_01.fbx##s_actor_jsspsi_eyeshadow_01_lod0,,,,7721,147304,main/9e412ddfc434a71dcf834d6e.ab,,
chr_0036_jsspsi,jsspsi,Girl,model_asset,,assets/beyond/arts/entity/actor/girl/jsspsi/models/sk_actor_jsspsi_01.fbx##s_actor_jsspsi_eyeshadow_01_lod1,,,,7721,147304,main/9e412ddfc434a71dcf834d6e.ab,,
chr_0036_jsspsi,jsspsi,Girl,model_asset,,assets/beyond/arts/entity/actor/girl/jsspsi/models/sk_actor_jsspsi_01.fbx##s_actor_jsspsi_face_01_lod0,,,,352072,147304,main/9e412ddfc434a71dcf834d6e.ab,,
chr_0036_jsspsi,jsspsi,Girl,model_asset,,assets/beyond/arts/entity/actor/girl/jsspsi/models/sk_actor_jsspsi_01.fbx##s_actor_jsspsi_face_01_lod1,,,,352072,147304,main/9e412ddfc434a71dcf834d6e.ab,,
chr_0036_jsspsi,jsspsi,Girl,model_asset,,assets/beyond/arts/entity/actor/girl/jsspsi/models/sk_actor_jsspsi_01.fbx##s_actor_jsspsi_face_01_lod2,,,,126972,147304,main/9e412ddfc434a71dcf834d6e.ab,,
chr_0036_jsspsi,jsspsi,Girl,model_asset,,assets/beyond/arts/entity/actor/girl/jsspsi/models/sk_actor_jsspsi_01.fbx##s_actor_jsspsi_face_01_lod3,,,,38576,147304,main/9e412ddfc434a71dcf834d6e.ab,,
chr_0036_jsspsi,jsspsi,Girl,model_asset,,assets/beyond/arts/entity/actor/girl/jsspsi/models/sk_actor_jsspsi_01.fbx##s_actor_jsspsi_hair_01_lod0,,,,2234284,147304,main/9e412ddfc434a71dcf834d6e.ab,,
chr_0036_jsspsi,jsspsi,Girl,model_asset,,assets/beyond/arts/entity/actor/girl/jsspsi/models/sk_actor_jsspsi_01.fbx##s_actor_jsspsi_hair_01_lod1,,,,1125616,147304,main/9e412ddfc434a71dcf834d6e.ab,,
chr_0036_jsspsi,jsspsi,Girl,model_asset,,assets/beyond/arts/entity/actor/girl/jsspsi/models/sk_actor_jsspsi_01.fbx##s_actor_jsspsi_hair_01_lod2,,,,572372,147304,main/9e412ddfc434a71dcf834d6e.ab,,
chr_0036_jsspsi,jsspsi,Girl,model_asset,,assets/beyond/arts/entity/actor/girl/jsspsi/models/sk_actor_jsspsi_01.fbx##s_actor_jsspsi_hair_01_lod3,,,,235900,147304,main/9e412ddfc434a71dcf834d6e.ab,,
chr_0036_jsspsi,jsspsi,Girl,model_asset,,assets/beyond/arts/entity/actor/girl/jsspsi/models/sk_actor_jsspsi_01.fbx##s_actor_jsspsi_hairshadow_01_lod0,,,,41658,147304,main/9e412ddfc434a71dcf834d6e.ab,,
chr_0036_jsspsi,jsspsi,Girl,model_asset,,assets/beyond/arts/entity/actor/girl/jsspsi/models/sk_actor_jsspsi_01.fbx##s_actor_jsspsi_hairshadow_01_lod1,,,,29850,147304,main/9e412ddfc434a71dcf834d6e.ab,,
chr_0036_jsspsi,jsspsi,Girl,model_asset,,assets/beyond/arts/entity/actor/girl/jsspsi/models/sk_actor_jsspsi_01.fbx##s_actor_jsspsi_iris_01_lod0,,,,32492,147304,main/9e412ddfc434a71dcf834d6e.ab,,
chr_0036_jsspsi,jsspsi,Girl,model_asset,,assets/beyond/arts/entity/actor/girl/jsspsi/models/sk_actor_jsspsi_01.fbx##s_actor_jsspsi_iris_01_lod1,,,,32492,147304,main/9e412ddfc434a71dcf834d6e.ab,,
chr_0036_jsspsi,jsspsi,Girl,model_asset,,assets/beyond/arts/entity/actor/girl/jsspsi/models/sk_actor_jsspsi_01.fbx##s_actor_jsspsi_iris_01_lod2,,,,11444,147304,main/9e412ddfc434a71dcf834d6e.ab,,
chr_0036_jsspsi,jsspsi,Girl,model_asset,,assets/beyond/arts/entity/actor/girl/jsspsi/models/sk_actor_jsspsi_01.fbx##s_actor_jsspsi_iris_01_lod3,,,,8236,147304,main/9e412ddfc434a71dcf834d6e.ab,,
chr_0036_jsspsi,jsspsi,Girl,model_asset,,assets/beyond/arts/entity/actor/girl/jsspsi/models/sk_actor_jsspsi_01.fbx##s_actor_jsspsi_vfxpart_01_lod0,,,,135431,147304,main/9e412ddfc434a71dcf834d6e.ab,,
chr_0036_jsspsi,jsspsi,Girl,model_asset,,assets/beyond/arts/entity/actor/girl/jsspsi/models/sk_actor_jsspsi_01.fbx##s_actor_jsspsi_vfxpart_01_lod1,,,,73991,147304,main/9e412ddfc434a71dcf834d6e.ab,,
chr_0036_jsspsi,jsspsi,Girl,model_asset,,assets/beyond/arts/entity/actor/girl/jsspsi/models/sk_actor_jsspsi_01.fbx##s_actor_jsspsi_vfxpart_01_lod2,,,,72335,147304,main/9e412ddfc434a71dcf834d6e.ab,,
chr_0036_jsspsi,jsspsi,Girl,model_asset,,assets/beyond/arts/entity/actor/girl/jsspsi/models/sk_actor_jsspsi_01.fbx##s_actor_jsspsi_vfxpart_02_lod0,,,,26779,147304,main/9e412ddfc434a71dcf834d6e.ab,,
chr_0036_jsspsi,jsspsi,Girl,model_asset,,assets/beyond/arts/entity/actor/girl/jsspsi/models/sk_actor_jsspsi_01.fbx##s_actor_jsspsi_vfxpart_02_lod1,,,,14783,147304,main/9e412ddfc434a71dcf834d6e.ab,,
chr_0036_jsspsi,jsspsi,Girl,model_asset,,assets/beyond/arts/entity/actor/girl/jsspsi/models/sk_actor_jsspsi_01.fbx##s_actor_jsspsi_vfxpart_02_lod2,,,,14783,147304,main/9e412ddfc434a71dcf834d6e.ab,,
chr_0036_jsspsi,jsspsi,Girl,model_asset,,assets/beyond/arts/entity/actor/girl/jsspsi/models/sk_actor_jsspsi_01.fbx##s_actor_jsspsi_vfxpart_03_lod0,,,,189843,147304,main/9e412ddfc434a71dcf834d6e.ab,,
chr_0036_jsspsi,jsspsi,Girl,model_asset,,assets/beyond/arts/entity/actor/girl/jsspsi/models/sk_actor_jsspsi_01.fbx##s_actor_jsspsi_vfxpart_03_lod1,,,,72867,147304,main/9e412ddfc434a71dcf834d6e.ab,,
chr_0036_jsspsi,jsspsi,Girl,model_asset,,assets/beyond/arts/entity/actor/girl/jsspsi/models/sk_actor_jsspsi_01.fbx##s_actor_jsspsi_vfxpart_04_lod0,,,,69487,147304,main/9e412ddfc434a71dcf834d6e.ab,,
chr_0036_jsspsi,jsspsi,Girl,model_asset,,assets/beyond/arts/entity/actor/girl/jsspsi/models/sk_actor_jsspsi_01.fbx##s_actor_jsspsi_vfxpart_04_lod1,,,,38479,147304,main/9e412ddfc434a71dcf834d6e.ab,,
chr_0036_jsspsi,jsspsi,Girl,model_asset,,assets/beyond/arts/entity/actor/girl/jsspsi/models/sk_actor_jsspsi_01.fbx##s_actor_jsspsi_vfxpart_05_lod0,,,,42643,147304,main/9e412ddfc434a71dcf834d6e.ab,,
chr_0036_jsspsi,jsspsi,Girl,model_asset,,assets/beyond/arts/entity/actor/girl/jsspsi/models/sk_actor_jsspsi_01.fbx##s_actor_jsspsi_vfxpart_05_lod1,,,,28851,147304,main/9e412ddfc434a71dcf834d6e.ab,,
chr_0036_jsspsi,jsspsi,Girl,model_asset,,assets/beyond/arts/entity/actor/girl/jsspsi/models/sk_actor_jsspsi_01.fbx##s_actor_jsspsi_vfxpart_05_lod2,,,,12523,147304,main/9e412ddfc434a71dcf834d6e.ab,,
chr_0036_jsspsi,jsspsi,Girl,model_asset,,assets/beyond/arts/entity/actor/girl/jsspsi/models/sk_actor_jsspsi_01.fbx##s_actor_jsspsi_vfxpart_06_lod0,,,,22255,147304,main/9e412ddfc434a71dcf834d6e.ab,,
chr_0036_jsspsi,jsspsi,Girl,model_asset,,assets/beyond/arts/entity/actor/girl/jsspsi/models/sk_actor_jsspsi_01.fbx##s_actor_jsspsi_vfxpart_06_lod1,,,,17535,147304,main/9e412ddfc434a71dcf834d6e.ab,,
chr_0036_jsspsi,jsspsi,Girl,model_asset,,assets/beyond/arts/entity/actor/girl/jsspsi/models/sk_actor_jsspsi_01.fbx##s_actor_jsspsi_vfxpart_06_lod2,,,,11295,147304,main/9e412ddfc434a71dcf834d6e.ab,,
chr_0036_jsspsi,jsspsi,Girl,model_asset,,assets/beyond/arts/entity/actor/girl/jsspsi/models/sk_actor_jsspsi_01.fbx##s_actor_jsspsi_vfxpart_07_lod0,,,,64083,147304,main/9e412ddfc434a71dcf834d6e.ab,,
chr_0036_jsspsi,jsspsi,Girl,model_asset,,assets/beyond/arts/entity/actor/girl/jsspsi/models/sk_actor_jsspsi_01.fbx##s_actor_jsspsi_vfxpart_07_lod1,,,,54383,147304,main/9e412ddfc434a71dcf834d6e.ab,,
chr_0036_jsspsi,jsspsi,Girl,model_asset,,assets/beyond/arts/entity/actor/girl/jsspsi/models/sk_actor_jsspsi_01.fbx##sk_actor_jsspsi_01avatar,,,,285484,147304,main/9e412ddfc434a71dcf834d6e.ab,,
